t,pwm,gx,gy,gz
0.0004971250000380678,1498.0,0.001953125,0.00390625,0.0
0.013583202000063466,1496.0,0.001953125,0.00390625,0.0
0.014678440000125192,1494.0,0.001953125,0.00390625,0.0
0.0156790240000646,1492.0,0.001953125,0.00390625,0.0
0.020424445000116975,1490.0,0.00390625,0.0,0.0
0.02534773000002133,1488.0,0.00390625,0.0,0.0
0.030232382000122016,1486.0,0.00390625,0.0,0.0
0.035193187999993825,1484.0,0.00390625,0.0,0.0
0.04022890600003848,1482.0,0.00390625,0.0,0.0
0.04519678599990584,1480.0,0.00390625,0.0,0.0
0.05020042799992552,1478.0,0.00390625,0.0,0.0
0.05524448000005577,1476.0,0.00390625,0.0,0.0
0.06015128200010622,1474.0,0.00390625,0.0,0.0
0.0650960309999391,1472.0,0.00390625,0.0,0.0
0.07012304399995628,1470.0,0.001953125,-0.001953125,0.00390625
0.07510036999997283,1468.0,0.001953125,-0.001953125,0.00390625
0.08008688099994288,1466.0,0.001953125,-0.001953125,0.00390625
0.08508559599999899,1464.0,0.001953125,-0.001953125,0.00390625
0.09009392300004038,1462.0,0.001953125,-0.001953125,0.00390625
0.0950949909999963,1460.0,0.001953125,-0.001953125,0.00390625
0.10017148900010397,1458.0,0.001953125,-0.001953125,0.00390625
0.10509690399999272,1456.0,0.001953125,-0.001953125,0.00390625
0.11009458200010158,1454.0,0.001953125,-0.001953125,0.00390625
0.11508683400006703,1452.0,0.001953125,-0.001953125,0.00390625
0.12008530899993275,1450.0,0.00390625,-0.001953125,0.0
0.125088617000074,1448.0,0.00390625,-0.001953125,0.0
0.1300920920000408,1446.0,0.00390625,-0.001953125,0.0
0.13508793699998023,1444.0,0.00390625,-0.001953125,0.0
0.14008617100012088,1442.0,0.00390625,-0.001953125,0.0
0.14508460899992315,1440.0,0.00390625,-0.001953125,0.0
0.1500867140000537,1438.0,0.00390625,-0.001953125,0.0
0.15508426199994574,1436.0,0.00390625,-0.001953125,0.0
0.1600863850001133,1434.0,0.00390625,-0.001953125,0.0
0.16508599000007962,1432.0,0.00390625,-0.001953125,0.0
0.17008505700005117,1430.0,0.00390625,0.0,-0.001953125
0.17509999599997172,1428.0,0.00390625,0.0,-0.001953125
0.18009100700010094,1426.0,0.00390625,0.0,-0.001953125
0.18509001899997202,1424.0,0.00390625,0.0,-0.001953125
0.19008810500008622,1422.0,0.00390625,0.0,-0.001953125
0.195088190999968,1420.0,0.00390625,0.0,-0.001953125
0.20008457299991278,1418.0,0.00390625,0.0,-0.001953125
0.2050845290000325,1416.0,0.00390625,0.0,-0.001953125
0.2100895969999783,1414.0,0.00390625,0.0,-0.001953125
0.21508577500003412,1412.0,0.00390625,0.0,-0.001953125
0.22009413999990102,1410.0,0.0,-0.001953125,0.0
0.2250920030000998,1408.0,0.0,-0.001953125,0.0
0.23008816300011858,1406.0,0.0,-0.001953125,0.0
0.23508871200010617,1404.0,0.0,-0.001953125,0.0
0.24011928100003388,1402.0,0.0,-0.001953125,0.0
0.24508766200005994,1400.0,0.0,-0.001953125,0.0
0.2500858220000737,1400.0,0.0,-0.001953125,0.0
0.2550886670001091,1400.0,0.0,-0.001953125,0.0
0.26008727099997486,1400.0,0.0,-0.001953125,0.0
0.26508815400006824,1400.0,0.0,-0.001953125,0.0
0.27008409099994424,1400.0,0.001953125,0.0,0.0
0.27508915900011743,1400.0,0.001953125,0.0,0.0
0.2800875039999937,1400.0,0.001953125,0.0,0.0
0.2850869789999706,1400.0,0.001953125,0.0,0.0
0.2900865460001114,1400.0,0.001953125,0.0,0.0
0.2950842249999823,1400.0,0.001953125,0.0,0.0
0.3000835880000068,1400.0,0.001953125,0.0,0.0
0.30508648899990476,1400.0,0.001953125,0.0,0.0
0.31008613099993454,1400.0,0.001953125,0.0,0.0
0.31508395700006986,1400.0,0.001953125,0.0,0.0
0.3200844140001209,1400.0,0.001953125,0.0,0.0
0.325088740999945,1400.0,0.001953125,0.0,0.0
0.33008808599993245,1400.0,0.001953125,0.0,0.0
0.33508476399993015,1400.0,0.001953125,0.0,0.0
0.3402684180000506,1400.0,0.001953125,0.0,0.0
0.3452137040001162,1400.0,0.001953125,0.0,0.0
0.3501062269999693,1400.0,0.001953125,0.0,0.0
0.3551887070000248,1400.0,0.001953125,0.0,0.0
0.3601842929999748,1400.0,0.001953125,0.0,0.0
0.3651332459999139,1400.0,0.001953125,0.0,0.0
0.37014598099995055,1400.0,-0.001953125,0.00390625,-0.001953125
0.3752073119999295,1400.0,-0.001953125,0.00390625,-0.001953125
0.38011207699992156,1400.0,-0.001953125,0.00390625,-0.001953125
0.38509395799997037,1400.0,-0.001953125,0.00390625,-0.001953125
0.3900944700001219,1400.0,-0.001953125,0.00390625,-0.001953125
0.39508861100011927,1400.0,-0.001953125,0.00390625,-0.001953125
0.4001317550000749,1400.0,-0.001953125,0.00390625,-0.001953125
0.4052400890000172,1400.0,-0.001953125,0.00390625,-0.001953125
0.4102503050000905,1400.0,-0.001953125,0.00390625,-0.001953125
0.41510291899999174,1400.0,-0.001953125,0.00390625,-0.001953125
0.4200889480000569,1400.0,0.00390625,0.0,0.00390625
0.42519028099991374,1400.0,0.00390625,0.0,0.00390625
0.43010200999992776,1400.0,0.00390625,0.0,0.00390625
0.43508783500010395,1400.0,0.00390625,0.0,0.00390625
0.4401484069999242,1400.0,0.00390625,0.0,0.00390625
0.44510811999998623,1400.0,0.00390625,0.0,0.00390625
0.45016167199992196,1400.0,0.00390625,0.0,0.00390625
0.455103587999929,1400.0,0.00390625,0.0,0.00390625
0.4600899510001,1400.0,0.00390625,0.0,0.00390625
0.4650915919999079,1400.0,0.00390625,0.0,0.00390625
0.4700892890000432,1400.0,0.001953125,0.0,0.0
0.47509661599997344,1400.0,0.001953125,0.0,0.0
0.4800858870000866,1400.0,0.001953125,0.0,0.0
0.4850845840001057,1400.0,0.001953125,0.0,0.0
0.4900835400001142,1400.0,0.001953125,0.0,0.0
0.49508753400004935,1400.0,0.001953125,0.0,0.0
0.5001164360000985,1400.0,0.001953125,0.0,0.0
0.5050946690000728,1400.0,0.001953125,0.0,0.0
0.5101032929999292,1400.0,0.001953125,0.0,0.0
0.5151242130000355,1400.0,0.001953125,0.0,0.0
0.5201045199999044,1400.0,-0.001953125,0.0,-0.001953125
0.5250967350000337,1400.0,-0.001953125,0.0,-0.001953125
0.5300948770000105,1400.0,-0.001953125,0.0,-0.001953125
0.5350891840000713,1400.0,-0.001953125,0.0,-0.001953125
0.540087215000085,1400.0,-0.001953125,0.0,-0.001953125
0.5450875040000938,1400.0,-0.001953125,0.0,-0.001953125
0.5500875350001024,1400.0,-0.001953125,0.0,-0.001953125
0.5550847869999416,1400.0,-0.001953125,0.0,-0.001953125
0.5600846510001247,1400.0,-0.001953125,0.0,-0.001953125
0.5650844040001175,1400.0,-0.001953125,0.0,-0.001953125
0.5701368259999526,1400.0,0.00390625,0.0,0.0
0.5750974279999355,1400.0,0.00390625,0.0,0.0
0.5800874950000434,1400.0,0.00390625,0.0,0.0
0.5850860250000096,1400.0,0.00390625,0.0,0.0
0.590088612000045,1400.0,0.00390625,0.0,0.0
0.5950876599999901,1400.0,0.00390625,0.0,0.0
0.6000849130000461,1400.0,0.00390625,0.0,0.0
0.6050828879999699,1400.0,0.00390625,0.0,0.0
0.6100842329999523,1400.0,0.00390625,0.0,0.0
0.6150858190001145,1400.0,0.00390625,0.0,0.0
0.620083367999996,1400.0,0.001953125,-0.001953125,0.001953125
0.6250885839999683,1400.0,0.001953125,-0.001953125,0.001953125
0.6301088560001062,1400.0,0.001953125,-0.001953125,0.001953125
0.6350855700000011,1400.0,0.001953125,-0.001953125,0.001953125
0.6401141399999233,1400.0,0.001953125,-0.001953125,0.001953125
0.6450898719999714,1400.0,0.001953125,-0.001953125,0.001953125
0.650086199000043,1400.0,0.001953125,-0.001953125,0.001953125
0.655085692000057,1400.0,0.001953125,-0.001953125,0.001953125
0.6600852779999968,1400.0,0.001953125,-0.001953125,0.001953125
0.6650855119999051,1400.0,0.001953125,-0.001953125,0.001953125
0.6701082659999429,1400.0,0.0,0.00390625,0.001953125
0.6750921289999496,1400.0,0.0,0.00390625,0.001953125
0.680085937000058,1400.0,0.0,0.00390625,0.001953125
0.6850856710000244,1400.0,0.0,0.00390625,0.001953125
0.6900852569999643,1400.0,0.0,0.00390625,0.001953125
0.6950837500000944,1400.0,0.0,0.00390625,0.001953125
0.7000840210000661,1400.0,0.0,0.00390625,0.001953125
0.7050852370000484,1400.0,0.0,0.00390625,0.001953125
0.7100838230001045,1400.0,0.0,0.00390625,0.001953125
0.7150837419999334,1400.0,0.0,0.00390625,0.001953125
0.7200834390000637,1400.0,0.0,0.0,0.001953125
0.7250863030001256,1400.0,0.0,0.0,0.001953125
0.7300842590000229,1400.0,0.0,0.0,0.001953125
0.7350834750000104,1400.0,0.0,0.0,0.001953125
0.7401134520000596,1400.0,0.0,0.0,0.001953125
0.7450930180000341,1400.0,0.0,0.0,0.001953125
0.7500858999999309,1400.0,0.0,0.0,0.001953125
0.7550850600000558,1400.0,0.0,0.0,0.001953125
0.760085497000091,1400.0,0.0,0.0,0.001953125
0.7650842870000361,1400.0,0.0,0.0,0.001953125
0.7700833359999706,1400.0,0.0,0.0,0.00390625
0.7750874779999322,1400.0,0.0,0.0,0.00390625
0.7800840079999034,1400.0,0.0,0.0,0.00390625
0.7850845380000919,1400.0,0.0,0.0,0.00390625
0.7900847910000266,1400.0,0.0,0.0,0.00390625
0.7950830990000668,1400.0,0.0,0.0,0.00390625
0.8000822589999643,1400.0,0.0,0.0,0.00390625
0.8050826040000629,1400.0,0.0,0.0,0.00390625
0.8100833759999659,1400.0,0.0,0.0,0.00390625
0.8150832759999957,1400.0,0.0,0.0,0.00390625
0.8200827329999356,1400.0,0.001953125,0.0,0.0
0.8250856710001244,1400.0,0.001953125,0.0,0.0
0.8300858309999057,1400.0,0.001953125,0.0,0.0
0.8350829349999458,1400.0,0.001953125,0.0,0.0
0.8401588960000481,1400.0,0.001953125,0.0,0.0
0.8450945520000914,1400.0,0.001953125,0.0,0.0
0.8500873230000252,1400.0,0.001953125,0.0,0.0
0.8550870009999016,1400.0,0.001953125,0.0,0.0
0.8600842719999946,1400.0,0.001953125,0.0,0.0
0.8650842659999398,1400.0,0.001953125,0.0,0.0
0.8700852409999698,1400.0,-0.00390625,0.0,-0.001953125
0.8751079950000076,1400.0,-0.00390625,0.0,-0.001953125
0.8801075809999475,1400.0,-0.00390625,0.0,-0.001953125
0.8850864430000911,1400.0,-0.00390625,0.0,-0.001953125
0.8900856959999146,1400.0,-0.00390625,0.0,-0.001953125
0.8950843739999073,1400.0,-0.00390625,0.0,-0.001953125
0.9001080909999928,1400.0,-0.00390625,0.0,-0.001953125
0.9050906580000628,1400.0,-0.00390625,0.0,-0.001953125
0.9100864839999758,1400.0,-0.00390625,0.0,-0.001953125
0.9150843850000001,1400.0,-0.00390625,0.0,-0.001953125
0.9200831370001197,1400.0,-0.001953125,0.0,0.0
0.9250862609999331,1400.0,-0.001953125,0.0,0.0
0.9300948840000274,1400.0,-0.001953125,0.0,0.0
0.9350881729999401,1400.0,-0.001953125,0.0,0.0
0.940084054999943,1400.0,-0.001953125,0.0,0.0
0.9450829009999779,1400.0,-0.001953125,0.0,0.0
0.9500835419999021,1400.0,-0.001953125,0.0,0.0
0.9550849620000008,1400.0,-0.001953125,0.0,0.0
0.9600839180000094,1400.0,-0.001953125,0.0,0.0
0.9650889669999287,1400.0,-0.001953125,0.0,0.0
0.9701323340000272,1400.0,0.00390625,0.0,-0.001953125
0.9750944540001001,1400.0,0.00390625,0.0,-0.001953125
0.9800880770001186,1400.0,0.00390625,0.0,-0.001953125
0.9850855520001005,1400.0,0.00390625,0.0,-0.001953125
0.9900838599999133,1400.0,0.00390625,0.0,-0.001953125
0.9950827970001228,1400.0,0.00390625,0.0,-0.001953125
1.000233986000012,1400.0,0.00390625,0.0,-0.001953125
1.0052727970000888,1400.0,0.00390625,0.0,-0.001953125
1.010297514000058,1400.0,0.00390625,0.0,-0.001953125
1.015248763000045,1400.0,0.00390625,0.0,-0.001953125
1.0202239029999873,1400.0,-0.001953125,-0.001953125,0.0
1.0252804189999551,1400.0,-0.001953125,-0.001953125,0.0
1.0305419110000003,1400.0,-0.001953125,-0.001953125,0.0
1.035421692,1400.0,-0.001953125,-0.001953125,0.0
1.0403565890001119,1400.0,-0.001953125,-0.001953125,0.0
1.0452867260000858,1400.0,-0.001953125,-0.001953125,0.0
1.0502555880000273,1400.0,-0.001953125,-0.001953125,0.0
1.0551066269999865,1400.0,-0.001953125,-0.001953125,0.0
1.060092675000078,1400.0,-0.001953125,-0.001953125,0.0
1.0651160590000472,1400.0,-0.001953125,-0.001953125,0.0
1.0701352389999101,1400.0,0.0,-0.001953125,0.0
1.0751182310000331,1400.0,0.0,-0.001953125,0.0
1.0800905000000967,1400.0,0.0,-0.001953125,0.0
1.0850891970001157,1400.0,0.0,-0.001953125,0.0
1.0900964869999825,1400.0,0.0,-0.001953125,0.0
1.0950976659999014,1400.0,0.0,-0.001953125,0.0
1.1001021409999794,1400.0,0.0,-0.001953125,0.0
1.1050871889999598,1400.0,0.0,-0.001953125,0.0
1.1101923559999705,1400.0,0.0,-0.001953125,0.0
1.1150978620000842,1400.0,0.0,-0.001953125,0.0
1.1200864100001127,1400.0,0.0,0.0,0.0
1.125093070000048,1400.0,0.0,0.0,0.0
1.1300965460000043,1400.0,0.0,0.0,0.0
1.1351139660000626,1400.0,0.0,0.0,0.0
1.1400847540000996,1400.0,0.0,0.0,0.0
1.145084709999992,1400.0,0.0,0.0,0.0
1.150087221999911,1400.0,0.0,0.0,0.0
1.1550887159999093,1400.0,0.0,0.0,0.0
1.1600854680000339,1400.0,0.0,0.0,0.0
1.1650857390000056,1400.0,0.0,0.0,0.0
1.1700839550001092,1400.0,0.0,0.0,0.001953125
1.175089244999981,1400.0,0.0,0.0,0.001953125
1.1800869230000899,1400.0,0.0,0.0,0.001953125
1.1850848240001142,1400.0,0.0,0.0,0.001953125
1.1900934660000075,1400.0,0.0,0.0,0.001953125
1.19508560700001,1400.0,0.0,0.0,0.001953125
1.2000839709999127,1400.0,0.0,0.0,0.001953125
1.2050840940000853,1400.0,0.0,0.0,0.001953125
1.210083976000078,1400.0,0.0,0.0,0.001953125
1.2150846730000922,1400.0,0.0,0.0,0.001953125
1.2200871110001117,1400.0,0.005859375,0.0,0.001953125
1.2250969940000687,1400.0,0.005859375,0.0,0.001953125
1.2300883570001133,1400.0,0.005859375,0.0,0.001953125
1.2351279270001214,1400.0,0.005859375,0.0,0.001953125
1.2401662750000924,1400.0,0.005859375,0.0,0.001953125
1.245103411999935,1400.0,0.005859375,0.0,0.001953125
1.2500932749999265,1400.0,0.005859375,0.0,0.001953125
1.2550893239999823,1400.0,0.005859375,0.0,0.001953125
1.2600871879999431,1400.0,0.005859375,0.0,0.001953125
1.2650843849999092,1400.0,0.005859375,0.0,0.001953125
1.270101656999941,1400.0,0.001953125,0.001953125,0.0
1.2750929090000227,1400.0,0.001953125,0.001953125,0.0
1.280084049999914,1400.0,0.001953125,0.001953125,0.0
1.2850877840000976,1400.0,0.001953125,0.001953125,0.0
1.2900897039999109,1400.0,0.001953125,0.001953125,0.0
1.295086400999935,1400.0,0.001953125,0.001953125,0.0
1.3000845230001232,1400.0,0.001953125,0.001953125,0.0
1.3050856840000051,1400.0,0.001953125,0.001953125,0.0
1.3100840659999449,1400.0,0.001953125,0.001953125,0.0
1.3151107829999091,1400.0,0.001953125,0.001953125,0.0
1.320106517000113,1400.0,0.001953125,0.0,0.001953125
1.3250960840000516,1400.0,0.001953125,0.0,0.001953125
1.3300880019999113,1400.0,0.001953125,0.0,0.001953125
1.3350850700001047,1400.0,0.001953125,0.0,0.001953125
1.3402832060000947,1400.0,0.001953125,0.0,0.001953125
1.345215102000111,1400.0,0.001953125,0.0,0.001953125
1.350111495999954,1400.0,0.001953125,0.0,0.001953125
1.3551937360000466,1400.0,0.001953125,0.0,0.001953125
1.3601973400000134,1400.0,0.001953125,0.0,0.001953125
1.3651396449999993,1400.0,0.001953125,0.0,0.001953125
1.3700988580001194,1400.0,0.001953125,0.0,-0.001953125
1.3752124140000888,1400.0,0.001953125,0.0,-0.001953125
1.3801040670000475,1400.0,0.001953125,0.0,-0.001953125
1.3850904109999647,1400.0,0.001953125,0.0,-0.001953125
1.3901140360001136,1400.0,0.001953125,0.0,-0.001953125
1.3950878050000028,1400.0,0.001953125,0.0,-0.001953125
1.4000853360000747,1400.0,0.001953125,0.0,-0.001953125
1.4051024969999162,1400.0,0.001953125,0.0,-0.001953125
1.4100939340000878,1400.0,0.001953125,0.0,-0.001953125
1.4150883720001275,1400.0,0.001953125,0.0,-0.001953125
1.4200850500001252,1400.0,0.0,0.0,0.005859375
1.4250918770001135,1400.0,0.0,0.0,0.005859375
1.4300852769999892,1400.0,0.0,0.0,0.005859375
1.4350912160000462,1400.0,0.0,0.0,0.005859375
1.4401509169999827,1400.0,0.0,0.0,0.005859375
1.4450958509999055,1400.0,0.0,0.0,0.005859375
1.45009121399994,1400.0,0.0,0.0,0.005859375
1.455102375000024,1400.0,0.0,0.0,0.005859375
1.4600843670000359,1400.0,0.0,0.0,0.005859375
1.465093361000072,1400.0,0.0,0.0,0.005859375
1.4700881880000907,1400.0,0.0,-0.001953125,0.0
1.475089976999925,1400.0,0.0,-0.001953125,0.0
1.4800828219999858,1400.0,0.0,-0.001953125,0.0
1.4851318369999262,1400.0,0.0,-0.001953125,0.0
1.490094124000052,1400.0,0.0,-0.001953125,0.0
1.4950896180000655,1400.0,0.0,-0.001953125,0.0
1.500085388000116,1400.0,0.0,-0.001953125,0.0
1.505082567000045,1400.0,0.0,-0.001953125,0.0
1.5100850419999006,1400.0,0.0,-0.001953125,0.0
1.5150988880000114,1400.0,0.0,-0.001953125,0.0
1.5200963629999933,1400.0,0.001953125,0.00390625,0.0
1.5250909849999061,1400.0,0.001953125,0.00390625,0.0
1.5300873300000148,1400.0,0.001953125,0.00390625,0.0
1.5350855639999281,1400.0,0.001953125,0.00390625,0.0
1.5400838909999948,1400.0,0.001953125,0.00390625,0.0
1.5450849399999242,1400.0,0.001953125,0.00390625,0.0
1.5500873220000813,1400.0,0.001953125,0.00390625,0.0
1.5550840010000684,1400.0,0.001953125,0.00390625,0.0
1.5600835130001087,1400.0,0.001953125,0.00390625,0.0
1.5650821910001014,1400.0,0.001953125,0.00390625,0.0
1.5701229470000726,1400.0,0.0,0.0,-0.00390625
1.5750943830000779,1400.0,0.0,0.0,-0.00390625
1.5800867089999429,1400.0,0.0,0.0,-0.00390625
1.5850860909999938,1400.0,0.0,0.0,-0.00390625
1.5900847509999494,1400.0,0.0,0.0,-0.00390625
1.5950824290000583,1400.0,0.0,0.0,-0.00390625
1.6000817189999452,1400.0,0.0,0.0,-0.00390625
1.6050822500001232,1400.0,0.0,0.0,-0.00390625
1.610083447000079,1400.0,0.0,0.0,-0.00390625
1.6150830880001195,1400.0,0.0,0.0,-0.00390625
1.6200816559999112,1400.0,0.00390625,0.00390625,-0.001953125
1.6250842790000206,1400.0,0.00390625,0.00390625,-0.001953125
1.6300844939999024,1400.0,0.00390625,0.00390625,-0.001953125
1.6350841729999956,1400.0,0.00390625,0.00390625,-0.001953125
1.6401193350000085,1400.0,0.00390625,0.00390625,-0.001953125
1.6450907159999133,1400.0,0.00390625,0.00390625,-0.001953125
1.6501094699999612,1400.0,0.00390625,0.00390625,-0.001953125
1.6550885730000573,1400.0,0.00390625,0.00390625,-0.001953125
1.6600848810001025,1400.0,0.00390625,0.00390625,-0.001953125
1.6650828560000264,1400.0,0.00390625,0.00390625,-0.001953125
1.6701000719999683,1400.0,0.0,0.0,0.0
1.6750923060001242,1400.0,0.0,0.0,0.0
1.6800861320000422,1400.0,0.0,0.0,0.0
1.6850838109999131,1400.0,0.0,0.0,0.0
1.6900835450001068,1400.0,0.0,0.0,0.0
1.695082464000052,1400.0,0.0,0.0,0.0
1.700081661000013,1400.0,0.0,0.0,0.0
1.7050839139999425,1400.0,0.0,0.0,0.0
1.7100843700000041,1400.0,0.0,0.0,0.0
1.7150817710000865,1400.0,0.0,0.0,0.0
1.7200814679999894,1400.0,0.0,0.0,0.0
1.7250862579999193,1400.0,0.0,0.0,0.0
1.7300836590000017,1400.0,0.0,0.0,0.0
1.7350837450001109,1400.0,0.0,0.0,0.0
1.740082589999929,1400.0,0.0,0.0,0.0
1.7450820090000434,1400.0,0.0,0.0,0.0
1.7500835210000787,1400.0,0.0,0.0,0.0
1.7550838110000768,1400.0,0.0,0.0,0.0
1.7600852860000487,1400.0,0.0,0.0,0.0
1.7650845569999092,1400.0,0.0,0.0,0.0
1.7700819389999651,1400.0,0.0,0.0,0.0
1.7750865620000695,1400.0,0.0,0.0,0.0
1.7800833890000831,1400.0,0.0,0.0,0.0
1.78508280799997,1400.0,0.0,0.0,0.0
1.7900829499999418,1400.0,0.0,0.0,0.0
1.7950825729999451,1400.0,0.0,0.0,0.0
1.8000828629999432,1400.0,0.0,0.0,0.0
1.8051040610000655,1400.0,0.0,0.0,0.0
1.8101142220000384,1400.0,0.0,0.0,0.0
1.8150940660000288,1400.0,0.0,0.0,0.0
1.8200847069999782,1400.0,0.0,0.0,0.0
1.8250900339999134,1400.0,0.0,0.0,0.0
1.8300874159999694,1400.0,0.0,0.0,0.0
1.8350850019999143,1400.0,0.0,0.0,0.0
1.840117034000059,1400.0,0.0,0.0,0.0
1.8450915820001228,1400.0,0.0,0.0,0.0
1.8500871119999829,1400.0,0.0,0.0,0.0
1.8550845859999754,1400.0,0.0,0.0,0.0
1.8600836170001003,1400.0,0.0,0.0,0.0
1.8651305020000564,1400.0,0.0,0.0,0.0
1.870111382999994,1400.0,0.0,0.0,0.0
1.8751081539999177,1400.0,0.0,0.0,0.0
1.880084793999913,1400.0,0.0,0.0,0.0
1.8850866020000012,1400.0,0.0,0.0,0.0
1.8900850590000573,1400.0,0.0,0.0,0.0
1.8950831820000076,1400.0,0.0,0.0,0.0
1.900120306999952,1400.0,0.0,0.0,0.0
1.9050900390000152,1400.0,0.0,0.0,0.0
1.9101339609999286,1400.0,0.0,0.0,0.0
1.9150912669999798,1400.0,0.0,0.0,0.0
1.9200845010000194,1400.0,0.0,0.0,0.0
1.92509055000005,1400.0,0.0,0.0,0.0
1.9300950070000908,1400.0,0.0,0.0,0.0
1.9350865359999716,1400.0,0.0,0.0,0.0
1.9400888449999911,1400.0,0.0,0.0,0.0
1.945111117000124,1400.0,0.0,0.0,0.0
1.9500857390000874,1400.0,0.0,0.0,0.0
1.95508428800008,1400.0,0.0,0.0,0.0
1.9600819290001255,1400.0,0.0,0.0,0.0
1.965090107999913,1400.0,0.0,0.0,0.0
1.9700866010000482,1400.0,0.0,0.0,0.0
1.9750892249999197,1400.0,0.0,0.0,0.0
1.9800845879999542,1400.0,0.0,0.0,0.0
1.985082451999915,1400.0,0.0,0.0,0.0
1.990085334000014,1400.0,0.0,0.0,0.0
1.9950844570000754,1400.0,0.0,0.0,0.0
2.0000831909999306,1400.0,0.0,0.0,0.0
2.0050841290001244,1400.0,0.0,0.0,0.0
2.010081899999932,1400.0,0.0,0.0,0.0
2.015084171000126,1400.0,0.0,0.0,0.0
2.0200909059999503,1400.0,0.0,0.0,0.0
2.025091011000086,1400.0,0.0,0.0,0.0
2.0300855780001257,1400.0,0.0,0.0,0.0
2.035083312000097,1400.0,0.0,0.0,0.0
2.0401241409999784,1400.0,0.0,0.0,0.0
2.045091817999946,1400.0,0.0,0.0,0.0
2.0501462960000936,1400.0,0.0,0.0,0.0
2.0552782790000492,1400.0,0.0,0.0,0.0
2.0602727909999885,1400.0,0.0,0.0,0.0
2.065250338999931,1400.0,0.0,0.0,0.0
2.070147102999954,1400.0,0.0,0.0,0.0
2.075102556000047,1400.0,0.0,0.0,0.0
2.0800977720000446,1400.0,0.0,0.0,0.0
2.085089931000084,1400.0,0.0,0.0,0.0
2.090097055000115,1400.0,0.0,0.0,0.0
2.0950945479999064,1400.0,0.0,0.0,0.0
2.100093781999931,1400.0,0.0,0.0,0.0
2.1050921270000345,1400.0,0.0,0.0,0.0
2.1100871200001166,1400.0,0.0,0.0,0.0
2.1150876320000407,1400.0,0.0,0.0,0.0
2.1200868109999647,1400.0,0.0,0.0,0.0
2.1250920640000004,1400.0,0.0,0.0,0.0
2.1301928049999788,1400.0,0.0,0.0,0.0
2.1351018660000136,1400.0,0.0,0.0,0.0
2.1400912110000263,1400.0,0.0,0.0,0.0
2.1450877409999975,1400.0,0.0,0.0,0.0
2.1500882709999587,1400.0,0.0,0.0,0.0
2.155116858999918,1400.0,0.0,0.0,0.0
2.1600852020001184,1400.0,0.0,0.0,0.0
2.1650851399999738,1400.0,0.0,0.0,0.0
2.1700869109999985,1400.0,0.0,0.0,0.0
2.1750882750000073,1400.0,0.0,0.0,0.0
2.180087620999984,1400.0,0.0,0.0,0.0
2.185086614000056,1400.0,0.0,0.0,0.0
2.190085811000017,1400.0,0.0,0.0,0.0
2.195084915000052,1400.0,0.0,0.0,0.0
2.2000826490000236,1400.0,0.0,0.0,0.0
2.2050839020000694,1400.0,0.0,0.0,0.0
2.210086543999978,1400.0,0.0,0.0,0.0
2.2150855740001134,1400.0,0.0,0.0,0.0
2.2200834749999103,1400.0,0.0,0.0,0.0
2.2251000799999474,1400.0,0.0,0.0,0.0
2.230091370000082,1400.0,0.0,0.0,0.0
2.235086603000127,1400.0,0.0,0.0,0.0
2.240130044000125,1400.0,0.0,0.0,0.0
2.245095479999918,1400.0,0.0,0.0,0.0
2.2500886949999312,1402.0,0.0,0.0,0.0
2.2550886700000774,1404.0,0.0,0.0,0.0
2.260083791999932,1406.0,0.0,0.0,0.0
2.2650842299999567,1408.0,0.0,0.0,0.0
2.270084427000029,1410.0,0.001953125,0.0,0.001953125
2.275087532000043,1412.0,0.001953125,0.0,0.001953125
2.2800845619999563,1414.0,0.001953125,0.0,0.001953125
2.285084870999981,1416.0,0.001953125,0.0,0.001953125
2.2901272930000687,1418.0,0.001953125,0.0,0.001953125
2.2950916730001154,1420.0,0.001953125,0.0,0.001953125
2.300086573000044,1422.0,0.001953125,0.0,0.001953125
2.3050861780000105,1424.0,0.001953125,0.0,0.001953125
2.310087744999919,1426.0,0.001953125,0.0,0.001953125
2.315085756999906,1428.0,0.001953125,0.0,0.001953125
2.3200827690000096,1430.0,0.0,-0.001953125,-0.001953125
2.325087114000098,1432.0,0.0,-0.001953125,-0.001953125
2.3300873480000064,1434.0,0.0,-0.001953125,-0.001953125
2.335086007999962,1436.0,0.0,-0.001953125,-0.001953125
2.3402884409999842,1438.0,0.0,-0.001953125,-0.001953125
2.3452172820000214,1440.0,0.0,-0.001953125,-0.001953125
2.35010893499998,1442.0,0.0,-0.001953125,-0.001953125
2.355193563000057,1444.0,0.0,-0.001953125,-0.001953125
2.360196020000103,1446.0,0.0,-0.001953125,-0.001953125
2.3651682150000397,1448.0,0.0,-0.001953125,-0.001953125
2.3701136489999044,1450.0,0.001953125,0.0,0.0
2.375204371000109,1452.0,0.001953125,0.0,0.0
2.380108672999995,1454.0,0.001953125,0.0,0.0
2.385090497999954,1456.0,0.001953125,0.0,0.0
2.3900947140000426,1458.0,0.001953125,0.0,0.0
2.3951010600001155,1460.0,0.001953125,0.0,0.0
2.400089256000001,1462.0,0.001953125,0.0,0.0
2.405088898000031,1464.0,0.001953125,0.0,0.0
2.4101093369999944,1466.0,0.001953125,0.0,0.0
2.415086292000069,1468.0,0.001953125,0.0,0.0
2.420086989000083,1470.0,-0.00390625,0.0,0.0
2.42510492800011,1472.0,-0.00390625,0.0,0.0
2.430088254000111,1474.0,-0.00390625,0.0,0.0
2.435086136000109,1476.0,-0.00390625,0.0,0.0
2.440117612999984,1478.0,-0.00390625,0.0,0.0
2.4450943819999793,1480.0,-0.00390625,0.0,0.0
2.4500880790001247,1482.0,-0.00390625,0.0,0.0
2.4550859799999216,1484.0,-0.00390625,0.0,0.0
2.46008397300011,1486.0,-0.00390625,0.0,0.0
2.465121968999938,1488.0,-0.00390625,0.0,0.0
2.4701290180000797,1490.0,-0.00390625,0.0,0.001953125
2.4751021209999635,1492.0,-0.00390625,0.0,0.001953125
2.480088483999907,1494.0,-0.00390625,0.0,0.001953125
2.4850859030000265,1496.0,-0.00390625,0.0,0.001953125
2.490086044999998,1498.0,-0.00390625,0.0,0.001953125
2.4950887229999807,1500.0,-0.00390625,0.0,0.001953125
2.5000877719999153,1500,-0.00390625,0.0,0.001953125
2.5050939879999987,1500,-0.00390625,0.0,0.001953125
2.510088388999975,1500,-0.00390625,0.0,0.001953125
2.515142145000027,1500,-0.00390625,0.0,0.001953125
2.5201184889999695,1500,-0.001953125,0.00390625,0.0
2.5251282970000375,1500,-0.001953125,0.00390625,0.0
2.5300936030000685,1500,-0.001953125,0.00390625,0.0
2.5350890219999656,1500,-0.001953125,0.00390625,0.0
2.5400896460000695,1500,-0.001953125,0.00390625,0.0
2.5450840640000933,1500,-0.001953125,0.00390625,0.0
2.5500901689999864,1500,-0.001953125,0.00390625,0.0
2.555087662999995,1500,-0.001953125,0.00390625,0.0
2.560108490999937,1500,-0.001953125,0.00390625,0.0
2.565091983000002,1500,-0.001953125,0.00390625,0.0
2.5701227189999827,1500,-0.001953125,0.0,0.001953125
2.575094247999914,1500,-0.001953125,0.0,0.001953125
2.580084704000001,1500,-0.001953125,0.0,0.001953125
2.585087716000089,1500,-0.001953125,0.0,0.001953125
2.590086524000071,1500,-0.001953125,0.0,0.001953125
2.5951033149999603,1500,-0.001953125,0.0,0.001953125
2.60009128899992,1500,-0.001953125,0.0,0.001953125
2.6050847629999225,1500,-0.001953125,0.0,0.001953125
2.6101107950000824,1500,-0.001953125,0.0,0.001953125
2.615090453999983,1500,-0.001953125,0.0,0.001953125
2.6200854100000015,1500,0.001953125,0.0,-0.001953125
2.625088718999905,1500,0.001953125,0.0,-0.001953125
2.630085711999982,1500,0.001953125,0.0,-0.001953125
2.6350851869999588,1500,0.001953125,0.0,-0.001953125
2.640117293000003,1500,0.001953125,0.0,-0.001953125
2.645089117999987,1500,0.001953125,0.0,-0.001953125
2.6500855369999954,1500,0.001953125,0.0,-0.001953125
2.6550860489999195,1500,0.001953125,0.0,-0.001953125
2.6600852839999334,1500,0.001953125,0.0,-0.001953125
2.665086851000069,1500,0.001953125,0.0,-0.001953125
2.6701582380001128,1500,0.0,0.0,0.0
2.6750959500000135,1500,0.0,0.0,0.0
2.6800874049999948,1500,0.0,0.0,0.0
2.685086898999998,1500,0.0,0.0,0.0
2.6900888180000493,1500,0.0,0.0,0.0
2.6950857189999624,1500,0.0,0.0,0.0
2.7000837119999233,1500,0.0,0.0,0.0
2.7050830020000376,1500,0.0,0.0,0.0
2.7100851990001047,1500,0.0,0.0,0.0
2.715097990000004,1500,0.0,0.0,0.0
2.7200867789999847,1500,0.001953125,0.00390625,-0.001953125
2.7250887719999355,1500,0.001953125,0.00390625,-0.001953125
2.7300865619999968,1500,0.001953125,0.00390625,-0.001953125
2.7350841659999787,1500,0.001953125,0.00390625,-0.001953125
2.740083381999966,1500,0.001953125,0.00390625,-0.001953125
2.7450835970000753,1500,0.001953125,0.00390625,-0.001953125
2.7500843689999783,1500,0.001953125,0.00390625,-0.001953125
2.7550838810000187,1500,0.001953125,0.00390625,-0.001953125
2.760104726999998,1500,0.001953125,0.00390625,-0.001953125
2.7650870160000522,1500,0.001953125,0.00390625,-0.001953125
2.770085212999902,1500,-0.001953125,0.0,0.0
2.775088558000107,1500,-0.001953125,0.0,0.0
2.7800862369999777,1500,-0.001953125,0.0,0.0
2.785086156000034,1500,-0.001953125,0.0,0.0
2.7900848159999896,1500,-0.001953125,0.0,0.0
2.7950840690000405,1500,-0.001953125,0.0,0.0
2.800083303000065,1500,-0.001953125,0.0,0.0
2.8050834999999097,1500,-0.001953125,0.0,0.0
2.8100836230000823,1500,-0.001953125,0.0,0.0
2.815083265000112,1500,-0.001953125,0.0,0.0
2.820082202000094,1500,-0.001953125,-0.001953125,0.0
2.8250852329999816,1500,-0.001953125,-0.001953125,0.0
2.830085838000059,1500,-0.001953125,-0.001953125,0.0
2.8350954059999367,1500,-0.001953125,-0.001953125,0.0
2.840140605999977,1500,-0.001953125,-0.001953125,0.0
2.845145359000071,1500,-0.001953125,-0.001953125,0.0
2.850098015999947,1500,-0.001953125,-0.001953125,0.0
2.855087286000071,1500,-0.001953125,-0.001953125,0.0
2.86008718700009,1500,-0.001953125,-0.001953125,0.0
2.8650872359999084,1500,-0.001953125,-0.001953125,0.0
2.870085248000123,1500,-0.001953125,-0.001953125,0.0
2.8751121689999763,1500,-0.001953125,-0.001953125,0.0
2.880090235000125,1500,-0.001953125,-0.001953125,0.0
2.8850842839999586,1500,-0.001953125,-0.001953125,0.0
2.8900842400000784,1500,-0.001953125,-0.001953125,0.0
2.89508451100005,1500,-0.001953125,-0.001953125,0.0
2.900083764000101,1500,-0.001953125,-0.001953125,0.0
2.9050838129999192,1500,-0.001953125,-0.001953125,0.0
2.9100840280000284,1500,-0.001953125,-0.001953125,0.0
2.9150824289999946,1500,-0.001953125,-0.001953125,0.0
2.920112128000028,1500,-0.001953125,-0.001953125,0.00390625
2.925094306000119,1500,-0.001953125,-0.001953125,0.00390625
2.930088724999905,1500,-0.001953125,-0.001953125,0.00390625
2.9350884769999084,1500,-0.001953125,-0.001953125,0.00390625
2.94008480399998,1500,-0.001953125,-0.001953125,0.00390625
2.9450830559999304,1500,-0.001953125,-0.001953125,0.00390625
2.9500892169999133,1500,-0.001953125,-0.001953125,0.00390625
2.955085580000059,1500,-0.001953125,-0.001953125,0.00390625
2.9600827219999246,1500,-0.001953125,-0.001953125,0.00390625
2.9650827890000073,1500,-0.001953125,-0.001953125,0.00390625
2.9700876160000007,1500,0.0,0.0,-0.001953125
2.975087887999962,1500,0.0,0.0,-0.001953125
2.9800838989999647,1500,0.0,0.0,-0.001953125
2.985083114999952,1500,0.0,0.0,-0.001953125
2.990083274999961,1500,0.0,0.0,-0.001953125
2.9950831020000805,1500,0.0,0.0,-0.001953125
3.000084836000042,1502.0,0.0,0.0,-0.001953125
3.005083811000077,1504.0,0.0,0.0,-0.001953125
3.010084212000038,1506.0,0.0,0.0,-0.001953125
3.015083241999946,1508.0,0.00390625,0.0,0.001953125
3.020107977999942,1510.0,0.00390625,0.0,0.001953125
3.0250884879999376,1512.0,0.00390625,0.0,0.001953125
3.0300869449999936,1514.0,0.00390625,0.0,0.001953125
3.0350846050000655,1516.0,0.00390625,0.0,0.001953125
3.040086765000069,1518.0,0.00390625,0.0,0.001953125
3.0451116859999274,1520.0,0.00390625,0.0,0.001953125
3.0500877889999174,1522.0,0.00390625,0.0,0.001953125
3.0550848929999574,1524.0,0.00390625,0.0,0.001953125
3.060082998000098,1526.0,0.00390625,0.0,0.001953125
3.065084491000107,1528.0,0.00390625,0.0,0.001953125
3.070096595999985,1530.0,-0.00390625,0.0,0.00390625
3.0751248139999916,1532.0,-0.00390625,0.0,0.00390625
3.080087175000017,1534.0,-0.00390625,0.0,0.00390625
3.085084482999946,1536.0,-0.00390625,0.0,0.00390625
3.0900888099999975,1538.0,-0.00390625,0.0,0.00390625
3.095085822000101,1540.0,-0.00390625,0.0,0.00390625
3.1000925569999254,1542.0,-0.00390625,0.0,0.00390625
3.105213520999996,1544.0,-0.00390625,0.0,0.00390625
3.110104970000066,1546.0,-0.00390625,0.0,0.00390625
3.115094666999994,1548.0,-0.001953125,0.001953125,0.0
3.1200941790000343,1550.0,-0.001953125,0.001953125,0.0
3.1250870599999416,1552.0,-0.001953125,0.001953125,0.0
3.1300882949999504,1554.0,-0.001953125,0.001953125,0.0
3.1350878620000913,1556.0,-0.001953125,0.001953125,0.0
3.140088004000063,1558.0,-0.001953125,0.001953125,0.0
3.145085330000029,1560.0,-0.001953125,0.001953125,0.0
3.1500852310000482,1562.0,-0.001953125,0.001953125,0.0
3.15508550200002,1564.0,-0.001953125,0.001953125,0.0
3.160083514000007,1566.0,-0.001953125,0.001953125,0.0
3.165084284999921,1568.0,0.0,0.0,0.001953125
3.170089667999946,1570.0,0.0,0.0,0.001953125
3.1751137179999205,1572.0,0.0,0.0,0.001953125
3.1800853950001056,1574.0,0.0,0.0,0.001953125
3.1850847959999555,1576.0,0.0,0.0,0.001953125
3.190087697000081,1578.0,0.0,0.0,0.001953125
3.1950850789999095,1580.0,0.0,0.0,0.001953125
3.200084091000008,1582.0,0.0,0.0,0.001953125
3.205088602999922,1584.0,0.0,0.0,0.001953125
3.2100876150000204,1586.0,0.0,0.0,0.001953125
3.2150867939999443,1588.0,-0.001953125,0.0,-0.001953125
3.2200885279999056,1590.0,-0.001953125,0.0,-0.001953125
3.225087725000094,1592.0,-0.001953125,0.0,-0.001953125
3.230088422000108,1594.0,-0.001953125,0.0,-0.001953125
3.2351208620000307,1596.0,-0.001953125,0.0,-0.001953125
3.2400898170001255,1598.0,-0.001953125,0.0,-0.001953125
3.2451235900000484,1600.0,-0.001953125,0.0,-0.001953125
3.2500902659999156,1600.0,-0.001953125,0.0,-0.001953125
3.255086444999961,1600.0,-0.001953125,0.0,-0.001953125
3.260088160000123,1600.0,-0.001953125,0.0,-0.001953125
3.265086950000068,1600.0,0.00390625,0.001953125,0.0
3.270092350999903,1600.0,0.00390625,0.001953125,0.0
3.2750866960000167,1600.0,0.00390625,0.001953125,0.0
3.280084429999988,1600.0,0.00390625,0.001953125,0.0
3.285085127000002,1600.0,0.00390625,0.001953125,0.0
3.2900850280000213,1600.0,0.00390625,0.001953125,0.0
3.295085077000067,1600.0,0.00390625,0.001953125,0.0
3.3000836080000227,1600.0,0.00390625,0.001953125,0.0
3.305084674999989,1600.0,0.00390625,0.001953125,0.0
3.310085557000093,1600.0,0.00390625,0.001953125,0.0
3.3150840880000487,1600.0,0.00390625,0.001953125,0.0
3.320085265999978,1600.0,0.001953125,0.0,-0.001953125
3.32508800100004,1600.0,0.001953125,0.0,-0.001953125
3.330088623999927,1600.0,0.001953125,0.0,-0.001953125
3.3350866359999145,1600.0,0.001953125,0.0,-0.001953125
3.340279290000126,1600.0,0.001953125,0.0,-0.001953125
3.3452172419999897,1600.0,0.001953125,0.0,-0.001953125
3.3501004500001272,1600.0,0.001953125,0.0,-0.001953125
3.3552699360000133,1600.0,0.001953125,0.0,-0.001953125
3.360353898000085,1600.0,0.001953125,0.0,-0.001953125
3.365143562999947,1600.0,-0.001953125,-0.001953125,0.001953125
3.370104997999988,1600.0,-0.001953125,-0.001953125,0.001953125
3.3751895529999274,1600.0,-0.001953125,-0.001953125,0.001953125
3.3801404870000624,1600.0,-0.001953125,-0.001953125,0.001953125
3.385095237000087,1600.0,-0.001953125,-0.001953125,0.001953125
3.3900936009999896,1600.0,-0.001953125,-0.001953125,0.001953125
3.395091927000067,1600.0,-0.001953125,-0.001953125,0.001953125
3.4000869760000114,1600.0,-0.001953125,-0.001953125,0.001953125
3.405086081000036,1600.0,-0.001953125,-0.001953125,0.001953125
3.410087704000034,1600.0,-0.001953125,-0.001953125,0.001953125
3.4150843269999314,1600.0,0.001953125,0.0,0.001953125
3.42009126500011,1600.0,0.001953125,0.0,0.001953125
3.425086054000076,1600.0,0.001953125,0.0,0.001953125
3.430101122999986,1600.0,0.001953125,0.0,0.001953125
3.435087708000083,1600.0,0.001953125,0.0,0.001953125
3.4400853679999273,1600.0,0.001953125,0.0,0.001953125
3.445117511000035,1600.0,0.001953125,0.0,0.001953125
3.450088929000003,1600.0,0.001953125,0.0,0.001953125
3.455087588999959,1600.0,0.001953125,0.0,0.001953125
3.4600844520000464,1600.0,0.001953125,0.0,0.001953125
3.46508388999996,1600.0,0.0,-0.001953125,0.0
3.4701414250000653,1600.0,0.0,-0.001953125,0.0
3.4750931930000206,1600.0,0.0,-0.001953125,0.0
3.4800936670001192,1600.0,0.0,-0.001953125,0.0
3.485088420000011,1600.0,0.0,-0.001953125,0.0
3.490087284000083,1600.0,0.0,-0.001953125,0.0
3.495084110000107,1600.0,0.0,-0.001953125,0.0
3.50008247400001,1600.0,0.0,-0.001953125,0.0
3.505090375000009,1600.0,0.0,-0.001953125,0.0
3.5100884420000966,1600.0,0.0,-0.001953125,0.0
3.5150846389999515,1600.0,0.0,0.0,0.0
3.5201072820000263,1600.0,0.0,0.0,0.0
3.525091330000123,1600.0,0.0,0.0,0.0
3.5300908609999624,1600.0,0.0,0.0,0.0
3.535086612999976,1600.0,0.0,0.0,0.0
3.5400844769999367,1600.0,0.0,0.0,0.0
3.545083785000088,1600.0,0.0,0.0,0.0
3.5500873159999173,1600.0,0.0,0.0,0.0
3.5550860309999734,1600.0,0.0,0.0,0.0
3.560205440000118,1600.0,0.0,0.0,0.0
3.5651584300001105,1600.0,0.001953125,0.001953125,0.0
3.5701130689999445,1600.0,0.001953125,0.001953125,0.0
3.5751291369999763,1600.0,0.001953125,0.001953125,0.0
3.5800934799999595,1600.0,0.001953125,0.001953125,0.0
3.5850882699999147,1600.0,0.001953125,0.001953125,0.0
3.5900916150001194,1600.0,0.001953125,0.001953125,0.0
3.595084386000053,1600.0,0.001953125,0.001953125,0.0
3.600085583000009,1600.0,0.001953125,0.001953125,0.0
3.6050850950000495,1600.0,0.001953125,0.001953125,0.0
3.61008581100009,1600.0,0.001953125,0.001953125,0.0
3.6150854340000933,1600.0,-0.001953125,0.0,0.001953125
3.620086426999933,1600.0,-0.001953125,0.0,0.001953125
3.625084273000084,1600.0,-0.001953125,0.0,0.001953125
3.630085969999982,1600.0,-0.001953125,0.0,0.001953125
3.635084963000054,1600.0,-0.001953125,0.0,0.001953125
3.6400905870000315,1600.0,-0.001953125,0.0,0.001953125
3.6451239529999384,1600.0,-0.001953125,0.0,0.001953125
3.6500940739999805,1600.0,-0.001953125,0.0,0.001953125
3.655091029999994,1600.0,-0.001953125,0.0,0.001953125
3.660085597000034,1600.0,-0.001953125,0.0,0.001953125
3.6650844789999155,1600.0,-0.005859375,-0.001953125,0.0
3.670109381999964,1600.0,-0.005859375,-0.001953125,0.0
3.675089484999944,1600.0,-0.005859375,-0.001953125,0.0
3.6800867189999735,1600.0,-0.005859375,-0.001953125,0.0
3.6850852120001036,1600.0,-0.005859375,-0.001953125,0.0
3.690109614999983,1600.0,-0.005859375,-0.001953125,0.0
3.695085717999973,1600.0,-0.005859375,-0.001953125,0.0
3.700085729999955,1600.0,-0.005859375,-0.001953125,0.0
3.705084371000112,1600.0,-0.005859375,-0.001953125,0.0
3.7100834390000728,1600.0,-0.005859375,-0.001953125,0.0
3.7150837649999175,1600.0,0.0,0.0,0.0
3.7200873890001276,1600.0,0.0,0.0,0.0
3.7250861970001097,1600.0,0.0,0.0,0.0
3.7300868570000603,1600.0,0.0,0.0,0.0
3.735084535999931,1600.0,0.0,0.0,0.0
3.740082770000072,1600.0,0.0,0.0,0.0
3.74508198500007,1600.0,0.0,0.0,0.0
3.7500847379999414,1600.0,0.0,0.0,0.0
3.7550834910000503,1600.0,0.0,0.0,0.0
3.760085298999911,1600.0,0.0,0.0,0.0
3.7650845890000255,1600.0,0.0,0.0,0.0
3.770087712000077,1600.0,0.0,0.0,0.0
3.775083945999995,1600.0,0.0,0.0,0.0
3.7800839760000144,1600.0,0.0,0.0,0.0
3.78508371099997,1600.0,0.0,0.0,0.0
3.790082167000037,1600.0,0.0,0.0,0.0
3.795083585999919,1600.0,0.0,0.0,0.0
3.800082671999917,1600.0,0.0,0.0,0.0
3.805084407000095,1600.0,0.0,0.0,0.0
3.8100834560000294,1600.0,0.0,0.0,0.0
3.8150814489999902,1600.0,0.0,-0.001953125,0.0
3.8200859609999043,1600.0,0.0,-0.001953125,0.0
3.825083288000087,1600.0,0.0,-0.001953125,0.0
3.8300852439999744,1600.0,0.0,-0.001953125,0.0
3.835082588999967,1600.0,0.0,-0.001953125,0.0
3.8400815830000283,1600.0,0.0,-0.001953125,0.0
3.845116540999925,1600.0,0.0,-0.001953125,0.0
3.8500874030000887,1600.0,0.0,-0.001953125,0.0
3.8550852109999596,1600.0,0.0,-0.001953125,0.0
3.8600831490000473,1600.0,0.0,-0.001953125,0.0
3.8650876429999244,1600.0,0.0,0.0,0.0
3.8700910620000286,1600.0,0.0,0.0,0.0
3.875096038000038,1600.0,0.0,0.0,0.0
3.880084845000056,1600.0,0.0,0.0,0.0
3.8850829129999056,1600.0,0.0,0.0,0.0
3.8900860730000204,1600.0,0.0,0.0,0.0
3.8950841589999072,1600.0,0.0,0.0,0.0
3.9000843559999794,1600.0,0.0,0.0,0.0
3.905083311999988,1600.0,0.0,0.0,0.0
3.910104695999962,1600.0,0.0,0.0,0.0
3.9150851140000213,1600.0,0.0,-0.001953125,0.001953125
3.9200861260001147,1600.0,0.0,-0.001953125,0.001953125
3.9251054730000305,1600.0,0.0,-0.001953125,0.001953125
3.930099039999959,1600.0,0.0,-0.001953125,0.001953125
3.935088718000088,1600.0,0.0,-0.001953125,0.001953125
3.940102118999903,1600.0,0.0,-0.001953125,0.001953125
3.945085297000105,1600.0,0.0,-0.001953125,0.001953125
3.9500846240000556,1600.0,0.0,-0.001953125,0.001953125
3.95508259799999,1600.0,0.0,-0.001953125,0.001953125
3.960084072999962,1600.0,0.0,-0.001953125,0.001953125
3.9650835479999387,1600.0,0.0,-0.001953125,0.00390625
3.9700923570001123,1600.0,0.0,-0.001953125,0.00390625
3.975084220000099,1600.0,0.0,-0.001953125,0.00390625
3.980082121000123,1600.0,0.0,-0.001953125,0.00390625
3.9850830959999257,1600.0,0.0,-0.001953125,0.00390625
3.990084329999945,1600.0,0.0,-0.001953125,0.00390625
3.995084583000107,1600.0,0.0,-0.001953125,0.00390625
4.0000825209999675,1600.0,0.0,-0.001953125,0.00390625
4.005081422000103,1600.0,0.0,-0.001953125,0.00390625
4.010086803999911,1600.0,0.0,-0.001953125,0.00390625
4.015084075000004,1600.0,-0.001953125,0.0,0.0
4.020100310000089,1600.0,-0.001953125,0.0,0.0
4.0250882479999746,1600.0,-0.001953125,0.0,0.0
4.030086352000126,1600.0,-0.001953125,0.0,0.0
4.035085733999949,1600.0,-0.001953125,0.0,0.0
4.040083338999921,1600.0,-0.001953125,0.0,0.0
4.045109463000017,1600.0,-0.001953125,0.0,0.0
4.0500892889999704,1600.0,-0.001953125,0.0,0.0
4.055084763999957,1600.0,-0.001953125,0.0,0.0
4.060084590000088,1600.0,-0.001953125,0.0,0.0
4.0650845650000065,1600.0,0.001953125,0.0,0.001953125
4.070091059000106,1600.0,0.001953125,0.0,0.001953125
4.075114573000064,1600.0,0.001953125,0.0,0.001953125
4.080087101000117,1600.0,0.001953125,0.0,0.001953125
4.085084687000062,1600.0,0.001953125,0.0,0.001953125
4.090085347000013,1600.0,0.001953125,0.0,0.001953125
4.095083747999979,1600.0,0.001953125,0.0,0.001953125
4.100089686000047,1600.0,0.001953125,0.0,0.001953125
4.105085104999944,1600.0,0.001953125,0.0,0.001953125
4.110085302000016,1600.0,0.001953125,0.0,0.001953125
4.115080925000029,1600.0,-0.001953125,-0.001953125,0.0
4.120087234000039,1600.0,-0.001953125,-0.001953125,0.0
4.12510102400006,1600.0,-0.001953125,-0.001953125,0.0
4.130092073000014,1600.0,-0.001953125,-0.001953125,0.0
4.135085750999906,1600.0,-0.001953125,-0.001953125,0.0
4.140083559000004,1600.0,-0.001953125,-0.001953125,0.0
4.145081274999939,1600.0,-0.001953125,-0.001953125,0.0
4.150084435000053,1600.0,-0.001953125,-0.001953125,0.0
4.155083947000094,1600.0,-0.001953125,-0.001953125,0.0
4.160081773999991,1600.0,-0.001953125,-0.001953125,0.0
4.165082192999989,1600.0,-0.001953125,0.0,0.0
4.170087168000009,1600.0,-0.001953125,0.0,0.0
4.175085420999949,1600.0,-0.001953125,0.0,0.0
4.180084136000005,1600.0,-0.001953125,0.0,0.0
4.185081703999913,1600.0,-0.001953125,0.0,0.0
4.190084642000102,1600.0,-0.001953125,0.0,0.0
4.1951091180001185,1600.0,-0.001953125,0.0,0.0
4.200083405999976,1600.0,-0.001953125,0.0,0.0
4.205081511000117,1600.0,-0.001953125,0.0,0.0
4.210083912000073,1600.0,-0.001953125,0.0,0.0
4.215124462999938,1600.0,0.005859375,-0.001953125,0.001953125
4.220092362000059,1600.0,0.005859375,-0.001953125,0.001953125
4.225089967000031,1600.0,0.005859375,-0.001953125,0.001953125
4.230104961000052,1600.0,0.005859375,-0.001953125,0.001953125
4.2350859529999525,1600.0,0.005859375,-0.001953125,0.001953125
4.240082649999977,1600.0,0.005859375,-0.001953125,0.001953125
4.245114070999989,1600.0,0.005859375,-0.001953125,0.001953125
4.250093304000075,1600.0,0.005859375,-0.001953125,0.001953125
4.25508276000005,1600.0,0.005859375,-0.001953125,0.001953125
4.2600846790001015,1600.0,0.005859375,-0.001953125,0.001953125
4.265084803000036,1600.0,-0.001953125,0.0,0.001953125
4.27008829600004,1600.0,-0.001953125,0.0,0.001953125
4.275085066999964,1600.0,-0.001953125,0.0,0.001953125
4.280086487000062,1600.0,-0.001953125,0.0,0.001953125
4.285084739000013,1600.0,-0.001953125,0.0,0.001953125
4.290083455000058,1600.0,-0.001953125,0.0,0.001953125
4.295082115000014,1600.0,-0.001953125,0.0,0.001953125
4.300083516000086,1600.0,-0.001953125,0.0,0.001953125
4.305084083000111,1600.0,-0.001953125,0.0,0.001953125
4.310085151000067,1600.0,-0.001953125,0.0,0.001953125
4.315082089000043,1600.0,0.0,0.0,0.0
4.320084119000057,1600.0,0.0,0.0,0.0
4.32508381599996,1600.0,0.0,0.0,0.0
4.330100125999934,1600.0,0.0,0.0,0.0
4.335087321999936,1600.0,0.0,0.0,0.0
4.340269790000093,1600.0,0.0,0.0,0.0
4.3452130390001,1600.0,0.0,0.0,0.0
4.350129897999977,1600.0,0.0,0.0,0.0
4.355212877999975,1600.0,0.0,0.0,0.0
4.360102457000039,1600.0,0.0,0.0,0.0
4.365217791000077,1600.0,0.0,0.0,0.0
4.370119093000085,1600.0,0.0,0.0,0.0
4.375198332000082,1600.0,0.0,0.0,0.0
4.380117691000123,1600.0,0.0,0.0,0.0
4.385091404999912,1600.0,0.0,0.0,0.0
4.390139105000117,1600.0,0.0,0.0,0.0
4.39509659600003,1600.0,0.0,0.0,0.0
4.400123646000111,1600.0,0.0,0.0,0.0
4.4050962119999895,1600.0,0.0,0.0,0.0
4.410090298000114,1600.0,0.0,0.0,0.0
4.415087975999995,1600.0,0.0,0.0,0.0
4.4200938030001,1600.0,0.0,0.0,0.0
4.425103168000078,1600.0,0.0,0.0,0.0
4.430089975000101,1600.0,0.0,0.0,0.0
4.435084319999987,1600.0,0.0,0.0,0.0
4.440100537000035,1600.0,0.0,0.0,0.0
4.4451291620000575,1600.0,0.0,0.0,0.0
4.450109154000074,1600.0,0.0,0.0,0.0
4.455087813000091,1600.0,0.0,0.0,0.0
4.460082953999972,1600.0,0.0,0.0,0.0
4.465105300999994,1600.0,0.0,0.0,0.0
4.470132333000038,1600.0,0.0,0.0,0.0
4.475092435000079,1600.0,0.0,0.0,0.0
4.4800890209999125,1600.0,0.0,0.0,0.0
4.485084440000037,1600.0,0.0,0.0,0.0
4.490120231999981,1600.0,0.0,0.0,0.0
4.495114650999994,1600.0,0.0,0.0,0.0
4.500087771999915,1600.0,0.0,0.0,0.0
4.50508813600004,1600.0,0.0,0.0,0.0
4.510085481000033,1600.0,0.0,0.0,0.0
4.515085511000052,1600.0,0.0,0.0,0.0
4.520146934999957,1600.0,0.0,0.0,0.0
4.525095905999933,1600.0,0.0,0.0,0.0
4.530091325000058,1600.0,0.0,0.0,0.0
4.535086077999949,1600.0,0.0,0.0,0.0
4.540088405000006,1600.0,0.0,0.0,0.0
4.545086804999983,1600.0,0.0,0.0,0.0
4.550091299000087,1600.0,0.0,0.0,0.0
4.555086200000005,1600.0,0.0,0.0,0.0
4.560083286000008,1600.0,0.0,0.0,0.0
4.565087945999949,1600.0,0.0,0.0,0.0
4.570091773000058,1600.0,0.0,0.0,0.0
4.575114045999953,1600.0,0.0,0.0,0.0
4.5800892780000595,1600.0,0.0,0.0,0.0
4.585087252999983,1600.0,0.0,0.0,0.0
4.590091858000051,1600.0,0.0,0.0,0.0
4.5950866470000165,1600.0,0.0,0.0,0.0
4.6000852150000355,1600.0,0.0,0.0,0.0
4.605084338000097,1600.0,0.0,0.0,0.0
4.610087313000122,1600.0,0.0,0.0,0.0
4.6150883059999614,1600.0,0.0,0.0,0.0
4.62008972600006,1600.0,0.0,0.0,0.0
4.625085125999931,1600.0,0.0,0.0,0.0
4.630086119999987,1600.0,0.0,0.0,0.0
4.6350875210000595,1600.0,0.0,0.0,0.0
4.640084421999973,1600.0,0.0,0.0,0.0
4.645145178000121,1600.0,0.0,0.0,0.0
4.650097724000034,1600.0,0.0,0.0,0.0
4.65508819799993,1600.0,0.0,0.0,0.0
4.660089248000077,1600.0,0.0,0.0,0.0
4.6651033529999495,1600.0,0.0,0.0,0.0
4.67011060599998,1600.0,0.0,0.0,0.0
4.675089580000076,1600.0,0.0,0.0,0.0
4.6800876100001005,1600.0,0.0,0.0,0.0
4.685088880999956,1600.0,0.0,0.0,0.0
4.690086485999927,1600.0,0.0,0.0,0.0
4.695085978999941,1600.0,0.0,0.0,0.0
4.700084454000034,1600.0,0.0,0.0,0.0
4.705084021999937,1600.0,0.0,0.0,0.0
4.7101174990000345,1600.0,0.0,0.0,0.0
4.7150897870001245,1600.0,0.0,0.0,0.0
4.72008705799999,1600.0,0.0,0.0,0.0
4.72508530999994,1600.0,0.0,0.0,0.0
4.730087841000113,1600.0,0.0,0.0,0.0
4.735086963999947,1600.0,0.0,0.0,0.0
4.740087069000083,1600.0,0.0,0.0,0.0
4.74508534000006,1600.0,0.0,0.0,0.0
4.7500848520001,1600.0,0.0,0.0,0.0
4.755085863999966,1600.0,0.0,0.0,0.0
4.760085041999901,1600.0,0.0,0.0,0.0
4.76508607300002,1600.0,0.0,0.0,0.0
4.77008725099995,1600.0,0.0,0.0,0.0
4.775083059000053,1600.0,0.0,0.0,0.0
4.780085090000057,1600.0,0.0,0.0,0.0
4.785086435000039,1600.0,0.0,0.0,0.0
4.790087003000053,1600.0,0.0,0.0,0.0
4.795084867000014,1600.0,0.0,0.0,0.0
4.800084044999949,1600.0,0.0,0.0,0.0
4.805086186999915,1600.0,0.0,0.0,0.0
4.8100844949999555,1600.0,0.0,0.0,0.0
4.815082802999996,1600.0,0.0,0.0,0.0
4.820114187999934,1600.0,0.0,0.0,0.0
4.825088141999913,1600.0,0.0,0.0,0.0
4.8300909320000756,1600.0,0.0,0.0,0.0
4.835086537000052,1600.0,0.0,0.0,0.0
4.840083641000092,1600.0,0.0,0.0,0.0
4.845123414999989,1600.0,0.0,0.0,0.0
4.850094647000105,1600.0,0.0,0.0,0.0
4.855091196000103,1600.0,0.0,0.0,0.0
4.860086282000111,1600.0,0.0,0.0,0.0
4.865085219000093,1600.0,0.0,0.0,0.0
4.8700906209999175,1600.0,0.0,0.0,0.0
4.875102836999986,1600.0,0.0,0.0,0.0
4.880108942000106,1600.0,0.0,0.0,0.0
4.885085637999964,1600.0,0.0,0.0,0.0
4.890083724000078,1600.0,0.0,0.0,0.0
4.895083347000082,1600.0,0.0,0.0,0.0
4.9000871369999,1600.0,0.0,0.0,0.0
4.905086944999994,1600.0,0.0,0.0,0.0
4.910085698000103,1600.0,0.0,0.0,0.0
4.915083543000037,1600.0,0.0,0.0,0.0
4.920086739999988,1600.0,0.0,0.0,0.0
4.925162238999974,1600.0,0.0,0.0,0.0
4.930290925999998,1600.0,0.0,0.0,0.0
4.935310160999961,1600.0,0.0,0.0,0.0
4.940263466000033,1600.0,0.0,0.0,0.0
4.945217716000116,1600.0,0.0,0.0,0.0
4.950220487000024,1600.0,0.0,0.0,0.0
4.955327320999913,1600.0,0.0,0.0,0.0
4.960332444999949,1600.0,0.0,0.0,0.0
4.965287564999926,1600.0,0.0,0.0,0.0
4.970276206000108,1600.0,0.0,0.0,0.0
4.975232770000048,1600.0,0.0,0.0,0.0
4.980100181000125,1600.0,0.0,0.0,0.0
4.985087711000006,1600.0,0.0,0.0,0.0
4.990088740999909,1600.0,0.0,0.0,0.0
4.995101810000051,1600.0,0.0,0.0,0.0
5.000088061000042,1600.0,0.0,0.0,0.0
5.005089314000088,1600.0,0.0,0.0,0.0
5.010085956000012,1600.0,0.0,0.0,0.0
5.015085541999952,1600.0,0.0,0.0,0.0
5.020114241000101,1600.0,0.0,0.0,0.0
5.025092528999949,1600.0,0.0,0.0,0.0
5.03008796600011,1600.0,0.0,0.0,0.0
5.03508603399996,1600.0,0.0,0.0,0.0
5.040084138000111,1600.0,0.0,0.0,0.0
5.045120634000114,1600.0,0.0,0.0,0.0
5.050094441000056,1600.0,0.0,0.0,0.0
5.055094601000064,1600.0,0.0,0.0,0.0
5.060187692999989,1600.0,0.0,0.0,0.0
5.065180556000087,1600.0,0.0,0.0,0.0
5.070197940000071,1600.0,0.0,0.0,0.0
5.075256269999954,1600.0,0.0,0.0,0.0
5.080197723000083,1600.0,0.0,0.0,0.0
5.085187233999932,1600.0,0.0,0.0,0.0
5.0901871720000145,1600.0,0.0,0.0,0.0
5.095181110000112,1600.0,0.0,0.0,0.0
5.100180621999925,1600.0,0.0,0.0,0.0
5.105182003999971,1600.0,0.0,0.0,0.0
5.110181996999927,1600.0,0.0,0.0,0.0
5.115175935000025,1600.0,0.0,0.0,0.0
5.120181817999992,1600.0,0.0,0.0,0.0
5.12518095900009,1600.0,0.0,0.0,0.0
5.130187971999931,1600.0,0.0,0.0,0.0
5.13517879799997,1600.0,0.0,0.0,0.0
5.140174773000126,1600.0,0.0,0.0,0.0
5.145181026000046,1600.0,0.0,0.0,0.0
5.150181926999949,1600.0,0.0,0.0,0.0
5.155184050000116,1600.0,0.0,0.0,0.0
5.160141910999982,1600.0,0.0,0.0,0.0
5.165141034000044,1600.0,0.00390625,0.001953125,0.00390625
5.170151268999916,1600.0,0.00390625,0.001953125,0.00390625
5.175146299000062,1600.0,0.00390625,0.001953125,0.00390625
5.180144348000113,1600.0,0.00390625,0.001953125,0.00390625
5.185141618999978,1600.0,0.00390625,0.001953125,0.00390625
5.190149778999967,1600.0,0.00390625,0.001953125,0.00390625
5.195145790999959,1600.0,0.00390625,0.001953125,0.00390625
5.200145932999931,1600.0,0.00390625,0.001953125,0.00390625
5.205143241000087,1600.0,0.00390625,0.001953125,0.00390625
5.210141974999942,1600.0,0.00390625,0.001953125,0.00390625
5.2151721739999175,1600.0,0.00390625,0.001953125,-0.001953125
5.220152407000114,1600.0,0.00390625,0.001953125,-0.001953125
5.225151288999996,1600.0,0.00390625,0.001953125,-0.001953125
5.230150893999962,1600.0,0.00390625,0.001953125,-0.001953125
5.235144442000092,1600.0,0.00390625,0.001953125,-0.001953125
5.240146584000058,1600.0,0.00390625,0.001953125,-0.001953125
5.245177671999954,1600.0,0.00390625,0.001953125,-0.001953125
5.250154552999902,1598.0,0.00390625,0.001953125,-0.001953125
5.255147804999979,1596.0,0.00390625,0.001953125,-0.001953125
5.260144094999987,1594.0,0.00390625,0.001953125,-0.001953125
5.265147107000075,1592.0,0.00390625,0.0,0.001953125
5.270151767000016,1590.0,0.00390625,0.0,0.001953125
5.275143741999955,1588.0,0.00390625,0.0,0.001953125
5.28014284599999,1586.0,0.00390625,0.0,0.001953125
5.285143710000057,1584.0,0.00390625,0.0,0.001953125
5.290146241000002,1582.0,0.00390625,0.0,0.001953125
5.295145086000048,1580.0,0.00390625,0.0,0.001953125
5.300144764999914,1578.0,0.00390625,0.0,0.001953125
5.305142776999901,1576.0,0.00390625,0.0,0.001953125
5.310148566999942,1574.0,0.00390625,0.0,0.001953125
5.315144744999998,1572.0,0.001953125,0.00390625,-0.001953125
5.320147664999922,1570.0,0.001953125,0.00390625,-0.001953125
5.3251447130001,1568.0,0.001953125,0.00390625,-0.001953125
5.330143522000071,1566.0,0.001953125,0.00390625,-0.001953125
5.335144756000091,1564.0,0.001953125,0.00390625,-0.001953125
5.340317556999935,1562.0,0.001953125,0.00390625,-0.001953125
5.345291345000078,1560.0,0.001953125,0.00390625,-0.001953125
5.350269615000116,1558.0,0.001953125,0.00390625,-0.001953125
5.35527381199995,1556.0,0.001953125,0.00390625,-0.001953125
5.360161612999946,1554.0,0.001953125,0.00390625,-0.001953125
5.365283317999911,1552.0,0.00390625,0.0,0.0
5.37024793899991,1550.0,0.00390625,0.0,0.0
5.37525930400011,1548.0,0.00390625,0.0,0.0
5.380194977999963,1546.0,0.00390625,0.0,0.0
5.3851676920000955,1544.0,0.00390625,0.0,0.0
5.390155980999907,1542.0,0.00390625,0.0,0.0
5.395147807000058,1540.0,0.00390625,0.0,0.0
5.40015804199993,1538.0,0.00390625,0.0,0.0
5.4051623689999815,1536.0,0.00390625,0.0,0.0
5.410150620999957,1534.0,0.00390625,0.0,0.0
5.415148113999976,1532.0,0.00390625,0.0,0.0
5.420151775000022,1530.0,0.00390625,0.0,0.0
5.425144415999966,1528.0,0.00390625,0.0,0.0
5.430152687999907,1526.0,0.00390625,0.0,0.0
5.435148050999942,1524.0,0.00390625,0.0,0.0
5.440144507000014,1522.0,0.00390625,0.0,0.0
5.44519779999996,1520.0,0.00390625,0.0,0.0
5.450166717999991,1518.0,0.00390625,0.0,0.0
5.455156896000062,1516.0,0.00390625,0.0,0.0
5.460148092000054,1514.0,0.00390625,0.0,0.0
5.465142511000067,1512.0,0.00390625,0.0,-0.001953125
5.470163820999915,1510.0,0.00390625,0.0,-0.001953125
5.4751470910000535,1508.0,0.00390625,0.0,-0.001953125
5.480172734000007,1506.0,0.00390625,0.0,-0.001953125
5.485150003999934,1504.0,0.00390625,0.0,-0.001953125
5.4901533499999005,1502.0,0.00390625,0.0,-0.001953125
5.495145713000056,1500.0,0.00390625,0.0,-0.001953125
5.500178245999905,1500,0.00390625,0.0,-0.001953125
5.505149071000005,1500,0.00390625,0.0,-0.001953125
5.51014697100004,1500,0.00390625,0.0,-0.001953125
5.515140556999995,1500,0.001953125,-0.001953125,0.001953125
5.520149217999915,1500,0.001953125,-0.001953125,0.001953125
5.5251498590000665,1500,0.001953125,-0.001953125,0.001953125
5.530146611999953,1500,0.001953125,-0.001953125,0.001953125
5.535142493999956,1500,0.001953125,-0.001953125,0.001953125
5.540141487000028,1500,0.001953125,-0.001953125,0.001953125
5.5451409069999045,1500,0.001953125,-0.001953125,0.001953125
5.550152623000031,1500,0.001953125,-0.001953125,0.001953125
5.555155172000013,1500,0.001953125,-0.001953125,0.001953125
5.560191760999942,1500,0.001953125,-0.001953125,0.001953125
5.565183402000002,1500,0.001953125,0.0,0.0
5.570184209999979,1500,0.001953125,0.0,0.0
5.575239337000085,1500,0.001953125,0.0,0.0
5.580182659999991,1500,0.001953125,0.0,0.0
5.5851686710000195,1500,0.001953125,0.0,0.0
5.5901674790000015,1500,0.001953125,0.0,0.0
5.595165787000042,1500,0.001953125,0.0,0.0
5.6002681760001,1500,0.001953125,0.0,0.0
5.605181385999913,1500,0.001953125,0.0,0.0
5.610166101000004,1500,0.001953125,0.0,0.0
5.615166075999923,1500,-0.001953125,0.0,-0.001953125
5.620171422000112,1500,-0.001953125,0.0,-0.001953125
5.625164211000083,1500,-0.001953125,0.0,-0.001953125
5.630170075000024,1500,-0.001953125,0.0,-0.001953125
5.635162419999915,1500,-0.001953125,0.0,-0.001953125
5.640156672000103,1500,-0.001953125,0.0,-0.001953125
5.645245357000022,1500,-0.001953125,0.0,-0.001953125
5.650216311000122,1500,-0.001953125,0.0,-0.001953125
5.65520100699996,1500,-0.001953125,0.0,-0.001953125
5.660164275999932,1500,-0.001953125,0.0,-0.001953125
5.66516088100002,1500,0.001953125,0.001953125,0.0
5.67020367300006,1500,0.001953125,0.001953125,0.0
5.67516683100007,1500,0.001953125,0.001953125,0.0
5.680163064999988,1500,0.001953125,0.001953125,0.0
5.6851617990000705,1500,0.001953125,0.001953125,0.0
5.690167274000032,1500,0.001953125,0.001953125,0.0
5.695169378999935,1500,0.001953125,0.001953125,0.0
5.700161797999954,1500,0.001953125,0.001953125,0.0
5.705158513000015,1500,0.001953125,0.001953125,0.0
5.710159637000061,1500,0.001953125,0.001953125,0.0
5.7151648159999695,1500,-0.001953125,-0.00390625,0.0
5.720164865000015,1500,-0.001953125,-0.00390625,0.0
5.725161394999986,1500,-0.001953125,-0.00390625,0.0
5.730191909000041,1500,-0.001953125,-0.00390625,0.0
5.735160697000083,1500,-0.001953125,-0.00390625,0.0
5.740203082000107,1500,-0.001953125,-0.00390625,0.0
5.745171166000091,1500,-0.001953125,-0.00390625,0.0
5.7501634180000565,1500,-0.001953125,-0.00390625,0.0
5.755171764000124,1500,-0.001953125,-0.00390625,0.0
5.76017157199999,1500,-0.001953125,-0.00390625,0.0
5.7651529720001236,1500,0.001953125,0.001953125,0.001953125
5.770157946999916,1500,0.001953125,0.001953125,0.001953125
5.775148365999939,1500,0.001953125,0.001953125,0.001953125
5.780145507000043,1500,0.001953125,0.001953125,0.001953125
5.785143371000004,1500,0.001953125,0.001953125,0.001953125
5.79014843899995,1500,0.001953125,0.001953125,0.001953125
5.795148414000096,1500,0.001953125,0.001953125,0.001953125
5.800144518000025,1500,0.001953125,0.001953125,0.001953125
5.805143215000044,1500,0.001953125,0.001953125,0.001953125
5.810153579999906,1500,0.001953125,0.001953125,0.001953125
5.81515038800012,1500,0.001953125,-0.001953125,-0.001953125
5.820151362999923,1500,0.001953125,-0.001953125,-0.001953125
5.825144966999915,1500,0.001953125,-0.001953125,-0.001953125
5.830145811999955,1500,0.001953125,-0.001953125,-0.001953125
5.835146768999948,1500,0.001953125,-0.001953125,-0.001953125
5.840167597000118,1500,0.001953125,-0.001953125,-0.001953125
5.84520157399993,1500,0.001953125,-0.001953125,-0.001953125
5.850175546999935,1500,0.001953125,-0.001953125,-0.001953125
5.855148186999941,1500,0.001953125,-0.001953125,-0.001953125
5.860169181999936,1500,0.001953125,-0.001953125,-0.001953125
5.865165471999944,1500,-0.001953125,0.0,0.0
5.870171631999938,1500,-0.001953125,0.0,0.0
5.875170385000047,1500,-0.001953125,0.0,0.0
5.880157284999996,1500,-0.001953125,0.0,0.0
5.885165000999905,1500,-0.001953125,0.0,0.0
5.890163734999987,1500,-0.001953125,0.0,0.0
5.895156043000043,1500,-0.001953125,0.0,0.0
5.900154794999935,1500,-0.001953125,0.0,0.0
5.905191865000006,1500,-0.001953125,0.0,0.0
5.910170395000023,1500,-0.001953125,0.0,0.0
5.915163795000126,1500,-0.001953125,0.0,0.0
5.9201647879999655,1500,-0.001953125,0.0,0.0
5.925159800000074,1500,-0.001953125,0.0,0.0
5.930181499000128,1500,-0.001953125,0.0,0.0
5.93516958400005,1500,-0.001953125,0.0,0.0
5.940164484999968,1500,-0.001953125,0.0,0.0
5.9451599219999025,1500,-0.001953125,0.0,0.0
5.950159970999948,1500,-0.001953125,0.0,0.0
5.955163132000052,1500,-0.001953125,0.0,0.0
5.960150531999943,1500,-0.001953125,0.0,0.0
5.9651469509999515,1500,0.001953125,0.0,0.0
5.97016437100001,1500,0.001953125,0.0,0.0
5.975334191000002,1500,0.001953125,0.0,0.0
5.980374130999962,1500,0.001953125,0.0,0.0
5.985358457000075,1500,0.001953125,0.0,0.0
5.99035191300004,1500,0.001953125,0.0,0.0
5.995299477000117,1500,0.001953125,0.0,0.0
6.00016096100012,1500,0.001953125,0.0,0.0
6.005160769999975,1500,0.001953125,0.0,0.0
6.010151280999935,1500,0.001953125,0.0,0.0
6.015142941000022,1500,0.005859375,0.0,-0.001953125
6.02014843500001,1500,0.005859375,0.0,-0.001953125
6.025155872999903,1500,0.005859375,0.0,-0.001953125
6.030167626000093,1500,0.005859375,0.0,-0.001953125
6.035145600000078,1500,0.005859375,0.0,-0.001953125
6.04015348300004,1500,0.005859375,0.0,-0.001953125
6.045231351999973,1500,0.005859375,0.0,-0.001953125
6.050198601999909,1500,0.005859375,0.0,-0.001953125
6.055153037000082,1500,0.005859375,0.0,-0.001953125
6.06014952999999,1500,0.005859375,0.0,-0.001953125
6.065145709000035,1500,0.001953125,0.0,-0.001953125
6.070152072999917,1500,0.001953125,0.0,-0.001953125
6.075203866000038,1500,0.001953125,0.0,-0.001953125
6.080181562000007,1500,0.001953125,0.0,-0.001953125
6.085150887000054,1500,0.001953125,0.0,-0.001953125
6.090155935999974,1500,0.001953125,0.0,-0.001953125
6.095191875999944,1500,0.001953125,0.0,-0.001953125
6.100162348999902,1500,0.001953125,0.0,-0.001953125
6.105155620000005,1500,0.001953125,0.0,-0.001953125
6.110256824000089,1500,0.001953125,0.0,-0.001953125
6.115161848000071,1500,0.00390625,0.0,0.0
6.120155601000079,1500,0.00390625,0.0,0.0
6.125155704999997,1500,0.00390625,0.0,0.0
6.130154086999937,1500,0.00390625,0.0,0.0
6.135146635999945,1500,0.00390625,0.0,0.0
6.14014459200007,1500,0.00390625,0.0,0.0
6.145145678000063,1500,0.00390625,0.0,0.0
6.150157135999962,1500,0.00390625,0.0,0.0
6.1551479249999375,1500,0.00390625,0.0,0.0
6.160147733000031,1500,0.0,0.0,0.0
6.165150449000066,1500,0.0,0.0,0.0
6.170151738999948,1500,0.0,0.0,0.0
6.175151195000126,1500,0.0,0.0,0.0
6.180147113999965,1500,0.0,0.0,0.0
6.185146904000021,1500,0.0,0.0,0.0
6.190144712000119,1500,0.0,0.0,0.0
6.195147834999943,1500,0.0,0.0,0.0
6.200144680999983,1500,0.0,0.0,0.0
6.205147507999982,1500,0.0,0.0,0.0
6.2101475570000275,1500,0.0,0.0,0.0
6.2151451610000095,1500,0.0,0.0,0.0
6.220170155999995,1500,0.0,0.0,0.0
6.225155203999975,1500,0.0,0.0,0.0
6.230158141999937,1500,0.0,0.0,0.0
6.235225898999943,1500,0.0,0.0,0.0
6.240246097999943,1500,0.0,0.0,0.0
6.245170771999938,1500,0.0,0.0,0.0
6.250187674000017,1500,0.0,0.0,0.0
6.2551479609999205,1500,0.0,0.0,0.0
6.260149806000072,1500,0.0,0.0,0.0
6.265154615000029,1500,0.0,0.0,0.0
6.270173776000092,1500,0.0,0.0,0.0
6.27515193499994,1500,0.0,0.0,0.0
6.28014255700009,1500,0.0,0.0,0.0
6.285140253999998,1500,0.0,0.0,0.0
6.290145563000124,1500,0.0,0.0,0.0
6.295155853000097,1500,0.0,0.0,0.0
6.300146956999924,1500,0.0,0.0,0.0
6.30514185800007,1500,0.0,0.0,0.0
6.31015324100008,1500,0.0,0.0,0.0
6.315156549999983,1500,0.0,0.0,0.0
6.3201479869999275,1500,0.0,0.0,0.0
6.325143554000078,1500,0.0,0.0,0.0
6.330148252000072,1500,0.0,0.0,0.0
6.335145263999948,1500,0.0,0.0,0.0
6.340309638000008,1500,0.0,0.0,0.0
6.3453316519999134,1500,0.0,0.0,0.0
6.3503393490000235,1500,0.0,0.0,0.0
6.355442182999923,1500,0.0,0.0,0.0
6.360306130000026,1500,0.0,0.0,0.0
6.365289734000044,1500,0.0,0.0,0.0
6.370190073000003,1500,0.0,0.0,0.0
6.375360521999937,1500,0.0,0.0,0.0
6.380292843999996,1500,0.0,0.0,0.0
6.385229722000076,1500,0.0,0.0,0.0
6.3901647669999875,1500,0.0,0.0,0.0
6.395138277000115,1500,0.0,0.0,0.0
6.400172773000122,1500,0.0,0.0,0.0
6.405144876000122,1500,0.0,0.0,0.0
6.410141147000104,1500,0.0,0.0,0.0
6.415140714000017,1500,0.0,0.0,0.0
6.420143134,1500,0.0,0.0,0.0
6.425131830000055,1500,0.0,0.0,0.0
6.430136749999974,1500,0.0,0.0,0.0
6.435131632000093,1500,0.0,0.0,0.0
6.440129958999933,1500,0.0,0.0,0.0
6.445131248000052,1500,0.0,0.0,0.0
6.450188004999973,1500,0.0,0.0,0.0
6.455142439999918,1500,0.0,0.0,0.0
6.460144470999921,1500,0.0,0.0,0.0
6.465157631000011,1500,0.0,0.0,0.0
6.470170107000058,1500,0.0,0.0,0.0
6.47515337699997,1500,0.0,0.0,0.0
6.480169335000028,1500,0.0,0.0,0.0
6.485154679000061,1500,0.0,0.0,0.0
6.490229843999941,1500,0.0,0.0,0.0
6.4951583700001265,1500,0.0,0.0,0.0
6.500146900000118,1500,0.0,0.0,0.0
6.505143892999968,1500,0.0,0.0,0.0
6.510149313000056,1500,0.0,0.0,0.0
6.515151806999938,1500,0.0,0.0,0.0
6.520221322999987,1500,0.0,0.0,0.0
6.525165128000026,1500,0.0,0.0,0.0
6.530150750000075,1500,0.0,0.0,0.0
6.535146131999909,1500,0.0,0.0,0.0
6.540145754999912,1500,0.0,0.0,0.0
6.545144618999984,1500,0.0,0.0,0.0
6.5501527240001,1500,0.0,0.0,0.0
6.555146347000118,1500,0.0,0.0,0.0
6.560145728999942,1500,0.0,0.0,0.0
6.565150871000014,1500,0.0,0.0,0.0
6.570143142000006,1500,0.0,0.0,0.0
6.575157858000011,1500,0.0,0.0,0.0
6.580177038000102,1500,0.0,0.0,0.0
6.585148048000065,1500,0.0,0.0,0.0
6.590149949000079,1500,0.0,0.0,0.0
6.59514501700005,1500,0.0,0.0,0.0
6.600142491000042,1500,0.0,0.0,0.0
6.605141243999924,1500,0.0,0.0,0.0
6.6101451639999595,1500,0.0,0.0,0.0
6.6151495460001115,1500,0.0,0.0,0.0
6.620144595000056,1500,0.0,0.0,0.0
6.62514155100007,1500,0.0,0.0,0.0
6.630149712000048,1500,0.0,0.0,0.0
6.635144889999992,1500,0.0,0.0,0.0
6.640144532000022,1500,0.0,0.0,0.0
6.645143266000105,1500,0.0,0.0,0.0
6.650203652000073,1500,0.0,0.0,0.0
6.655164791000061,1500,0.0,0.0,0.0
6.660163322000017,1500,0.0,0.0,0.0
6.665156685000056,1500,0.0,0.0,0.0
6.67016640199995,1500,0.0,0.0,0.0
6.675150320000057,1500,0.0,0.0,0.0
6.680145147000076,1500,0.0,0.0,0.0
6.685143083999947,1500,0.0,0.0,0.0
6.69015311499993,1500,0.0,0.0,0.0
6.695144737999954,1500,0.0,0.0,0.0
6.700141156999962,1500,0.0,0.0,0.0
6.705141669000113,1500,0.0,0.0,0.0
6.710146958999985,1500,0.0,0.0,0.0
6.715147767999952,1500,0.0,0.0,0.0
6.720142353000028,1500,0.0,0.0,0.0
6.725143124999931,1500,0.0,0.0,0.0
6.730146415000036,1500,0.0,0.0,0.0
6.735142445000065,1500,0.0,0.0,0.0
6.740141642000026,1500,0.0,0.0,0.0
6.745141727999908,1500,0.0,0.0,0.0
6.750180187000069,1500,0.0,0.0,0.0
6.755143604000068,1500,0.0,0.0,0.0
6.760161025000116,1500,0.0,0.0,0.0
6.765152629000113,1500,0.0,0.0,0.0
6.770148973999994,1500,0.0,0.0,0.0
6.775144634000071,1500,0.0,0.0,0.0
6.780141404999995,1500,0.0,0.0,0.0
6.78514152799994,1500,0.0,0.0,0.0
6.790178728000001,1500,0.0,0.0,0.0
6.795145534000085,1500,0.0,0.0,0.0
6.800141711999913,1500,0.0,0.0,0.0
6.8051391870001225,1500,0.0,0.0,0.0
6.810143661999973,1500,0.0,0.0,0.0
6.81514604500012,1500,0.0,0.0,0.0
6.82017520699992,1500,0.0,0.0,0.0
6.82515264299991,1500,0.0,0.0,0.0
6.830150284999945,1500,0.0,0.0,0.0
6.83514290700009,1500,0.0,0.0,0.0
6.840142642000046,1500,0.0,0.0,0.0
6.845173804000069,1500,0.0,0.0,0.0
6.8501860569999735,1500,0.0,0.0,0.0
6.855148936999967,1500,0.0,0.0,0.0
6.860147189999907,1500,0.0,0.0,0.0
6.865150276000122,1500,0.0,0.0,0.0
6.870153455000036,1500,0.0,0.0,0.0
6.87515529999996,1500,0.0,0.0,0.0
6.880143664000116,1500,0.0,0.0,0.0
6.88514171199995,1500,0.0,0.0,0.0
6.890148632000091,1500,0.0,0.0,0.0
6.895141699000078,1500,0.0,0.0,0.0
6.900139914999954,1500,0.0,0.0,0.0
6.9051415940000425,1500,0.0,0.0,0.0
6.910144013000036,1500,0.0,0.0,0.0
6.915147728999955,1500,0.0,0.0,0.0
6.920141462999936,1500,0.0,0.0,0.0
6.92514215999995,1500,0.0,0.0,0.0
6.930151802999944,1500,0.0,0.0,0.0
6.935144498999989,1500,0.0,0.0,0.0
6.940141752000045,1500,0.0,0.0,0.0
6.945143245000054,1500,0.0,0.0,0.0
6.950146683999947,1500,0.0,0.0,0.0
6.955142658000113,1500,0.0,0.0,0.0
6.9601416699999845,1500,0.0,0.0,0.0
6.965144553000073,1500,0.0,0.0,0.0
6.970150065000098,1500,0.0,0.0,0.0
6.975142151,1500,0.0,0.0,0.0
6.980139959000098,1500,0.0,0.0,0.0
6.98513889700007,1500,0.0,0.0,0.0
6.9901464829999895,1500,0.0,0.0,0.0
6.995140828000103,1500,0.0,0.0,0.0
7.000162952999972,1500,0.0,0.0,0.0
7.005140574000052,1500,0.0,0.0,0.0
7.01014753100003,1500,0.0,0.0,0.0
7.015144968999948,1500,0.0,0.0,0.0
7.020142980999935,1500,0.0,0.0,0.0
7.025147864000019,1500,0.0,0.0,0.0
7.0301440240000375,1500,0.0,0.0,0.0
7.0351448500000515,1500,0.0,0.0,0.0
7.040143898999986,1500,0.0,0.0,0.0
7.0451406520001,1500,0.0,0.0,0.0
7.050176110999928,1500,0.0,0.0,0.0
7.055146936000028,1500,0.0,0.0,0.0
7.060146725000095,1500,0.0,0.0,0.0
7.065147181999919,1500,0.0,0.0,0.0
7.07014782400006,1500,0.0,0.0,0.0
7.075141965000057,1500,0.0,0.0,0.0
7.0801877579999655,1500,0.0,0.0,0.0
7.085150488999943,1500,0.0,0.0,0.0
7.090149816000121,1500,0.0,0.0,0.0
7.095145124000055,1500,0.0,0.0,0.0
7.100141914000005,1500,0.0,0.0,0.0
7.105139333000125,1500,0.0,0.0,0.0
7.1101444010000705,1500,0.0,0.0,0.0
7.115146486999947,1500,0.0,0.0,0.0
7.120142999000109,1500,0.0,0.0,0.0
7.125140085000112,1500,0.0,0.0,0.0
7.130143244999999,1500,0.0,0.0,0.0
7.135142682999913,1500,0.0,0.0,0.0
7.140141176000043,1500,0.0,0.0,0.0
7.145140540000057,1500,0.0,0.0,0.0
7.15013895900006,1500,0.0,0.0,0.0
7.155159620999939,1500,0.0,0.0,0.0
7.160167837000017,1500,0.0,0.0,0.0
7.165208907000078,1500,0.0,0.0,0.0
7.1701842330001,1500,0.0,0.0,0.0
7.175164743000096,1500,0.0,0.0,0.0
7.180158032999998,1500,0.0,0.0,0.0
7.185160508000081,1500,0.0,0.0,0.0
7.190159648999952,1500,0.0,0.0,0.0
7.195157420999976,1500,0.0,0.0,0.0
7.200156692000064,1500,0.0,0.0,0.0
7.205164537999963,1500,0.0,0.0,0.0
7.210162846000003,1500,0.0,0.0,0.0
7.215163562000043,1500,0.0,0.0,0.0
7.220160666000083,1500,0.0,0.0,0.0
7.225157566999997,1500,0.0,0.0,0.0
7.23017946899995,1500,0.0,0.0,0.0
7.235164238999914,1500,0.0,0.0,0.0
7.24016282499997,1500,0.0,0.0,0.0
7.245159484999931,1500,0.0,0.0,0.0
7.250210129999914,1500,0.0,0.0,0.0
7.255201586000112,1500,0.0,0.0,0.0
7.260224895999954,1500,0.0,0.0,0.0
7.265154866000103,1500,0.0,0.0,0.0
7.270149432999915,1500,0.0,0.0,0.0
7.275143463999939,1500,0.0,0.0,0.0
7.280144216000053,1500,0.0,0.0,0.0
7.285144376000062,1500,0.0,0.0,0.0
7.290144944000076,1500,0.0,0.0,0.0
7.295196181999927,1500,0.0,0.0,0.0
7.3001523759999145,1500,0.0,0.0,0.0
7.305150906000108,1500,0.0,0.0,0.0
7.310147473999905,1500,0.0,0.0,0.0
7.315150893000009,1500,0.0,0.0,0.0
7.320143071000075,1500,0.0,0.0,0.0
7.325141416999941,1500,0.0,0.0,0.0
7.330147781000051,1500,0.0,0.0,0.0
7.3351686460000565,1500,0.0,0.0,0.0
7.340268256999934,1500,0.0,0.0,0.0
7.345277639999949,1500,0.0,0.0,0.0
7.350269910999941,1500,0.0,0.0,0.0
7.355257366999922,1500,0.0,0.0,0.0
7.360163261000025,1500,0.0,0.0,0.0
7.365320913000005,1500,0.0,0.0,0.0
7.370259884000006,1500,0.0,0.0,0.0
7.375163483000051,1500,0.0,0.0,0.0
7.380254778000108,1500,0.0,0.0,0.0
7.3851855079999496,1500,0.0,0.0,0.0
7.39015766600005,1500,0.0,0.0,0.0
7.39515090000009,1500,0.0,0.0,0.0
7.4001524679999875,1500,0.0,0.0,0.0
7.405147313000043,1500,0.0,0.0,0.0
7.410148399000036,1500,0.0,0.0,0.0
7.415152726000088,1500,0.0,0.0,0.0
7.420148237999911,1500,0.0,0.0,0.0
7.42514565700003,1500,0.0,0.0,0.0
7.430149798999992,1500,0.0,0.0,0.0
7.435143235999931,1500,0.0,0.0,0.0
7.440141711000024,1500,0.0,0.0,0.0
7.445144816000038,1500,0.0,0.0,0.0
7.4501852939999935,1500,0.0,0.0,0.0
7.455145822000077,1500,0.0,0.0,0.0
7.460144741000022,1500,0.0,0.0,0.0
7.465150531000063,1500,0.0,0.0,0.0
7.4701580440000726,1500,0.0,0.0,0.0
7.475208966000082,1500,0.0,0.0,0.0
7.4801526230000945,1500,0.0,0.0,0.0
7.485145763999981,1500,0.0,0.0,0.0
7.490175036999972,1500,0.0,0.0,0.0
7.495147603000078,1500,0.0,0.0,0.0
