t,yaw,pitch,roll,ax,ay,az
0.004,-16.01,86.32,164.09,-0.1569,9.5125,-0.6178
0.014,-16.00,86.32,164.10,-0.1961,9.4340,-0.6178
0.024,-15.99,86.32,164.11,-0.1961,9.3556,-0.5786
0.034,-15.96,86.32,164.14,-0.1961,9.3066,-0.5786
0.044,-15.94,86.32,164.15,-0.1569,9.3164,-0.5786
0.054,-15.92,86.32,164.17,-0.1569,9.4635,-0.5786
0.064,-15.88,86.31,164.21,-0.1569,9.5125,-0.6178
0.074,-15.88,86.31,164.22,-0.1569,9.5125,-0.6178
0.084,-15.91,86.32,164.19,-0.1569,9.5125,-0.6178
0.094,-15.92,86.32,164.17,-0.1961,9.3948,-0.5786
0.104,-15.92,86.32,164.17,-0.1961,9.3066,-0.5786
0.114,-15.91,86.32,164.18,-0.1961,9.3066,-0.5786
0.124,-15.90,86.31,164.19,-0.1569,9.3458,-0.5786
0.134,-15.91,86.31,164.18,-0.1569,9.5027,-0.5786
0.144,-15.90,86.31,164.19,-0.1569,9.5125,-0.6178
0.154,-15.89,86.31,164.20,-0.1569,9.5125,-0.6178
0.164,-15.88,86.31,164.21,-0.1569,9.4340,-0.5786
0.174,-15.88,86.31,164.21,-0.1569,9.3164,-0.5786
0.184,-15.87,86.31,164.22,-0.1961,9.3066,-0.5786
0.194,-15.85,86.31,164.23,-0.1961,9.3556,-0.5786
0.204,-15.82,86.31,164.27,-0.1569,9.4242,-0.5394
0.214,-15.79,86.31,164.30,-0.1569,9.5027,-0.5786
0.224,-15.78,86.31,164.30,-0.1569,9.5125,-0.6178
0.234,-15.79,86.31,164.29,-0.1961,9.4635,-0.6178
0.244,-15.83,86.31,164.26,-0.1961,9.3948,-0.5786
0.254,-15.83,86.31,164.26,-0.1961,9.3066,-0.5786
0.265,-15.79,86.31,164.29,-0.1569,9.3458,-0.5786
0.274,-15.76,86.31,164.32,-0.1569,9.3948,-0.6178
0.284,-15.74,86.31,164.35,-0.1569,9.4733,-0.6178
0.294,-15.73,86.30,164.36,-0.1569,9.5125,-0.6178
0.304,-15.74,86.31,164.34,-0.1569,9.4340,-0.5786
0.314,-15.75,86.31,164.33,-0.1569,9.3948,-0.6178
0.324,-15.74,86.31,164.35,-0.1961,9.3556,-0.5786
0.334,-15.72,86.31,164.36,-0.1961,9.3164,-0.5394
0.344,-15.70,86.31,164.39,-0.1569,9.3948,-0.6178
0.354,-15.69,86.31,164.40,-0.1569,9.4733,-0.6178
0.367,-15.67,86.30,164.42,-0.1569,9.5125,-0.6178
0.374,-15.66,86.30,164.43,-0.1569,9.4635,-0.5786
0.384,-15.65,86.30,164.44,-0.1569,9.4340,-0.5786
0.394,-15.65,86.30,164.44,-0.1961,9.3556,-0.5786
0.404,-15.65,86.31,164.44,-0.1569,9.3458,-0.5786
0.414,-15.65,86.31,164.44,-0.1569,9.3458,-0.5786
0.424,-15.65,86.31,164.44,-0.1569,9.4242,-0.6178
0.434,-15.65,86.30,164.43,-0.1569,9.5027,-0.5786
0.444,-15.66,86.30,164.43,-0.1569,9.5125,-0.6178
0.454,-15.66,86.30,164.43,-0.1961,9.4340,-0.6178
0.464,-15.66,86.30,164.43,-0.1961,9.3458,-0.6178
0.474,-15.66,86.30,164.43,-0.1961,9.3556,-0.5786
0.487,-15.66,86.30,164.43,-0.1569,9.3458,-0.5786
0.494,-15.66,86.30,164.43,-0.1569,9.3850,-0.5786
0.504,-15.66,86.30,164.43,-0.1569,9.4733,-0.6178
0.514,-15.66,86.30,164.43,-0.1569,9.5027,-0.5786
0.524,-15.66,86.30,164.43,-0.1569,9.5125,-0.6178
0.534,-15.66,86.30,164.43,-0.1961,9.3948,-0.5786
0.544,-15.66,86.30,164.42,-0.1961,9.3066,-0.5786
0.554,-15.67,86.30,164.42,-0.1961,9.3458,-0.5394
0.564,-15.67,86.30,164.42,-0.1961,9.3556,-0.5786
0.574,-15.67,86.30,164.42,-0.1569,9.4635,-0.5786
0.584,-15.67,86.30,164.42,-0.1569,9.5125,-0.6570
0.594,-15.67,86.30,164.42,-0.1569,9.5125,-0.6178
0.604,-15.67,86.30,164.42,-0.1569,9.4340,-0.5786
0.614,-15.67,86.30,164.42,-0.1961,9.3556,-0.5786
0.624,-15.67,86.30,164.42,-0.1961,9.3066,-0.5786
0.634,-15.67,86.30,164.42,-0.1569,9.3458,-0.5786
0.644,-15.67,86.30,164.42,-0.1569,9.4242,-0.6178
0.654,-15.67,86.30,164.42,-0.1569,9.4733,-0.6178
0.664,-15.67,86.30,164.41,-0.1569,9.5517,-0.6178
0.674,-15.67,86.30,164.41,-0.1569,9.4733,-0.6178
0.684,-15.68,86.30,164.41,-0.1569,9.4242,-0.6178
0.694,-15.68,86.30,164.41,-0.1961,9.3556,-0.5786
0.704,-15.67,86.30,164.41,-0.1569,9.3458,-0.5786
0.714,-15.67,86.30,164.42,-0.1569,9.3948,-0.5394
0.724,-15.67,86.30,164.42,-0.1569,9.4635,-0.5786
0.734,-15.67,86.30,164.42,-0.1569,9.5125,-0.6178
0.744,-15.67,86.30,164.42,-0.1569,9.4733,-0.6178
0.754,-15.67,86.30,164.42,-0.1569,9.4242,-0.6178
0.764,-15.67,86.30,164.42,-0.1961,9.3948,-0.5786
0.774,-15.67,86.30,164.42,-0.1961,9.3164,-0.6178
0.784,-15.67,86.30,164.42,-0.1961,9.3850,-0.6178
0.794,-15.67,86.30,164.42,-0.1569,9.4242,-0.6178
0.804,-15.66,86.30,164.42,-0.1569,9.5125,-0.6178
0.814,-15.66,86.30,164.43,-0.1569,9.4733,-0.6178
0.824,-15.66,86.30,164.43,-0.1569,9.4242,-0.6178
0.834,-15.66,86.30,164.43,-0.1569,9.3850,-0.5786
0.847,-15.66,86.30,164.43,-0.1961,9.3556,-0.5786
0.854,-15.66,86.30,164.43,-0.1569,9.3458,-0.5786
0.864,-15.66,86.30,164.43,-0.1177,9.4242,-0.6178
0.874,-15.65,86.30,164.44,-0.1569,9.4733,-0.6178
0.889,-15.65,86.29,164.44,-0.1569,9.4733,-0.6570
0.894,-15.65,86.29,164.44,-0.1569,9.4635,-0.5786
0.904,-15.65,86.29,164.44,-0.1569,9.3948,-0.6178
0.916,-15.65,86.29,164.44,-0.1961,9.3556,-0.5786
0.924,-15.65,86.29,164.44,-0.1569,9.3458,-0.5786
0.937,-15.64,86.29,164.44,-0.1569,9.3850,-0.5786
0.946,-15.64,86.29,164.45,-0.1569,9.4733,-0.6178
0.954,-15.64,86.29,164.45,-0.1177,9.4733,-0.6178
0.966,-15.64,86.29,164.45,-0.1569,9.5125,-0.6178
0.976,-15.64,86.29,164.45,-0.1569,9.3850,-0.5786
0.985,-15.64,86.29,164.45,-0.1961,9.3948,-0.5786
0.994,-15.64,86.29,164.45,-0.1569,9.3458,-0.5786
1.004,-15.64,86.29,164.45,-0.1569,9.3556,-0.6178
1.014,-15.63,86.29,164.45,-0.1569,9.4733,-0.6178
1.024,-15.62,86.29,164.46,-0.1569,9.5125,-0.6178
1.034,-15.61,86.29,164.47,-0.1569,9.5125,-0.6178
1.044,-15.60,86.29,164.48,-0.1569,9.4733,-0.6178
1.054,-15.59,86.29,164.49,-0.1569,9.3458,-0.5786
1.064,-15.59,86.29,164.50,-0.1961,9.3556,-0.5786
1.074,-15.58,86.29,164.51,-0.1569,9.3458,-0.5786
1.084,-15.57,86.29,164.52,-0.1569,9.4242,-0.6178
1.094,-15.56,86.29,164.53,-0.1569,9.5125,-0.6178
1.104,-15.55,86.29,164.54,-0.1177,9.5125,-0.6178
1.114,-15.54,86.29,164.55,-0.1569,9.4635,-0.5786
1.124,-15.53,86.29,164.56,-0.1569,9.4340,-0.5786
1.134,-15.52,86.29,164.57,-0.1569,9.3556,-0.6178
1.144,-15.51,86.29,164.58,-0.1569,9.3556,-0.6178
1.154,-15.50,86.29,164.58,-0.1569,9.3948,-0.6178
1.164,-15.50,86.29,164.59,-0.1569,9.4242,-0.6178
1.174,-15.49,86.29,164.60,-0.1569,9.5027,-0.5786
1.184,-15.48,86.28,164.61,-0.1569,9.5027,-0.5786
1.194,-15.47,86.28,164.62,-0.1569,9.4733,-0.6178
1.204,-15.46,86.28,164.63,-0.1961,9.3850,-0.6178
1.214,-15.46,86.28,164.63,-0.1569,9.3850,-0.5786
1.224,-15.45,86.28,164.64,-0.1961,9.3948,-0.5786
1.234,-15.44,86.28,164.65,-0.1569,9.3948,-0.6178
1.244,-15.43,86.28,164.66,-0.1569,9.4733,-0.6178
1.254,-15.42,86.28,164.66,-0.1569,9.5125,-0.6178
1.264,-15.42,86.28,164.67,-0.1569,9.4733,-0.6178
1.274,-15.41,86.28,164.68,-0.1961,9.4242,-0.5786
1.284,-15.40,86.28,164.69,-0.1961,9.3850,-0.6178
1.294,-15.40,86.28,164.69,-0.1569,9.3850,-0.5786
1.304,-15.39,86.28,164.70,-0.1569,9.3948,-0.6178
1.314,-15.38,86.28,164.71,-0.1569,9.4340,-0.5786
1.324,-15.38,86.28,164.71,-0.1569,9.5125,-0.6178
1.334,-15.37,86.28,164.72,-0.1569,9.5125,-0.6178
1.344,-15.36,86.28,164.73,-0.1569,9.4242,-0.6178
1.354,-15.35,86.28,164.73,-0.1569,9.3458,-0.5786
1.364,-15.35,86.28,164.74,-0.1961,9.3948,-0.5786
1.374,-15.34,86.28,164.75,-0.1569,9.3948,-0.6178
1.384,-15.34,86.28,164.75,-0.1569,9.4340,-0.5786
1.394,-15.33,86.28,164.76,-0.1569,9.4733,-0.6570
1.404,-15.32,86.28,164.77,-0.1569,9.5125,-0.6178
1.414,-15.32,86.28,164.77,-0.1569,9.4242,-0.6178
1.424,-15.31,86.28,164.78,-0.1961,9.3850,-0.6570
1.434,-15.30,86.28,164.79,-0.1569,9.3948,-0.6178
1.444,-15.29,86.28,164.80,-0.1569,9.3556,-0.6178
1.454,-15.29,86.28,164.80,-0.1569,9.4733,-0.6178
1.464,-15.28,86.28,164.81,-0.1569,9.4733,-0.6178
1.474,-15.27,86.28,164.82,-0.1177,9.4733,-0.6178
1.484,-15.26,86.28,164.83,-0.1569,9.5125,-0.6178
1.493,-15.25,86.28,164.84,-0.1569,9.3948,-0.6178
1.503,-15.25,86.28,164.84,-0.1961,9.3850,-0.6178
1.513,-15.24,86.28,164.85,-0.1961,9.3458,-0.6178
1.523,-15.23,86.27,164.86,-0.1569,9.3850,-0.5786
1.533,-15.22,86.27,164.87,-0.1177,9.4733,-0.6570
1.543,-15.22,86.27,164.87,-0.1177,9.4733,-0.6178
1.553,-15.21,86.27,164.88,-0.1177,9.4733,-0.6570
1.563,-15.20,86.27,164.89,-0.1569,9.4242,-0.6178
1.573,-15.20,86.27,164.89,-0.1569,9.3948,-0.6570
1.583,-15.19,86.27,164.90,-0.1177,9.3458,-0.5786
1.593,-15.18,86.27,164.91,-0.1569,9.3948,-0.6178
1.603,-15.17,86.27,164.92,-0.1569,9.4242,-0.6178
1.613,-15.16,86.27,164.93,-0.1569,9.5125,-0.6570
1.623,-15.16,86.27,164.93,-0.1569,9.4733,-0.6178
1.633,-15.15,86.27,164.94,-0.1569,9.4733,-0.6178
1.643,-15.14,86.27,164.95,-0.1569,9.4340,-0.5786
1.653,-15.13,86.26,164.96,-0.1569,9.3948,-0.6178
1.663,-15.12,86.26,164.97,-0.1569,9.3948,-0.6178
1.673,-15.11,86.26,164.98,-0.1569,9.3948,-0.6178
1.683,-15.10,86.26,164.99,-0.1569,9.4242,-0.6178
1.693,-15.10,86.26,164.99,-0.1569,9.5125,-0.6178
1.703,-15.09,86.26,165.00,-0.1177,9.4733,-0.6570
1.713,-15.08,86.26,165.01,-0.1569,9.4733,-0.6178
1.723,-15.06,86.26,165.03,-0.1961,9.3850,-0.6178
1.733,-15.05,86.26,165.04,-0.1569,9.3948,-0.6178
1.743,-15.03,86.26,165.06,-0.1569,9.3948,-0.6178
1.753,-15.02,86.25,165.07,-0.1569,9.4733,-0.6178
1.763,-15.00,86.25,165.09,-0.1177,9.4733,-0.6178
1.773,-14.99,86.25,165.11,-0.1569,9.4733,-0.6178
1.783,-14.97,86.25,165.12,-0.1569,9.4733,-0.6178
1.793,-14.95,86.25,165.14,-0.1569,9.4242,-0.6178
1.803,-14.94,86.25,165.15,-0.1569,9.3948,-0.6178
1.813,-14.93,86.25,165.17,-0.1569,9.3948,-0.6178
1.823,-14.91,86.25,165.18,-0.1569,9.4242,-0.6178
1.833,-14.90,86.25,165.19,-0.1177,9.4242,-0.6178
1.843,-14.88,86.25,165.21,-0.1177,9.4733,-0.6178
1.853,-14.87,86.25,165.22,-0.1569,9.4635,-0.5786
1.863,-14.85,86.25,165.24,-0.1569,9.4242,-0.6178
1.873,-14.84,86.25,165.25,-0.1569,9.3948,-0.6178
1.883,-14.83,86.25,165.26,-0.1569,9.3948,-0.6178
1.893,-14.81,86.24,165.28,-0.1569,9.4242,-0.6570
1.903,-14.80,86.24,165.29,-0.1177,9.4733,-0.6178
1.913,-14.79,86.24,165.30,-0.1177,9.4733,-0.6178
1.923,-14.78,86.24,165.32,-0.1569,9.4733,-0.6178
1.933,-14.76,86.24,165.33,-0.1569,9.4340,-0.5786
1.943,-14.75,86.24,165.34,-0.1569,9.3948,-0.6178
1.953,-14.74,86.24,165.35,-0.1569,9.3948,-0.6178
1.963,-14.73,86.24,165.36,-0.1569,9.3948,-0.6178
1.973,-14.71,86.24,165.38,-0.1177,9.4733,-0.6178
1.983,-14.70,86.24,165.39,-0.1177,9.5125,-0.6570
1.993,-14.69,86.24,165.40,-0.1177,9.5125,-0.6178
2.003,-14.68,86.24,165.41,-0.1177,9.4733,-0.6178
2.013,-14.67,86.24,165.42,-0.1569,9.4242,-0.6570
2.023,-14.66,86.24,165.43,-0.1569,9.3948,-0.6178
2.033,-14.65,86.24,165.45,-0.1569,9.4340,-0.5786
2.043,-14.63,86.24,165.46,-0.1569,9.4242,-0.6178
2.053,-14.61,86.24,165.48,-0.1177,9.4733,-0.6178
2.063,-14.59,86.24,165.50,-0.1177,9.4733,-0.6570
2.073,-14.57,86.23,165.52,-0.1569,9.5125,-0.6178
2.083,-14.55,86.23,165.54,-0.1569,9.4733,-0.6570
2.093,-14.53,86.23,165.56,-0.1569,9.3948,-0.6178
2.103,-14.51,86.23,165.58,-0.1569,9.3948,-0.6178
2.113,-14.50,86.23,165.60,-0.1177,9.3948,-0.6178
2.123,-14.48,86.23,165.61,-0.1177,9.4242,-0.6178
2.133,-14.46,86.23,165.63,-0.1569,9.4733,-0.6570
2.143,-14.44,86.23,165.65,-0.1177,9.4733,-0.6570
2.153,-14.43,86.23,165.67,-0.1569,9.4242,-0.6570
2.163,-14.41,86.23,165.68,-0.1569,9.4242,-0.6570
2.173,-14.39,86.23,165.70,-0.1569,9.3948,-0.6178
2.183,-14.37,86.23,165.72,-0.1569,9.3948,-0.6570
2.193,-14.35,86.23,165.74,-0.1569,9.4242,-0.6178
2.203,-14.33,86.23,165.76,-0.1569,9.4733,-0.6178
2.213,-14.32,86.23,165.78,-0.1177,9.4733,-0.6178
2.223,-14.30,86.23,165.79,-0.1177,9.5125,-0.6178
2.233,-14.28,86.23,165.81,-0.1569,9.4242,-0.6178
2.243,-14.26,86.22,165.83,-0.1569,9.4242,-0.6178
2.253,-14.25,86.22,165.85,-0.1569,9.3948,-0.6178
2.263,-14.23,86.22,165.86,-0.1569,9.4242,-0.6178
2.273,-14.21,86.22,165.88,-0.1569,9.4733,-0.6570
2.283,-14.20,86.22,165.90,-0.1569,9.5125,-0.6570
2.293,-14.18,86.22,165.91,-0.1569,9.4733,-0.6570
2.303,-14.16,86.22,165.93,-0.1569,9.4242,-0.6178
2.313,-14.15,86.22,165.94,-0.1569,9.4242,-0.6178
2.323,-14.13,86.22,165.96,-0.1569,9.3948,-0.6570
2.333,-14.12,86.22,165.97,-0.1569,9.4242,-0.6178
2.343,-14.10,86.22,165.99,-0.1177,9.4733,-0.6570
2.353,-14.09,86.22,166.00,-0.1569,9.4733,-0.6570
2.363,-14.07,86.22,166.02,-0.1177,9.4733,-0.6570
2.373,-14.06,86.21,166.03,-0.1569,9.4242,-0.6178
2.383,-14.04,86.21,166.05,-0.1569,9.4242,-0.6178
2.393,-14.03,86.21,166.07,-0.1569,9.3948,-0.6178
2.403,-14.01,86.21,166.08,-0.1569,9.3948,-0.6178
2.413,-13.99,86.21,166.10,-0.1569,9.4733,-0.6178
2.423,-13.98,86.21,166.11,-0.1569,9.4733,-0.6570
2.433,-13.96,86.21,166.13,-0.1177,9.4733,-0.6178
2.443,-13.95,86.21,166.14,-0.1569,9.4733,-0.6178
2.453,-13.93,86.21,166.16,-0.1569,9.4242,-0.6178
2.463,-13.92,86.20,166.17,-0.1569,9.4242,-0.6178
2.473,-13.90,86.20,166.19,-0.1569,9.3948,-0.6178
2.483,-13.89,86.20,166.20,-0.1569,9.4242,-0.6178
2.493,-13.88,86.20,166.22,-0.1177,9.4733,-0.6178
2.503,-13.86,86.20,166.23,-0.1177,9.4733,-0.6570
2.513,-13.85,86.20,166.25,-0.1177,9.5125,-0.6570
2.523,-13.83,86.20,166.26,-0.1569,9.4733,-0.6570
2.533,-13.82,86.20,166.27,-0.1569,9.4242,-0.6178
2.543,-13.81,86.20,166.29,-0.1569,9.3948,-0.6570
2.553,-13.79,86.19,166.30,-0.1569,9.3948,-0.6178
2.563,-13.78,86.19,166.31,-0.1569,9.4733,-0.6178
2.573,-13.77,86.19,166.33,-0.1177,9.4733,-0.6570
2.583,-13.76,86.19,166.34,-0.1177,9.4733,-0.6570
2.593,-13.74,86.19,166.35,-0.1177,9.4733,-0.6178
2.603,-13.73,86.19,166.36,-0.1569,9.4242,-0.6178
2.613,-13.72,86.19,166.37,-0.1569,9.3948,-0.6178
2.623,-13.71,86.19,166.39,-0.1569,9.4242,-0.6178
2.633,-13.69,86.19,166.40,-0.1569,9.4242,-0.6178
2.643,-13.68,86.19,166.41,-0.1177,9.4733,-0.6178
2.653,-13.67,86.19,166.42,-0.1177,9.4733,-0.6570
2.663,-13.66,86.18,166.43,-0.1569,9.4733,-0.6178
2.673,-13.65,86.18,166.44,-0.1569,9.4733,-0.6178
2.683,-13.64,86.18,166.46,-0.1177,9.4242,-0.6178
2.693,-13.63,86.18,166.46,-0.1569,9.4242,-0.6178
2.703,-13.62,86.18,166.47,-0.1569,9.4242,-0.6570
2.713,-13.61,86.18,166.48,-0.1177,9.4242,-0.6178
2.723,-13.60,86.18,166.49,-0.1177,9.4733,-0.6178
2.733,-13.59,86.18,166.50,-0.1177,9.5125,-0.6178
2.743,-13.59,86.18,166.51,-0.1569,9.4242,-0.6570
2.753,-13.58,86.18,166.52,-0.1569,9.4242,-0.6178
2.763,-13.57,86.18,166.52,-0.1177,9.4242,-0.6178
2.773,-13.56,86.18,166.53,-0.1569,9.3948,-0.6178
2.783,-13.55,86.18,166.54,-0.1177,9.4733,-0.6178
2.793,-13.55,86.18,166.55,-0.1177,9.4733,-0.6178
2.803,-13.54,86.18,166.56,-0.1569,9.4733,-0.6570
2.813,-13.53,86.18,166.56,-0.1177,9.4733,-0.6570
2.823,-13.52,86.18,166.57,-0.1569,9.4242,-0.6178
2.833,-13.52,86.18,166.58,-0.1569,9.3948,-0.6178
2.843,-13.51,86.18,166.59,-0.1569,9.3948,-0.6570
2.853,-13.50,86.18,166.59,-0.1569,9.4242,-0.6570
2.863,-13.49,86.18,166.60,-0.1569,9.4733,-0.6570
2.873,-13.49,86.18,166.61,-0.1177,9.4733,-0.6178
2.883,-13.48,86.18,166.61,-0.1569,9.4733,-0.6178
2.893,-13.47,86.18,166.62,-0.1177,9.4733,-0.6570
2.903,-13.46,86.18,166.63,-0.1569,9.4242,-0.6178
2.913,-13.46,86.18,166.64,-0.1569,9.3948,-0.6178
2.923,-13.45,86.18,166.65,-0.1569,9.4242,-0.6178
2.933,-13.44,86.18,166.66,-0.1569,9.4733,-0.6178
2.943,-13.43,86.17,166.66,-0.1569,9.4733,-0.6178
2.953,-13.42,86.17,166.67,-0.1177,9.4733,-0.6178
2.963,-13.41,86.17,166.68,-0.1569,9.4733,-0.6570
2.973,-13.40,86.17,166.69,-0.1569,9.4242,-0.6570
2.983,-13.40,86.17,166.70,-0.1569,9.4242,-0.6570
2.993,-13.39,86.17,166.70,-0.1177,9.4242,-0.6178
3.003,-13.38,86.17,166.71,-0.1569,9.4242,-0.6570
3.013,-13.37,86.17,166.72,-0.1569,9.4733,-0.6178
3.023,-13.37,86.17,166.73,-0.1177,9.4733,-0.6178
3.033,-13.36,86.17,166.74,-0.1569,9.5125,-0.6178
3.043,-13.35,86.17,166.74,-0.1177,9.4733,-0.6178
3.053,-13.34,86.17,166.75,-0.1569,9.3948,-0.6178
3.063,-13.34,86.17,166.76,-0.1569,9.4242,-0.6178
3.073,-13.33,86.17,166.76,-0.1177,9.4242,-0.6178
3.083,-13.32,86.17,166.77,-0.1177,9.4733,-0.6178
3.093,-13.32,86.16,166.78,-0.1177,9.4733,-0.6570
3.103,-13.31,86.16,166.79,-0.1177,9.4733,-0.6570
3.113,-13.30,86.16,166.79,-0.1177,9.4733,-0.6570
3.123,-13.30,86.16,166.80,-0.1569,9.4242,-0.6570
3.133,-13.29,86.16,166.81,-0.1569,9.3948,-0.6178
3.143,-13.28,86.16,166.81,-0.1569,9.4242,-0.6570
3.153,-13.28,86.16,166.82,-0.1177,9.4733,-0.6178
3.163,-13.27,86.16,166.82,-0.1177,9.4733,-0.6570
3.173,-13.26,86.16,166.83,-0.1177,9.4733,-0.6570
3.183,-13.25,86.16,166.85,-0.1569,9.4733,-0.6570
3.193,-13.23,86.16,166.86,-0.1569,9.4242,-0.6178
3.203,-13.22,86.16,166.87,-0.1569,9.4242,-0.6178
3.213,-13.21,86.16,166.89,-0.1569,9.3948,-0.6178
3.223,-13.18,86.16,166.91,-0.1569,9.4635,-0.6963
3.233,-13.16,86.16,166.94,-0.1569,9.4242,-0.6570
3.243,-13.15,86.16,166.95,-0.1177,9.4733,-0.6570
3.253,-13.15,86.16,166.95,-0.1177,9.4733,-0.6178
3.263,-13.14,86.16,166.96,-0.1569,9.4242,-0.6570
3.273,-13.11,86.16,166.98,-0.1569,9.4242,-0.6178
3.283,-13.10,86.16,167.00,-0.1569,9.4242,-0.6570
3.293,-13.08,86.16,167.01,-0.1961,9.4340,-0.6570
3.303,-13.06,86.16,167.04,-0.1177,9.4733,-0.6570
3.313,-13.04,86.16,167.06,-0.1177,9.4733,-0.6178
3.323,-13.03,86.16,167.06,-0.1177,9.4733,-0.6570
3.333,-13.03,86.16,167.06,-0.1177,9.4733,-0.6178
3.343,-13.01,86.16,167.09,-0.1569,9.4242,-0.6570
3.353,-12.99,86.15,167.11,-0.1569,9.4242,-0.6178
3.363,-12.98,86.15,167.11,-0.1177,9.4242,-0.6570
3.373,-12.98,86.15,167.11,-0.1177,9.4242,-0.6178
3.383,-12.99,86.15,167.11,-0.1569,9.4242,-0.6570
3.393,-12.97,86.15,167.12,-0.1177,9.4733,-0.6178
3.403,-12.94,86.14,167.15,-0.1177,9.4733,-0.6178
3.413,-12.93,86.14,167.16,-0.1569,9.4242,-0.6178
3.423,-12.94,86.14,167.15,-0.1569,9.4242,-0.6570
3.433,-12.94,86.14,167.15,-0.1569,9.4242,-0.6178
3.443,-12.92,86.14,167.18,-0.1569,9.4733,-0.6570
3.453,-12.91,86.14,167.19,-0.1569,9.4340,-0.6963
3.463,-12.90,86.14,167.19,-0.1177,9.4733,-0.6178
3.473,-12.89,86.14,167.20,-0.1177,9.4733,-0.6178
3.483,-12.87,86.14,167.22,-0.1177,9.4635,-0.6963
3.493,-12.85,86.13,167.24,-0.1569,9.4242,-0.6178
3.503,-12.82,86.13,167.28,-0.1569,9.3948,-0.6178
3.513,-12.81,86.13,167.28,-0.1569,9.4242,-0.6178
3.523,-12.81,86.13,167.28,-0.1569,9.4733,-0.6178
3.533,-12.80,86.13,167.29,-0.1569,9.5125,-0.6178
3.543,-12.81,86.13,167.28,-0.1177,9.4733,-0.6570
3.553,-12.83,86.13,167.26,-0.1569,9.4733,-0.6178
3.563,-12.84,86.13,167.25,-0.1177,9.4733,-0.6570
3.573,-12.85,86.13,167.24,-0.1569,9.4242,-0.6178
3.583,-12.86,86.13,167.23,-0.1177,9.4242,-0.6178
3.593,-12.86,86.12,167.23,-0.1569,9.4733,-0.6178
3.603,-12.88,86.12,167.21,-0.1177,9.4733,-0.6570
3.613,-12.89,86.12,167.20,-0.1177,9.4733,-0.6570
3.623,-12.90,86.12,167.19,-0.1569,9.4733,-0.6570
3.633,-12.90,86.12,167.20,-0.1569,9.4242,-0.6178
3.643,-12.88,86.12,167.21,-0.1177,9.4242,-0.6570
3.653,-12.87,86.13,167.22,-0.1569,9.4242,-0.6178
3.663,-12.86,86.12,167.23,-0.1177,9.4242,-0.6570
3.673,-12.85,86.12,167.24,-0.1569,9.4733,-0.6570
3.683,-12.85,86.12,167.24,-0.1177,9.4733,-0.6570
3.693,-12.86,86.12,167.23,-0.1177,9.4733,-0.6570
3.703,-12.87,86.12,167.22,-0.1569,9.4733,-0.6178
3.713,-12.85,86.12,167.24,-0.1569,9.4242,-0.6178
3.723,-12.85,86.12,167.24,-0.1569,9.4242,-0.6178
3.733,-12.85,86.12,167.24,-0.1177,9.4242,-0.6178
3.743,-12.85,86.12,167.24,-0.1569,9.4733,-0.6570
3.753,-12.85,86.12,167.24,-0.1569,9.4733,-0.6178
3.763,-12.85,86.12,167.25,-0.1177,9.4733,-0.6178
3.773,-12.85,86.12,167.24,-0.1177,9.4733,-0.6570
3.783,-12.85,86.12,167.24,-0.1569,9.4242,-0.6570
3.793,-12.84,86.12,167.25,-0.1569,9.4242,-0.6178
3.803,-12.84,86.12,167.24,-0.1569,9.4242,-0.6570
3.813,-12.83,86.12,167.25,-0.1569,9.4242,-0.6178
3.823,-12.83,86.12,167.25,-0.1177,9.4733,-0.6178
3.833,-12.84,86.12,167.24,-0.1177,9.5125,-0.6570
3.843,-12.85,86.12,167.23,-0.1177,9.4733,-0.6570
3.853,-12.84,86.12,167.24,-0.1177,9.4733,-0.6570
3.863,-12.82,86.12,167.26,-0.1177,9.4242,-0.6570
3.873,-12.81,86.12,167.27,-0.1569,9.4242,-0.6178
3.883,-12.81,86.12,167.27,-0.1569,9.4733,-0.6570
3.893,-12.80,86.12,167.28,-0.1177,9.4733,-0.6570
3.903,-12.79,86.12,167.29,-0.1177,9.4733,-0.6178
3.913,-12.79,86.12,167.29,-0.1177,9.4733,-0.6570
3.923,-12.80,86.12,167.28,-0.1569,9.4242,-0.6570
3.933,-12.82,86.12,167.26,-0.1177,9.4242,-0.6570
3.943,-12.84,86.12,167.24,-0.1569,9.4242,-0.6570
3.953,-12.84,86.12,167.23,-0.1177,9.4242,-0.6570
3.963,-12.83,86.12,167.25,-0.1177,9.4242,-0.6570
3.973,-12.81,86.12,167.27,-0.1177,9.4733,-0.6570
3.983,-12.81,86.12,167.27,-0.1177,9.5125,-0.6570
3.993,-12.82,86.12,167.26,-0.1569,9.4733,-0.6570
4.003,-12.82,86.12,167.26,-0.1177,9.4733,-0.6570
4.013,-12.82,86.11,167.26,-0.1177,9.4242,-0.6178
4.023,-12.81,86.11,167.27,-0.1177,9.4242,-0.6570
4.033,-12.80,86.11,167.28,-0.1177,9.4733,-0.6570
4.043,-12.78,86.11,167.30,-0.1177,9.4733,-0.6570
4.053,-12.75,86.11,167.33,-0.1177,9.4733,-0.6570
4.063,-12.72,86.11,167.36,-0.1569,9.5125,-0.6570
4.073,-12.71,86.11,167.37,-0.1569,9.4733,-0.6570
4.083,-12.71,86.11,167.38,-0.1569,9.4242,-0.6570
4.093,-12.72,86.11,167.37,-0.1569,9.4340,-0.6963
4.103,-12.73,86.11,167.35,-0.1177,9.4242,-0.6570
4.113,-12.74,86.11,167.35,-0.1177,9.4733,-0.6570
4.123,-12.71,86.11,167.37,-0.1177,9.4733,-0.6570
4.133,-12.68,86.10,167.41,-0.1177,9.5125,-0.6178
4.143,-12.66,86.10,167.42,-0.1569,9.4340,-0.6963
4.153,-12.65,86.10,167.43,-0.1569,9.4242,-0.6178
4.163,-12.64,86.10,167.44,-0.1569,9.4242,-0.6570
4.173,-12.64,86.10,167.44,-0.1177,9.4242,-0.6570
4.183,-12.63,86.10,167.45,-0.1177,9.4733,-0.6570
4.193,-12.62,86.10,167.47,-0.1177,9.4733,-0.6570
4.203,-12.62,86.10,167.47,-0.1177,9.4733,-0.6570
4.213,-12.62,86.10,167.46,-0.1177,9.4733,-0.6570
4.223,-12.62,86.10,167.47,-0.1569,9.4242,-0.6570
4.233,-12.59,86.10,167.50,-0.1569,9.4242,-0.6178
4.243,-12.56,86.09,167.53,-0.1569,9.4733,-0.6570
4.253,-12.55,86.09,167.54,-0.1569,9.4242,-0.6570
4.263,-12.54,86.09,167.55,-0.1177,9.4733,-0.6570
4.273,-12.53,86.09,167.56,-0.1569,9.4733,-0.6178
4.283,-12.52,86.09,167.56,-0.1177,9.4733,-0.6570
4.293,-12.51,86.09,167.57,-0.1177,9.4733,-0.6178
4.303,-12.50,86.09,167.58,-0.1569,9.4733,-0.6570
4.313,-12.50,86.09,167.59,-0.1569,9.4242,-0.6570
4.323,-12.50,86.09,167.59,-0.1569,9.4242,-0.6570
4.333,-12.50,86.09,167.59,-0.1177,9.4242,-0.6178
4.343,-12.49,86.09,167.59,-0.1177,9.4733,-0.6570
4.353,-12.49,86.09,167.59,-0.1177,9.4733,-0.6570
4.363,-12.49,86.09,167.59,-0.1569,9.4733,-0.6570
4.373,-12.49,86.08,167.59,-0.1569,9.4242,-0.6570
4.383,-12.49,86.08,167.59,-0.1177,9.4242,-0.6570
4.393,-12.49,86.08,167.59,-0.1569,9.4242,-0.6178
4.403,-12.49,86.08,167.59,-0.1569,9.4733,-0.6570
4.413,-12.49,86.08,167.60,-0.1177,9.4733,-0.6570
4.423,-12.49,86.08,167.60,-0.1177,9.5125,-0.6570
4.433,-12.49,86.08,167.60,-0.1177,9.4733,-0.6570
4.443,-12.49,86.08,167.60,-0.1569,9.4242,-0.6570
4.453,-12.49,86.08,167.60,-0.1177,9.4242,-0.6570
4.463,-12.49,86.08,167.60,-0.1569,9.4242,-0.6570
4.473,-12.49,86.08,167.60,-0.1177,9.4242,-0.6570
4.483,-12.49,86.08,167.60,-0.1177,9.4733,-0.6570
4.493,-12.49,86.08,167.60,-0.1177,9.4733,-0.6570
4.503,-12.49,86.08,167.60,-0.1569,9.4733,-0.6570
4.513,-12.49,86.08,167.60,-0.1569,9.4242,-0.6570
4.523,-12.49,86.07,167.60,-0.1569,9.4242,-0.6178
4.532,-12.49,86.07,167.60,-0.1177,9.4242,-0.6570
4.542,-12.49,86.07,167.60,-0.1177,9.4242,-0.6570
4.553,-12.49,86.07,167.60,-0.1177,9.4733,-0.6178
4.562,-12.49,86.07,167.60,-0.1177,9.4733,-0.6570
4.572,-12.49,86.07,167.60,-0.1177,9.4733,-0.6570
4.582,-12.49,86.07,167.60,-0.1569,9.4733,-0.6570
4.592,-12.49,86.07,167.60,-0.1569,9.4242,-0.6178
4.602,-12.49,86.07,167.60,-0.1569,9.4733,-0.6570
4.612,-12.49,86.07,167.60,-0.1177,9.4733,-0.6570
4.622,-12.49,86.07,167.60,-0.1569,9.4733,-0.6570
4.632,-12.49,86.07,167.60,-0.1177,9.4733,-0.6570
4.642,-12.49,86.07,167.60,-0.1177,9.4635,-0.6963
4.652,-12.49,86.07,167.60,-0.1177,9.5125,-0.6570
4.662,-12.49,86.07,167.60,-0.1569,9.4242,-0.6178
4.672,-12.49,86.07,167.60,-0.1569,9.4733,-0.6178
4.682,-12.49,86.07,167.60,-0.1569,9.4242,-0.6178
4.692,-12.49,86.07,167.60,-0.1177,9.4242,-0.6178
4.702,-12.49,86.07,167.60,-0.1177,9.4733,-0.6570
4.712,-12.49,86.06,167.60,-0.1177,9.4733,-0.6178
4.722,-12.48,86.06,167.60,-0.1177,9.4733,-0.6570
4.732,-12.48,86.06,167.60,-0.1177,9.5125,-0.6570
4.742,-12.48,86.06,167.60,-0.1177,9.4733,-0.6570
4.752,-12.48,86.06,167.60,-0.1177,9.4242,-0.6570
4.762,-12.48,86.06,167.61,-0.1569,9.4733,-0.6178
4.772,-12.47,86.06,167.62,-0.1177,9.4733,-0.6570
4.782,-12.46,86.06,167.63,-0.1177,9.4733,-0.6570
4.792,-12.45,86.06,167.64,-0.1177,9.5125,-0.6570
4.802,-12.44,86.06,167.65,-0.1177,9.5027,-0.6963
4.812,-12.43,86.06,167.65,-0.1177,9.4733,-0.6570
4.822,-12.43,86.06,167.66,-0.1569,9.4242,-0.6570
4.832,-12.42,86.06,167.67,-0.1177,9.4733,-0.6570
4.842,-12.41,86.06,167.68,-0.1177,9.4733,-0.6570
4.852,-12.40,86.06,167.68,-0.1177,9.4733,-0.6570
4.862,-12.40,86.06,167.69,-0.1177,9.4733,-0.6570
4.872,-12.39,86.06,167.70,-0.1177,9.4733,-0.6178
4.882,-12.38,86.06,167.71,-0.1177,9.4733,-0.6570
4.892,-12.37,86.06,167.71,-0.1177,9.4242,-0.6570
4.902,-12.37,86.06,167.72,-0.1569,9.4242,-0.6570
4.912,-12.36,86.06,167.73,-0.1177,9.4733,-0.6570
4.922,-12.35,86.06,167.74,-0.1177,9.4733,-0.6570
4.932,-12.35,86.06,167.74,-0.1177,9.4733,-0.6570
4.942,-12.34,86.06,167.75,-0.1177,9.4733,-0.6570
4.952,-12.33,86.06,167.76,-0.1177,9.4733,-0.6570
4.962,-12.33,86.06,167.76,-0.1177,9.4733,-0.6570
4.972,-12.32,86.06,167.77,-0.1177,9.4733,-0.6570
4.982,-12.30,86.06,167.78,-0.1569,9.4733,-0.6570
4.992,-12.29,86.06,167.80,-0.1569,9.4733,-0.6570
5.002,-12.27,86.06,167.81,-0.1177,9.4635,-0.6963
5.012,-12.26,86.06,167.83,-0.1177,9.4635,-0.6963
5.022,-12.25,86.06,167.84,-0.1569,9.4733,-0.6178
5.032,-12.23,86.06,167.86,-0.1177,9.4242,-0.6178
5.042,-12.21,86.06,167.87,-0.1177,9.4733,-0.6570
5.052,-12.20,86.06,167.89,-0.1569,9.4242,-0.6570
5.062,-12.18,86.05,167.90,-0.1177,9.4733,-0.6570
5.072,-12.17,86.05,167.92,-0.1569,9.4733,-0.6570
5.082,-12.15,86.05,167.93,-0.1177,9.4733,-0.6178
5.092,-12.15,86.05,167.94,-0.1177,9.4733,-0.6570
5.102,-12.14,86.05,167.95,-0.1177,9.4242,-0.6570
5.112,-12.14,86.05,167.95,-0.1177,9.4733,-0.6570
5.122,-12.13,86.05,167.96,-0.1569,9.4242,-0.6570
5.132,-12.12,86.05,167.96,-0.1569,9.4733,-0.6570
5.142,-12.12,86.05,167.97,-0.1177,9.4733,-0.6570
5.152,-12.11,86.05,167.98,-0.1177,9.5125,-0.6570
5.162,-12.11,86.05,167.98,-0.1177,9.5125,-0.6570
5.172,-12.10,86.05,167.99,-0.1177,9.5125,-0.6178
5.182,-12.10,86.05,167.99,-0.1569,9.4242,-0.6570
5.192,-12.09,86.05,168.00,-0.1177,9.4242,-0.6570
5.202,-12.09,86.05,168.00,-0.1569,9.4733,-0.6570
5.212,-12.08,86.04,168.01,-0.1177,9.4733,-0.6570
5.222,-12.07,86.04,168.01,-0.1177,9.4733,-0.6570
5.232,-12.07,86.04,168.02,-0.1177,9.4733,-0.6178
5.242,-12.06,86.04,168.02,-0.1569,9.4733,-0.6570
5.252,-12.06,86.04,168.03,-0.1177,9.4733,-0.6570
5.262,-12.06,86.04,168.03,-0.1569,9.4242,-0.6570
5.272,-12.05,86.04,168.03,-0.1177,9.4733,-0.6570
5.282,-12.05,86.04,168.04,-0.1569,9.4242,-0.6570
5.292,-12.05,86.04,168.04,-0.1569,9.4635,-0.6963
5.302,-12.05,86.04,168.04,-0.1569,9.4733,-0.6570
5.312,-12.04,86.04,168.05,-0.1177,9.4733,-0.6570
5.322,-12.04,86.04,168.05,-0.1177,9.4733,-0.6570
5.332,-12.03,86.04,168.06,-0.1177,9.4733,-0.6570
5.342,-12.03,86.04,168.06,-0.1177,9.4733,-0.6570
5.352,-12.02,86.04,168.07,-0.1177,9.4733,-0.6570
5.362,-12.02,86.04,168.07,-0.1177,9.4733,-0.6570
5.372,-12.01,86.04,168.08,-0.1177,9.4733,-0.6570
5.382,-12.01,86.04,168.08,-0.1177,9.4733,-0.6570
5.392,-12.00,86.04,168.08,-0.1177,9.4733,-0.6570
5.402,-12.00,86.04,168.09,-0.1177,9.4733,-0.6570
5.412,-12.00,86.04,168.09,-0.1177,9.4733,-0.6178
5.422,-11.99,86.04,168.10,-0.1177,9.4635,-0.6963
5.432,-11.99,86.04,168.10,-0.1177,9.4242,-0.6570
5.442,-11.98,86.03,168.11,-0.1177,9.4635,-0.6963
5.452,-11.98,86.03,168.11,-0.1177,9.4733,-0.6570
5.462,-11.97,86.03,168.12,-0.1177,9.4733,-0.6570
5.472,-11.95,86.03,168.13,-0.1177,9.4733,-0.6570
5.482,-11.94,86.03,168.15,-0.1569,9.4635,-0.6963
5.492,-11.93,86.03,168.16,-0.1177,9.4242,-0.6570
5.502,-11.92,86.03,168.17,-0.1177,9.4733,-0.6178
5.512,-11.91,86.03,168.18,-0.1177,9.4733,-0.6570
5.522,-11.89,86.03,168.20,-0.1177,9.4733,-0.6570
5.532,-11.87,86.03,168.21,-0.1177,9.5125,-0.6570
5.542,-11.87,86.03,168.22,-0.1177,9.4733,-0.6570
5.552,-11.86,86.03,168.23,-0.1177,9.4733,-0.6178
5.562,-11.83,86.03,168.25,-0.1177,9.4242,-0.6570
5.572,-11.81,86.03,168.28,-0.1177,9.4733,-0.6570
5.582,-11.80,86.03,168.30,-0.1569,9.4733,-0.6570
5.592,-11.79,86.03,168.30,-0.1177,9.5125,-0.6570
5.602,-11.79,86.03,168.30,-0.1177,9.5125,-0.6570
5.615,-11.79,86.03,168.30,-0.1177,9.4733,-0.6570
5.622,-11.80,86.03,168.29,-0.1177,9.4733,-0.6570
5.632,-11.80,86.03,168.29,-0.1569,9.4733,-0.6570
5.642,-11.80,86.03,168.30,-0.1569,9.4733,-0.6570
5.652,-11.78,86.03,168.32,-0.1569,9.4733,-0.6178
5.662,-11.75,86.03,168.34,-0.1177,9.4733,-0.6570
5.672,-11.75,86.03,168.35,-0.1177,9.4733,-0.6570
5.682,-11.75,86.02,168.34,-0.1177,9.5125,-0.6570
5.692,-11.74,86.02,168.35,-0.1569,9.4733,-0.6570
5.702,-11.73,86.02,168.36,-0.1177,9.4733,-0.6570
5.715,-11.73,86.02,168.36,-0.1177,9.4242,-0.6178
5.722,-11.73,86.02,168.36,-0.1177,9.4242,-0.6570
5.732,-11.73,86.02,168.36,-0.1569,9.4733,-0.6570
5.742,-11.72,86.02,168.37,-0.1177,9.4733,-0.6570
5.752,-11.71,86.02,168.39,-0.1177,9.4733,-0.6570
5.762,-11.68,86.02,168.42,-0.1177,9.4733,-0.6570
5.775,-11.66,86.02,168.44,-0.1177,9.4733,-0.6570
5.782,-11.65,86.02,168.45,-0.1177,9.4733,-0.6570
5.792,-11.63,86.02,168.47,-0.1569,9.4242,-0.6570
5.802,-11.61,86.02,168.48,-0.1177,9.4733,-0.6570
5.812,-11.60,86.02,168.49,-0.1177,9.4733,-0.6570
5.822,-11.59,86.02,168.51,-0.1569,9.4733,-0.6570
5.832,-11.58,86.02,168.52,-0.1177,9.4733,-0.6570
5.842,-11.57,86.02,168.52,-0.1177,9.4733,-0.6570
5.859,-11.58,86.02,168.52,-0.1177,9.4733,-0.6570
5.862,-11.57,86.02,168.53,-0.1569,9.4340,-0.6963
5.872,-11.56,86.02,168.54,-0.1177,9.4635,-0.6963
5.882,-11.54,86.02,168.56,-0.1177,9.5125,-0.6570
5.892,-11.51,86.02,168.59,-0.1177,9.4733,-0.6570
5.902,-11.50,86.02,168.60,-0.1177,9.4733,-0.6570
5.915,-11.51,86.02,168.59,-0.1177,9.4733,-0.6570
5.922,-11.51,86.02,168.59,-0.1177,9.4733,-0.6570
5.932,-11.51,86.02,168.59,-0.1569,9.4733,-0.6570
5.942,-11.50,86.02,168.60,-0.1177,9.4733,-0.6570
5.952,-11.51,86.02,168.58,-0.1177,9.4635,-0.6963
5.962,-11.53,86.02,168.57,-0.1177,9.4733,-0.6178
5.972,-11.52,86.02,168.58,-0.1177,9.4733,-0.6570
5.982,-11.51,86.02,168.58,-0.1569,9.4733,-0.6570
5.992,-11.49,86.02,168.61,-0.1177,9.4733,-0.6570
6.002,-11.46,86.02,168.64,-0.1569,9.4733,-0.6570
6.012,-11.44,86.02,168.65,-0.1177,9.4242,-0.6570
6.022,-11.43,86.02,168.66,-0.1177,9.4733,-0.6570
6.032,-11.41,86.02,168.68,-0.1177,9.4733,-0.6570
6.042,-11.41,86.02,168.69,-0.1177,9.4635,-0.6963
6.052,-11.41,86.02,168.69,-0.1177,9.4733,-0.6570
6.062,-11.40,86.02,168.69,-0.1177,9.4733,-0.6570
6.072,-11.39,86.02,168.70,-0.1177,9.4733,-0.6570
6.082,-11.38,86.02,168.71,-0.1569,9.4733,-0.6570
6.092,-11.39,86.02,168.70,-0.1177,9.4733,-0.6570
6.102,-11.41,86.02,168.69,-0.1177,9.4733,-0.6570
6.112,-11.40,86.02,168.69,-0.1177,9.4733,-0.6570
6.122,-11.38,86.02,168.72,-0.1177,9.4733,-0.6570
6.132,-11.36,86.02,168.73,-0.1177,9.4733,-0.6570
6.142,-11.35,86.02,168.74,-0.1177,9.4733,-0.6570
6.152,-11.34,86.02,168.76,-0.0785,9.4242,-0.6570
6.162,-11.31,86.02,168.78,-0.1569,9.4242,-0.6570
6.172,-11.29,86.02,168.81,-0.1177,9.4242,-0.6178
6.182,-11.28,86.01,168.81,-0.1177,9.4733,-0.6570
6.192,-11.28,86.01,168.81,-0.1177,9.4635,-0.6963
6.202,-11.30,86.02,168.79,-0.1177,9.5125,-0.6570
6.212,-11.30,86.02,168.79,-0.1177,9.4733,-0.6570
6.222,-11.30,86.02,168.79,-0.1177,9.4733,-0.6570
6.232,-11.30,86.01,168.79,-0.1177,9.4635,-0.6963
6.242,-11.29,86.01,168.80,-0.1177,9.4635,-0.6963
6.252,-11.29,86.01,168.80,-0.1569,9.4733,-0.6570
6.262,-11.28,86.01,168.81,-0.1177,9.4733,-0.6570
6.272,-11.28,86.01,168.81,-0.1177,9.4733,-0.6570
6.282,-11.28,86.01,168.81,-0.1177,9.5125,-0.6178
6.292,-11.26,86.01,168.82,-0.1569,9.4733,-0.6570
6.302,-11.26,86.01,168.82,-0.1569,9.4635,-0.6963
6.312,-11.27,86.01,168.81,-0.1177,9.4733,-0.6570
6.322,-11.27,86.01,168.81,-0.1177,9.4733,-0.6570
6.332,-11.26,86.01,168.82,-0.1177,9.4733,-0.6570
6.342,-11.25,86.01,168.83,-0.1177,9.5125,-0.6570
6.352,-11.26,86.01,168.82,-0.1177,9.4733,-0.6570
6.362,-11.27,86.02,168.81,-0.1177,9.4635,-0.6963
6.372,-11.28,86.02,168.80,-0.1177,9.4635,-0.6963
6.382,-11.28,86.01,168.80,-0.1177,9.4242,-0.6570
6.392,-11.27,86.01,168.80,-0.1177,9.4733,-0.6570
6.402,-11.27,86.01,168.81,-0.1177,9.4733,-0.6570
6.412,-11.25,86.01,168.83,-0.1177,9.4733,-0.6570
6.422,-11.25,86.01,168.83,-0.1177,9.4733,-0.6570
6.432,-11.26,86.01,168.82,-0.1177,9.4733,-0.6570
6.442,-11.28,86.01,168.80,-0.1177,9.4733,-0.6570
6.452,-11.28,86.01,168.80,-0.1177,9.4635,-0.6963
6.462,-11.27,86.01,168.81,-0.1177,9.4635,-0.6963
6.472,-11.26,86.01,168.82,-0.1177,9.4733,-0.6570
6.482,-11.26,86.01,168.82,-0.1569,9.4635,-0.6963
6.492,-11.26,86.01,168.82,-0.1177,9.4733,-0.6570
6.502,-11.26,86.01,168.82,-0.1177,9.4733,-0.6570
6.512,-11.26,86.01,168.82,-0.1569,9.4733,-0.6570
6.522,-11.24,86.01,168.83,-0.1569,9.4635,-0.6963
6.532,-11.23,86.01,168.84,-0.1569,9.4733,-0.6570
6.542,-11.23,86.01,168.84,-0.1177,9.4733,-0.6570
6.552,-11.23,86.01,168.85,-0.1177,9.4635,-0.6963
6.562,-11.23,86.01,168.85,-0.1177,9.4733,-0.6570
6.572,-11.22,86.01,168.86,-0.1177,9.5125,-0.6570
6.582,-11.22,86.01,168.86,-0.1569,9.4733,-0.6570
6.592,-11.21,86.01,168.86,-0.1177,9.4242,-0.6570
6.602,-11.21,86.01,168.87,-0.1569,9.4635,-0.6963
6.612,-11.20,86.01,168.87,-0.1177,9.4733,-0.6570
6.622,-11.20,86.01,168.88,-0.1177,9.4733,-0.6570
6.632,-11.19,86.01,168.88,-0.1177,9.5125,-0.6570
6.642,-11.19,86.01,168.89,-0.0785,9.4635,-0.6963
6.652,-11.19,86.00,168.89,-0.1177,9.4635,-0.6963
6.662,-11.18,86.00,168.89,-0.1177,9.4733,-0.6570
6.672,-11.18,86.00,168.90,-0.1177,9.4733,-0.6570
6.682,-11.17,86.00,168.90,-0.1177,9.4242,-0.6570
6.692,-11.17,86.00,168.91,-0.1177,9.4733,-0.6570
6.702,-11.17,86.00,168.91,-0.1177,9.4733,-0.6178
6.712,-11.16,86.00,168.91,-0.1569,9.4733,-0.6570
6.722,-11.16,86.00,168.92,-0.1569,9.4733,-0.6570
6.732,-11.15,86.00,168.92,-0.1177,9.4733,-0.6570
6.742,-11.15,86.00,168.93,-0.1569,9.4733,-0.6570
6.752,-11.15,86.00,168.93,-0.1569,9.4733,-0.6570
6.762,-11.14,86.00,168.93,-0.1177,9.4733,-0.6570
6.772,-11.14,86.00,168.94,-0.1177,9.4733,-0.6570
6.782,-11.14,86.00,168.94,-0.1177,9.4733,-0.6570
6.792,-11.13,86.00,168.94,-0.1177,9.4733,-0.6570
6.802,-11.13,86.00,168.95,-0.1177,9.4733,-0.6570
6.812,-11.13,86.00,168.95,-0.1177,9.4733,-0.6570
6.822,-11.12,86.00,168.95,-0.1177,9.4733,-0.6570
6.832,-11.12,86.00,168.96,-0.0785,9.4733,-0.6570
6.842,-11.12,86.00,168.96,-0.1177,9.5027,-0.6963
6.852,-11.11,85.99,168.96,-0.1177,9.4733,-0.6570
6.862,-11.11,85.99,168.97,-0.1177,9.5125,-0.6570
6.872,-11.11,85.99,168.97,-0.1177,9.4733,-0.6178
6.882,-11.10,85.99,168.97,-0.1569,9.4733,-0.6570
6.892,-11.10,85.99,168.98,-0.1177,9.4733,-0.6570
6.902,-11.10,85.99,168.98,-0.1177,9.4733,-0.6570
6.912,-11.10,85.99,168.98,-0.1177,9.4733,-0.6570
6.922,-11.09,85.99,168.98,-0.1177,9.4635,-0.6963
6.932,-11.09,85.99,168.98,-0.1177,9.4733,-0.6570
6.942,-11.09,85.99,168.99,-0.1177,9.4635,-0.6963
6.952,-11.09,85.99,168.99,-0.1569,9.4733,-0.6570
6.962,-11.09,85.99,168.99,-0.1177,9.4733,-0.6570
6.972,-11.08,85.99,168.99,-0.1177,9.4733,-0.6570
6.982,-11.08,85.99,169.00,-0.1177,9.4733,-0.6570
6.992,-11.08,85.99,169.00,-0.1177,9.4733,-0.6570
7.002,-11.07,85.99,169.00,-0.1177,9.4733,-0.6570
7.012,-11.07,85.99,169.01,-0.1177,9.4733,-0.6178
7.022,-11.07,85.99,169.01,-0.1177,9.4733,-0.6570
7.032,-11.07,85.99,169.01,-0.1177,9.4242,-0.6570
7.042,-11.07,85.99,169.01,-0.1177,9.4733,-0.6570
7.052,-11.07,85.99,169.01,-0.1177,9.4733,-0.6178
7.062,-11.07,85.99,169.01,-0.1177,9.5125,-0.6570
7.072,-11.06,85.99,169.01,-0.1177,9.4733,-0.6570
7.082,-11.06,85.99,169.01,-0.1177,9.4733,-0.6570
7.092,-11.06,85.99,169.01,-0.1177,9.4733,-0.6570
7.102,-11.06,85.99,169.02,-0.1177,9.4242,-0.6570
7.112,-11.06,85.99,169.02,-0.1177,9.4242,-0.6570
7.122,-11.05,85.99,169.03,-0.1177,9.4733,-0.6570
7.132,-11.04,85.99,169.04,-0.1177,9.4733,-0.6178
7.142,-11.03,85.99,169.04,-0.1177,9.4733,-0.6570
7.152,-11.02,85.99,169.05,-0.1177,9.4733,-0.6570
7.162,-11.02,85.99,169.06,-0.1177,9.4733,-0.6570
7.172,-11.01,85.99,169.07,-0.1569,9.4733,-0.6570
7.182,-11.00,85.99,169.08,-0.1177,9.4242,-0.6570
7.192,-10.99,85.99,169.09,-0.1177,9.4733,-0.6570
7.202,-10.98,85.99,169.10,-0.1177,9.4242,-0.6570
7.212,-10.97,85.99,169.10,-0.1177,9.4733,-0.6570
7.222,-10.97,85.99,169.11,-0.1177,9.5125,-0.6570
7.232,-10.96,86.00,169.12,-0.1569,9.4733,-0.6570
7.242,-10.95,86.00,169.13,-0.1177,9.4733,-0.6570
7.252,-10.94,86.00,169.14,-0.1177,9.4733,-0.6570
7.262,-10.93,86.00,169.14,-0.1177,9.4635,-0.6963
7.272,-10.93,86.00,169.15,-0.1177,9.4733,-0.6570
7.282,-10.92,86.00,169.16,-0.1177,9.4635,-0.6963
7.292,-10.91,86.00,169.17,-0.1177,9.4733,-0.6570
7.302,-10.90,86.00,169.17,-0.1177,9.4635,-0.6963
7.312,-10.90,86.00,169.18,-0.1177,9.5125,-0.6570
7.322,-10.89,86.00,169.19,-0.1177,9.5027,-0.6963
7.332,-10.88,86.00,169.19,-0.1177,9.4733,-0.6570
7.342,-10.88,86.00,169.20,-0.1177,9.4733,-0.6570
7.352,-10.87,86.00,169.21,-0.1177,9.4733,-0.6178
7.362,-10.86,86.00,169.22,-0.1177,9.4733,-0.6570
7.372,-10.86,86.00,169.22,-0.1177,9.5125,-0.6570
7.382,-10.85,86.00,169.23,-0.1177,9.4733,-0.6570
7.392,-10.84,86.00,169.24,-0.1177,9.4733,-0.6570
7.402,-10.84,86.00,169.24,-0.1177,9.4733,-0.6570
7.412,-10.83,86.00,169.25,-0.1177,9.4733,-0.6570
7.422,-10.82,86.00,169.25,-0.1569,9.4733,-0.6570
7.432,-10.82,86.00,169.26,-0.1177,9.4733,-0.6570
7.442,-10.81,86.00,169.27,-0.0785,9.5027,-0.6963
7.452,-10.81,86.00,169.27,-0.1177,9.4733,-0.6570
7.461,-10.80,86.00,169.28,-0.1177,9.4733,-0.6570
7.472,-10.79,86.00,169.28,-0.1177,9.5125,-0.6570
7.481,-10.79,86.00,169.29,-0.1177,9.4733,-0.6570
7.491,-10.78,86.00,169.30,-0.1177,9.4733,-0.6570
7.502,-10.78,86.00,169.30,-0.1177,9.4635,-0.6963
7.511,-10.77,86.00,169.31,-0.1177,9.4733,-0.6570
7.521,-10.76,86.00,169.31,-0.1177,9.4635,-0.6963
7.531,-10.76,86.00,169.32,-0.1177,9.5125,-0.6570
7.541,-10.75,86.00,169.33,-0.1177,9.4635,-0.6963
7.551,-10.75,86.00,169.33,-0.1177,9.4733,-0.6570
7.561,-10.74,86.00,169.34,-0.1177,9.4733,-0.6570
7.571,-10.73,86.00,169.35,-0.1177,9.4733,-0.6570
7.581,-10.72,86.00,169.35,-0.1177,9.4733,-0.6570
7.591,-10.72,86.00,169.36,-0.1177,9.4635,-0.6963
7.601,-10.71,86.00,169.37,-0.1177,9.4635,-0.6963
7.611,-10.71,86.00,169.37,-0.1177,9.4733,-0.6570
7.621,-10.70,86.00,169.38,-0.1177,9.4733,-0.6570
7.631,-10.69,86.00,169.39,-0.1177,9.4635,-0.6963
7.641,-10.69,86.00,169.39,-0.1177,9.4733,-0.6570
7.651,-10.68,86.00,169.40,-0.1177,9.4635,-0.6963
7.661,-10.67,86.00,169.40,-0.1177,9.4733,-0.6570
7.671,-10.67,86.00,169.41,-0.1177,9.4733,-0.6570
7.681,-10.66,86.00,169.42,-0.1177,9.5125,-0.6570
7.691,-10.66,86.00,169.42,-0.1177,9.4733,-0.6570
7.701,-10.65,86.00,169.43,-0.1177,9.4733,-0.6570
7.711,-10.65,86.00,169.43,-0.1177,9.4733,-0.6570
7.721,-10.64,86.00,169.44,-0.1177,9.5125,-0.6570
7.731,-10.63,86.00,169.44,-0.1177,9.4635,-0.6963
7.741,-10.63,85.99,169.45,-0.1177,9.4635,-0.6963
7.751,-10.62,85.99,169.45,-0.1177,9.4733,-0.6570
7.761,-10.62,85.99,169.46,-0.1177,9.4635,-0.6963
7.771,-10.61,85.99,169.46,-0.1177,9.4733,-0.6570
7.781,-10.61,85.99,169.47,-0.1177,9.4733,-0.6570
7.791,-10.60,85.99,169.48,-0.1177,9.4635,-0.6963
7.801,-10.60,85.99,169.48,-0.1177,9.5027,-0.6963
7.811,-10.59,85.99,169.49,-0.1177,9.4733,-0.6570
7.821,-10.59,85.99,169.49,-0.1177,9.5125,-0.6570
7.831,-10.58,85.99,169.49,-0.1177,9.4733,-0.6570
7.841,-10.58,85.99,169.50,-0.1177,9.4733,-0.6570
7.851,-10.57,85.99,169.50,-0.1177,9.4733,-0.6570
7.861,-10.57,85.99,169.51,-0.1177,9.4733,-0.6570
7.871,-10.57,85.99,169.51,-0.1177,9.5027,-0.6963
7.881,-10.56,85.99,169.52,-0.1177,9.5027,-0.6963
7.891,-10.56,85.99,169.52,-0.1177,9.4733,-0.6570
7.901,-10.55,85.99,169.53,-0.1177,9.4733,-0.6570
7.911,-10.55,85.99,169.53,-0.1177,9.4733,-0.6178
7.921,-10.54,85.99,169.54,-0.0785,9.4733,-0.6570
7.931,-10.54,85.99,169.54,-0.1177,9.4733,-0.6570
7.941,-10.53,85.99,169.54,-0.1177,9.4635,-0.6963
7.951,-10.53,85.99,169.55,-0.0785,9.5027,-0.6963
7.961,-10.53,85.99,169.55,-0.0785,9.4733,-0.6178
7.971,-10.52,85.99,169.56,-0.1177,9.4635,-0.6963
7.981,-10.52,85.99,169.56,-0.1177,9.4242,-0.6570
7.991,-10.51,85.99,169.56,-0.0785,9.4733,-0.6570
8.001,-10.51,85.99,169.57,-0.1177,9.4635,-0.6963
8.011,-10.51,85.99,169.57,-0.1177,9.4733,-0.6570
8.021,-10.50,85.99,169.58,-0.1177,9.4733,-0.6570
8.031,-10.50,85.99,169.58,-0.1177,9.4733,-0.6570
8.041,-10.50,85.99,169.58,-0.1177,9.4635,-0.6963
8.051,-10.48,85.99,169.60,-0.1177,9.4635,-0.6963
8.061,-10.47,85.99,169.61,-0.1177,9.4733,-0.6570
8.071,-10.46,85.99,169.62,-0.1177,9.4733,-0.6570
8.081,-10.45,85.99,169.63,-0.1177,9.4733,-0.6570
8.091,-10.44,85.99,169.64,-0.1177,9.4733,-0.6570
8.101,-10.43,85.99,169.65,-0.1177,9.4635,-0.6963
8.111,-10.41,85.99,169.66,-0.1177,9.4733,-0.6570
8.121,-10.40,85.99,169.67,-0.1177,9.4733,-0.6570
8.131,-10.39,85.99,169.69,-0.1177,9.4733,-0.6570
8.141,-10.38,85.99,169.70,-0.1177,9.4733,-0.6570
8.151,-10.37,85.99,169.71,-0.1177,9.4635,-0.6963
8.161,-10.37,85.99,169.71,-0.0785,9.4733,-0.6570
8.171,-10.36,85.99,169.72,-0.1177,9.4733,-0.6570
8.181,-10.35,85.99,169.73,-0.0785,9.5125,-0.6570
8.191,-10.34,85.99,169.74,-0.1177,9.4733,-0.6570
8.201,-10.33,85.99,169.75,-0.1177,9.4733,-0.6178
8.211,-10.32,85.99,169.76,-0.1177,9.4733,-0.6570
8.221,-10.31,85.99,169.77,-0.1177,9.4733,-0.6570
8.231,-10.30,85.99,169.78,-0.1177,9.4733,-0.6570
8.241,-10.29,85.99,169.79,-0.1177,9.4635,-0.6963
8.251,-10.28,85.99,169.80,-0.0785,9.5125,-0.6570
8.261,-10.27,85.99,169.81,-0.1177,9.4635,-0.6963
8.271,-10.26,85.99,169.82,-0.1177,9.4733,-0.6570
8.281,-10.25,85.99,169.83,-0.1177,9.5125,-0.6570
8.291,-10.25,85.99,169.83,-0.1177,9.4733,-0.6570
8.301,-10.24,85.99,169.84,-0.1177,9.4733,-0.6570
8.311,-10.23,85.99,169.85,-0.0785,9.5027,-0.6963
8.321,-10.22,85.99,169.86,-0.1177,9.4733,-0.6570
8.331,-10.21,85.99,169.87,-0.1177,9.5027,-0.6963
8.341,-10.20,85.99,169.88,-0.1177,9.4733,-0.6570
8.351,-10.19,85.99,169.89,-0.1177,9.5125,-0.6570
8.361,-10.19,85.99,169.89,-0.1177,9.4635,-0.6963
8.371,-10.18,85.99,169.90,-0.1177,9.4733,-0.6570
8.381,-10.17,85.98,169.91,-0.1177,9.4733,-0.6570
8.391,-10.16,85.98,169.92,-0.1569,9.5125,-0.6570
8.401,-10.15,85.98,169.93,-0.0785,9.5125,-0.6570
8.411,-10.15,85.98,169.93,-0.1177,9.4733,-0.6570
8.421,-10.14,85.98,169.94,-0.1177,9.4733,-0.6570
8.431,-10.13,85.98,169.95,-0.0785,9.4733,-0.6570
8.441,-10.12,85.98,169.96,-0.1177,9.4635,-0.6963
8.451,-10.12,85.98,169.96,-0.1177,9.4733,-0.6570
8.461,-10.11,85.98,169.97,-0.0785,9.4635,-0.6963
8.471,-10.10,85.98,169.98,-0.1177,9.5027,-0.6963
8.481,-10.10,85.98,169.98,-0.1177,9.5125,-0.6570
8.491,-10.09,85.98,169.99,-0.1177,9.4635,-0.6963
8.501,-10.08,85.98,170.00,-0.1177,9.4733,-0.6570
8.511,-10.08,85.98,170.00,-0.1177,9.4635,-0.6963
8.521,-10.07,85.98,170.01,-0.1177,9.4635,-0.6963
8.531,-10.06,85.98,170.02,-0.1177,9.5125,-0.6570
8.541,-10.06,85.98,170.02,-0.0785,9.5027,-0.6963
8.551,-10.05,85.98,170.03,-0.1177,9.4733,-0.6570
8.561,-10.04,85.98,170.04,-0.1177,9.5027,-0.6963
8.571,-10.04,85.98,170.04,-0.1177,9.5125,-0.6570
8.581,-10.03,85.98,170.05,-0.1569,9.4635,-0.6963
8.591,-10.02,85.98,170.06,-0.1177,9.5125,-0.6570
8.601,-10.01,85.98,170.07,-0.1177,9.4733,-0.6570
8.611,-10.01,85.98,170.07,-0.1177,9.5125,-0.6570
8.621,-10.00,85.98,170.08,-0.1177,9.5125,-0.7257
8.631,-9.99,85.98,170.09,-0.0785,9.4733,-0.6570
8.641,-9.98,85.98,170.10,-0.1177,9.5027,-0.6963
8.651,-9.98,85.98,170.10,-0.1177,9.4635,-0.6963
8.661,-9.97,85.98,170.11,-0.1177,9.4635,-0.6963
8.671,-9.96,85.98,170.12,-0.1177,9.4733,-0.6570
8.681,-9.96,85.98,170.12,-0.1177,9.4733,-0.6570
8.691,-9.95,85.98,170.13,-0.1177,9.4733,-0.6570
8.701,-9.94,85.98,170.14,-0.1177,9.4635,-0.6963
8.711,-9.94,85.98,170.14,-0.1177,9.4733,-0.6570
8.721,-9.94,85.98,170.14,-0.1177,9.4635,-0.6963
8.731,-9.94,85.97,170.14,-0.1177,9.4733,-0.6570
8.741,-9.94,85.97,170.14,-0.1177,9.4733,-0.6570
8.751,-9.94,85.97,170.14,-0.1177,9.4635,-0.6963
8.761,-9.95,85.97,170.13,-0.1177,9.4733,-0.6570
8.771,-9.95,85.97,170.13,-0.1177,9.4733,-0.6570
8.781,-9.95,85.97,170.13,-0.1177,9.5027,-0.6963
8.791,-9.95,85.97,170.13,-0.1177,9.4733,-0.6570
8.801,-9.95,85.97,170.13,-0.1177,9.4635,-0.6963
8.811,-9.96,85.97,170.12,-0.1177,9.4733,-0.6570
8.821,-9.96,85.97,170.12,-0.1177,9.4733,-0.6570
8.831,-9.96,85.97,170.12,-0.1177,9.5125,-0.6570
8.841,-9.96,85.97,170.12,-0.1177,9.4733,-0.6570
8.851,-9.96,85.97,170.12,-0.1177,9.5125,-0.6570
8.861,-9.96,85.97,170.12,-0.1177,9.4635,-0.6963
8.871,-9.96,85.97,170.12,-0.1177,9.4733,-0.6570
8.881,-9.97,85.97,170.11,-0.1177,9.4733,-0.6570
8.891,-9.97,85.97,170.11,-0.1177,9.4733,-0.6178
8.901,-9.97,85.97,170.11,-0.0785,9.4733,-0.6570
8.911,-9.97,85.97,170.11,-0.0785,9.4733,-0.6570
8.921,-9.97,85.96,170.11,-0.1177,9.5125,-0.6570
8.931,-9.97,85.96,170.11,-0.1177,9.4733,-0.6570
8.941,-9.98,85.96,170.10,-0.1177,9.5125,-0.6570
8.951,-9.98,85.96,170.10,-0.1177,9.4733,-0.6570
8.961,-9.98,85.96,170.10,-0.1177,9.5125,-0.6570
8.971,-9.98,85.96,170.10,-0.1177,9.5125,-0.6570
8.981,-9.98,85.96,170.10,-0.0785,9.5125,-0.6570
8.991,-9.98,85.96,170.10,-0.0785,9.5027,-0.6963
9.001,-9.98,85.96,170.10,-0.1177,9.5125,-0.6570
9.011,-9.98,85.96,170.10,-0.1177,9.5027,-0.6963
9.021,-9.97,85.96,170.11,-0.1177,9.4733,-0.6570
9.031,-9.97,85.96,170.11,-0.1177,9.4733,-0.6570
9.041,-9.96,85.96,170.12,-0.1177,9.4733,-0.6570
9.051,-9.96,85.96,170.12,-0.1177,9.4733,-0.6570
9.061,-9.95,85.96,170.13,-0.0785,9.5027,-0.6963
9.071,-9.95,85.96,170.13,-0.1177,9.4733,-0.6570
9.081,-9.94,85.96,170.14,-0.0785,9.5027,-0.6963
9.091,-9.94,85.96,170.14,-0.1177,9.4733,-0.6570
9.101,-9.93,85.96,170.15,-0.1177,9.4733,-0.6570
9.111,-9.93,85.96,170.15,-0.1177,9.4635,-0.6963
9.121,-9.92,85.96,170.16,-0.1177,9.4635,-0.6963
9.131,-9.92,85.96,170.16,-0.1177,9.5125,-0.6570
9.141,-9.91,85.96,170.17,-0.1177,9.5125,-0.6570
9.151,-9.91,85.97,170.17,-0.1177,9.4733,-0.6570
9.161,-9.90,85.97,170.18,-0.1177,9.4733,-0.6570
9.171,-9.90,85.97,170.18,-0.1177,9.4733,-0.6570
9.181,-9.89,85.97,170.19,-0.0785,9.4635,-0.6963
9.191,-9.89,85.97,170.19,-0.1177,9.4635,-0.6963
9.201,-9.89,85.97,170.19,-0.1177,9.5027,-0.6963
9.211,-9.88,85.97,170.20,-0.1177,9.5125,-0.6570
9.221,-9.88,85.97,170.20,-0.1177,9.4635,-0.6963
9.231,-9.87,85.97,170.21,-0.1177,9.5027,-0.6963
9.241,-9.87,85.97,170.21,-0.0785,9.4733,-0.6178
9.251,-9.86,85.97,170.22,-0.1177,9.5125,-0.6570
9.261,-9.86,85.97,170.22,-0.1177,9.5027,-0.6963
9.271,-9.85,85.96,170.23,-0.0785,9.5125,-0.6570
9.281,-9.85,85.96,170.24,-0.1177,9.4733,-0.6570
9.291,-9.84,85.96,170.24,-0.1177,9.4733,-0.6570
9.301,-9.83,85.96,170.25,-0.1177,9.5027,-0.6963
9.311,-9.83,85.96,170.25,-0.1177,9.4635,-0.6963
9.321,-9.82,85.96,170.26,-0.0785,9.4733,-0.6570
9.331,-9.82,85.96,170.26,-0.1177,9.4733,-0.6570
9.341,-9.82,85.96,170.27,-0.1177,9.5125,-0.6570
9.351,-9.81,85.96,170.27,-0.1177,9.4635,-0.6963
9.361,-9.81,85.96,170.27,-0.1177,9.4733,-0.6570
9.371,-9.80,85.96,170.28,-0.0785,9.5125,-0.6570
9.381,-9.80,85.96,170.28,-0.1177,9.4635,-0.6963
9.391,-9.79,85.96,170.29,-0.1177,9.5125,-0.6570
9.401,-9.79,85.96,170.29,-0.1177,9.5125,-0.6570
9.411,-9.78,85.96,170.30,-0.0785,9.5125,-0.6570
9.421,-9.78,85.96,170.30,-0.1177,9.4635,-0.6963
9.431,-9.77,85.96,170.31,-0.1177,9.5027,-0.6963
9.441,-9.77,85.96,170.31,-0.1177,9.5027,-0.6963
9.451,-9.77,85.96,170.31,-0.1177,9.4733,-0.6570
9.461,-9.76,85.96,170.32,-0.1177,9.4635,-0.6963
9.471,-9.76,85.96,170.32,-0.0785,9.4733,-0.6570
9.481,-9.75,85.96,170.33,-0.1177,9.4635,-0.6963
9.491,-9.75,85.96,170.33,-0.1177,9.4733,-0.6570
9.501,-9.75,85.96,170.34,-0.0785,9.5027,-0.6963
9.511,-9.74,85.96,170.34,-0.0785,9.4635,-0.6963
9.521,-9.74,85.96,170.34,-0.1177,9.5027,-0.6963
9.531,-9.73,85.96,170.35,-0.1177,9.4635,-0.6963
9.541,-9.73,85.96,170.35,-0.0785,9.4733,-0.6570
9.551,-9.73,85.96,170.35,-0.1177,9.4733,-0.6570
9.561,-9.72,85.96,170.36,-0.1177,9.4733,-0.6570
9.571,-9.72,85.96,170.36,-0.1177,9.4733,-0.6570
9.581,-9.72,85.96,170.37,-0.1177,9.5125,-0.6570
9.591,-9.71,85.96,170.37,-0.1177,9.5125,-0.6570
9.601,-9.71,85.96,170.37,-0.1177,9.4733,-0.6570
9.611,-9.71,85.96,170.38,-0.1177,9.4733,-0.6570
9.621,-9.70,85.96,170.38,-0.1177,9.4733,-0.6570
9.631,-9.70,85.95,170.38,-0.0785,9.5027,-0.6963
9.641,-9.70,85.95,170.39,-0.1177,9.5125,-0.6570
9.651,-9.69,85.95,170.39,-0.1177,9.5027,-0.6963
9.661,-9.69,85.95,170.39,-0.1177,9.5027,-0.6963
9.671,-9.69,85.95,170.40,-0.1177,9.5125,-0.6570
9.681,-9.68,85.95,170.40,-0.1177,9.4733,-0.6570
9.691,-9.68,85.95,170.40,-0.1177,9.4733,-0.6570
9.701,-9.68,85.95,170.40,-0.0785,9.5125,-0.6570
9.711,-9.67,85.95,170.41,-0.1177,9.4733,-0.6570
9.721,-9.67,85.95,170.41,-0.1177,9.4733,-0.6570
9.731,-9.67,85.95,170.41,-0.0785,9.5125,-0.6178
9.741,-9.66,85.95,170.42,-0.1177,9.4733,-0.6570
9.751,-9.66,85.95,170.42,-0.1177,9.4733,-0.6570
9.761,-9.66,85.95,170.42,-0.1177,9.4733,-0.6570
9.771,-9.66,85.95,170.43,-0.1177,9.4733,-0.6570
9.781,-9.65,85.95,170.43,-0.1177,9.5027,-0.6963
9.791,-9.65,85.95,170.43,-0.1177,9.5027,-0.6963
9.801,-9.65,85.95,170.43,-0.1177,9.5027,-0.6963
9.811,-9.65,85.95,170.43,-0.0785,9.5125,-0.6570
9.821,-9.65,85.95,170.43,-0.1177,9.4733,-0.6570
9.831,-9.65,85.95,170.43,-0.1177,9.4733,-0.6570
9.841,-9.65,85.95,170.43,-0.0785,9.5027,-0.6963
9.851,-9.64,85.96,170.44,-0.1177,9.5125,-0.6570
9.861,-9.64,85.96,170.44,-0.1177,9.5027,-0.6963
9.871,-9.64,85.96,170.44,-0.0785,9.5125,-0.6570
9.881,-9.64,85.96,170.44,-0.1177,9.5125,-0.6570
9.891,-9.64,85.96,170.44,-0.1177,9.5125,-0.6570
9.901,-9.64,85.96,170.44,-0.1177,9.4733,-0.6570
9.911,-9.64,85.96,170.44,-0.1177,9.4733,-0.6570
9.921,-9.64,85.96,170.44,-0.1177,9.4733,-0.6570
9.931,-9.64,85.96,170.45,-0.1177,9.5125,-0.6570
9.941,-9.63,85.96,170.45,-0.1177,9.4733,-0.6570
9.951,-9.63,85.96,170.45,-0.1177,9.5125,-0.6570
9.961,-9.63,85.96,170.45,-0.0785,9.4635,-0.6963
9.971,-9.63,85.96,170.45,-0.1177,9.4635,-0.6963
9.981,-9.63,85.96,170.45,-0.1177,9.4733,-0.6570
9.991,-9.63,85.96,170.45,-0.1177,9.5125,-0.6570
10.001,-9.63,85.96,170.45,-0.1177,9.4733,-0.6570
10.011,-9.63,85.96,170.45,-0.1177,9.4733,-0.6570
10.021,-9.63,85.96,170.46,-0.1177,9.5125,-0.6570
10.031,-9.62,85.96,170.46,-0.0785,9.5027,-0.6963
10.041,-9.62,85.96,170.46,-0.1177,9.5027,-0.6963
10.051,-9.62,85.96,170.46,-0.1177,9.5125,-0.6570
10.061,-9.62,85.96,170.46,-0.1177,9.4733,-0.6570
10.071,-9.62,85.96,170.46,-0.1177,9.5027,-0.6963
10.081,-9.62,85.96,170.46,-0.0785,9.5125,-0.6570
10.091,-9.62,85.96,170.46,-0.1177,9.5125,-0.6570
10.101,-9.62,85.96,170.46,-0.1177,9.5027,-0.6963
10.111,-9.62,85.96,170.46,-0.1177,9.5125,-0.7257
10.121,-9.62,85.96,170.47,-0.1177,9.4733,-0.6570
10.131,-9.61,85.96,170.47,-0.1177,9.5027,-0.6963
10.141,-9.61,85.96,170.47,-0.0785,9.4635,-0.6963
10.151,-9.61,85.96,170.47,-0.1177,9.4733,-0.6570
10.161,-9.61,85.96,170.47,-0.1177,9.5125,-0.6570
10.171,-9.61,85.96,170.47,-0.1177,9.5125,-0.6570
10.181,-9.60,85.96,170.48,-0.1177,9.5027,-0.6963
10.191,-9.60,85.96,170.48,-0.1177,9.5125,-0.6570
10.201,-9.60,85.96,170.48,-0.0785,9.4635,-0.6963
10.211,-9.60,85.96,170.48,-0.0785,9.5125,-0.6178
10.221,-9.60,85.96,170.49,-0.0785,9.5027,-0.6963
10.231,-9.59,85.96,170.49,-0.1177,9.5027,-0.6963
10.241,-9.59,85.96,170.49,-0.1177,9.5125,-0.6570
10.251,-9.59,85.96,170.49,-0.1177,9.5125,-0.6570
10.261,-9.59,85.96,170.49,-0.1177,9.5125,-0.6570
10.271,-9.59,85.96,170.50,-0.1177,9.4635,-0.6963
10.281,-9.58,85.96,170.50,-0.0785,9.4733,-0.6570
10.291,-9.58,85.96,170.50,-0.1177,9.4733,-0.6570
10.301,-9.58,85.96,170.50,-0.1177,9.4733,-0.6570
10.311,-9.58,85.96,170.50,-0.1177,9.4733,-0.6570
10.321,-9.58,85.96,170.50,-0.1177,9.5125,-0.6570
10.331,-9.57,85.96,170.51,-0.1177,9.5125,-0.6570
10.341,-9.57,85.96,170.51,-0.0785,9.5027,-0.6963
10.351,-9.57,85.96,170.51,-0.1177,9.5125,-0.6570
10.361,-9.57,85.96,170.51,-0.0785,9.4733,-0.6570
10.371,-9.57,85.96,170.51,-0.0785,9.4733,-0.6570
10.381,-9.57,85.96,170.52,-0.0785,9.5027,-0.6963
10.391,-9.56,85.96,170.52,-0.1177,9.5027,-0.6963
10.401,-9.56,85.96,170.52,-0.0785,9.4733,-0.6570
10.411,-9.56,85.96,170.52,-0.1177,9.5125,-0.6570
10.421,-9.56,85.96,170.52,-0.1177,9.5027,-0.6963
10.431,-9.56,85.96,170.52,-0.1177,9.4635,-0.6963
10.441,-9.56,85.96,170.52,-0.1177,9.5125,-0.6570
10.451,-9.55,85.96,170.53,-0.1177,9.5027,-0.6963
10.461,-9.55,85.96,170.53,-0.1177,9.4733,-0.6570
10.471,-9.55,85.96,170.53,-0.1177,9.4635,-0.6963
10.481,-9.55,85.96,170.53,-0.1177,9.5125,-0.6570
10.491,-9.55,85.96,170.53,-0.1177,9.5125,-0.6570
10.501,-9.55,85.96,170.53,-0.1177,9.5125,-0.6570
10.511,-9.55,85.96,170.54,-0.0785,9.4635,-0.6963
10.521,-9.54,85.96,170.54,-0.1177,9.5027,-0.6963
10.531,-9.54,85.96,170.54,-0.0785,9.4733,-0.6570
10.541,-9.54,85.95,170.54,-0.1177,9.4733,-0.6570
10.551,-9.54,85.95,170.54,-0.1177,9.5027,-0.6963
10.561,-9.54,85.95,170.54,-0.0785,9.5125,-0.6570
10.571,-9.54,85.95,170.54,-0.1177,9.4635,-0.6963
10.581,-9.54,85.95,170.54,-0.1177,9.5125,-0.6570
10.591,-9.54,85.95,170.55,-0.1177,9.4635,-0.6963
10.601,-9.53,85.95,170.55,-0.0785,9.4733,-0.6570
10.611,-9.53,85.95,170.55,-0.1177,9.5027,-0.6963
10.621,-9.53,85.95,170.55,-0.1177,9.5125,-0.6570
10.631,-9.53,85.95,170.55,-0.1569,9.5125,-0.6570
10.641,-9.53,85.95,170.55,-0.1177,9.5027,-0.6963
10.651,-9.53,85.95,170.55,-0.1177,9.5125,-0.6570
10.661,-9.53,85.95,170.55,-0.1177,9.5125,-0.6570
10.671,-9.53,85.95,170.56,-0.1177,9.4733,-0.6570
10.681,-9.52,85.95,170.56,-0.1177,9.5125,-0.6570
10.691,-9.52,85.95,170.56,-0.0785,9.4733,-0.6570
10.701,-9.52,85.95,170.56,-0.1177,9.5125,-0.6570
10.711,-9.52,85.95,170.56,-0.1177,9.5125,-0.6570
10.720,-9.52,85.95,170.56,-0.1177,9.5027,-0.6963
10.731,-9.52,85.95,170.56,-0.1177,9.4635,-0.6963
10.740,-9.52,85.95,170.56,-0.1177,9.4733,-0.6570
10.750,-9.52,85.95,170.56,-0.1177,9.5125,-0.6570
10.760,-9.52,85.95,170.57,-0.1177,9.5027,-0.6963
10.770,-9.51,85.95,170.57,-0.1177,9.5125,-0.6570
10.780,-9.51,85.95,170.57,-0.0785,9.5125,-0.6570
10.790,-9.51,85.95,170.57,-0.1177,9.5125,-0.6570
10.800,-9.51,85.95,170.57,-0.1177,9.5125,-0.6570
10.810,-9.51,85.95,170.57,-0.1177,9.5125,-0.6570
10.820,-9.51,85.95,170.57,-0.1177,9.5125,-0.6570
10.830,-9.51,85.95,170.57,-0.1177,9.5125,-0.6570
10.840,-9.51,85.95,170.57,-0.0785,9.5125,-0.6570
10.850,-9.51,85.95,170.57,-0.0785,9.4733,-0.6570
10.860,-9.51,85.95,170.57,-0.0785,9.5125,-0.6570
10.870,-9.51,85.95,170.57,-0.1177,9.5125,-0.6570
10.880,-9.51,85.95,170.57,-0.1177,9.5125,-0.6570
10.890,-9.51,85.95,170.57,-0.1177,9.5125,-0.6570
10.900,-9.52,85.95,170.57,-0.0785,9.5125,-0.6570
10.910,-9.53,85.95,170.55,-0.1177,9.5125,-0.6570
10.920,-9.53,85.95,170.55,-0.1177,9.4733,-0.6570
10.930,-9.53,85.95,170.55,-0.0785,9.4635,-0.6963
10.940,-9.55,85.95,170.53,-0.1177,9.4733,-0.6570
10.950,-9.55,85.95,170.53,-0.0785,9.4733,-0.6570
10.960,-9.54,85.95,170.54,-0.1177,9.4635,-0.6963
10.970,-9.53,85.95,170.55,-0.1177,9.4733,-0.6570
10.980,-9.52,85.95,170.56,-0.1177,9.4635,-0.6963
10.990,-9.49,85.95,170.59,-0.1177,9.5027,-0.6963
11.000,-9.48,85.95,170.60,-0.1177,9.5125,-0.6570
11.010,-9.49,85.95,170.59,-0.0785,9.5027,-0.6963
11.020,-9.50,85.95,170.58,-0.0785,9.5125,-0.6570
11.030,-9.50,85.95,170.58,-0.1177,9.5125,-0.6570
11.040,-9.50,85.95,170.58,-0.1177,9.5027,-0.6963
11.050,-9.51,85.96,170.57,-0.1177,9.5125,-0.6570
11.060,-9.52,85.96,170.56,-0.0785,9.5027,-0.6963
11.070,-9.52,85.95,170.56,-0.1177,9.5125,-0.6570
11.080,-9.51,85.95,170.57,-0.1177,9.5125,-0.6570
11.090,-9.52,85.95,170.56,-0.1177,9.5125,-0.6570
11.100,-9.52,85.95,170.56,-0.1177,9.5027,-0.6963
11.110,-9.50,85.95,170.58,-0.1177,9.4733,-0.6570
11.120,-9.49,85.95,170.59,-0.1177,9.5125,-0.6570
11.130,-9.48,85.95,170.60,-0.1177,9.4733,-0.6570
11.140,-9.48,85.95,170.60,-0.0785,9.4635,-0.6963
11.150,-9.49,85.95,170.59,-0.1177,9.5027,-0.6963
11.160,-9.50,85.95,170.58,-0.1177,9.5125,-0.6570
11.170,-9.52,85.96,170.56,-0.0785,9.5125,-0.6570
11.181,-9.51,85.96,170.57,-0.0785,9.5125,-0.6570
11.190,-9.51,85.96,170.58,-0.1177,9.4733,-0.6570
11.200,-9.51,85.96,170.57,-0.1177,9.4635,-0.6963
11.210,-9.52,85.96,170.57,-0.1177,9.4733,-0.6570
11.220,-9.53,85.96,170.56,-0.1177,9.4635,-0.6963
11.230,-9.53,85.96,170.56,-0.1177,9.5027,-0.6963
11.240,-9.52,85.96,170.56,-0.1177,9.5125,-0.6570
11.250,-9.52,85.96,170.56,-0.0785,9.5125,-0.6570
11.260,-9.53,85.96,170.56,-0.1177,9.4635,-0.6963
11.270,-9.52,85.96,170.57,-0.1177,9.5125,-0.6570
11.280,-9.51,85.96,170.58,-0.1177,9.4733,-0.6570
11.290,-9.52,85.96,170.57,-0.1177,9.4733,-0.6570
11.300,-9.53,85.96,170.56,-0.1177,9.4733,-0.6570
11.310,-9.54,85.96,170.55,-0.1177,9.5125,-0.6570
11.320,-9.54,85.95,170.55,-0.0785,9.4635,-0.6963
11.330,-9.54,85.95,170.54,-0.1177,9.4733,-0.6570
11.340,-9.55,85.95,170.53,-0.1177,9.5027,-0.6963
11.350,-9.56,85.95,170.52,-0.1177,9.5125,-0.6570
11.360,-9.57,85.95,170.52,-0.1177,9.4635,-0.6963
11.370,-9.57,85.96,170.52,-0.1177,9.4733,-0.6570
11.380,-9.56,85.96,170.53,-0.1177,9.5125,-0.6570
11.390,-9.56,85.96,170.54,-0.1177,9.4733,-0.6570
11.400,-9.56,85.96,170.53,-0.1177,9.5125,-0.6570
11.410,-9.56,85.96,170.53,-0.1177,9.5027,-0.6963
11.420,-9.58,85.96,170.52,-0.1177,9.5125,-0.6178
11.430,-9.59,85.97,170.50,-0.1177,9.4635,-0.6963
11.440,-9.59,85.96,170.50,-0.1177,9.4733,-0.6570
11.450,-9.60,85.96,170.50,-0.1177,9.4733,-0.6570
11.460,-9.63,85.97,170.47,-0.1177,9.4733,-0.6570
11.470,-9.64,85.97,170.46,-0.1177,9.4733,-0.6570
11.480,-9.65,85.97,170.44,-0.1177,9.5027,-0.6963
11.490,-9.66,85.97,170.44,-0.1177,9.5125,-0.6570
11.500,-9.65,85.97,170.45,-0.1177,9.5027,-0.6963
11.510,-9.65,85.97,170.45,-0.0785,9.5125,-0.6570
11.520,-9.66,85.97,170.44,-0.1177,9.5125,-0.6570
11.530,-9.66,85.97,170.44,-0.0785,9.5125,-0.6570
11.540,-9.67,85.97,170.43,-0.1569,9.5027,-0.6963
11.550,-9.67,85.97,170.44,-0.1177,9.5125,-0.6570
11.560,-9.65,85.97,170.45,-0.1177,9.5125,-0.6570
11.570,-9.63,85.97,170.47,-0.1177,9.5027,-0.6963
11.580,-9.61,85.97,170.49,-0.1177,9.5125,-0.6178
11.590,-9.60,85.97,170.50,-0.1177,9.5125,-0.6570
11.600,-9.61,85.97,170.49,-0.1177,9.5125,-0.6570
11.610,-9.61,85.97,170.49,-0.1569,9.5125,-0.6570
11.620,-9.60,85.97,170.50,-0.1177,9.5125,-0.6570
11.630,-9.62,85.97,170.49,-0.0785,9.4733,-0.6570
11.640,-9.64,85.97,170.46,-0.0785,9.5125,-0.6570
11.650,-9.65,85.97,170.45,-0.1177,9.5125,-0.6570
11.660,-9.66,85.97,170.44,-0.1177,9.4733,-0.6570
11.670,-9.66,85.97,170.44,-0.1177,9.5125,-0.6570
11.680,-9.67,85.97,170.43,-0.0785,9.4733,-0.6570
11.690,-9.69,85.97,170.42,-0.0785,9.4733,-0.6570
11.700,-9.70,85.97,170.40,-0.0785,9.5027,-0.6963
11.710,-9.69,85.97,170.41,-0.0785,9.4733,-0.6570
11.720,-9.68,85.97,170.42,-0.0785,9.4635,-0.6963
11.730,-9.68,85.97,170.43,-0.0785,9.4635,-0.6963
11.740,-9.67,85.97,170.43,-0.0785,9.5125,-0.6570
11.750,-9.67,85.97,170.43,-0.0785,9.5027,-0.6963
11.760,-9.66,85.96,170.45,-0.0785,9.4635,-0.6963
11.770,-9.65,85.97,170.45,-0.0785,9.5027,-0.6963
11.780,-9.67,85.97,170.43,-0.0785,9.4733,-0.6570
11.790,-9.69,85.97,170.42,-0.1177,9.5125,-0.6570
11.800,-9.68,85.97,170.43,-0.0785,9.5125,-0.6570
11.810,-9.68,85.97,170.42,-0.0785,9.5027,-0.6963
11.820,-9.69,85.97,170.42,-0.1177,9.5125,-0.6570
11.830,-9.68,85.97,170.42,-0.1177,9.4733,-0.6570
11.840,-9.68,85.97,170.43,-0.0785,9.5027,-0.6963
11.850,-9.68,85.97,170.42,-0.0785,9.5027,-0.6963
11.860,-9.69,85.97,170.41,-0.0785,9.5027,-0.6963
11.870,-9.70,85.97,170.40,-0.0785,9.4635,-0.6963
11.880,-9.70,85.97,170.40,-0.0785,9.5027,-0.6963
11.890,-9.69,85.97,170.41,-0.0785,9.5125,-0.6570
11.900,-9.69,85.97,170.41,-0.1177,9.4635,-0.6963
11.910,-9.67,85.97,170.43,-0.0785,9.5027,-0.6963
11.920,-9.65,85.97,170.46,-0.1177,9.5027,-0.6963
11.930,-9.63,85.97,170.48,-0.0785,9.4635,-0.6963
11.940,-9.61,85.97,170.49,-0.0785,9.5027,-0.6963
11.950,-9.59,85.97,170.51,-0.0785,9.5125,-0.6570
11.960,-9.57,85.97,170.53,-0.0785,9.4733,-0.6570
11.970,-9.55,85.97,170.55,-0.1177,9.5125,-0.6570
11.980,-9.54,85.97,170.57,-0.1177,9.4733,-0.6178
11.990,-9.52,85.97,170.58,-0.0785,9.5125,-0.6570
12.000,-9.50,85.97,170.60,-0.1177,9.5125,-0.6570
12.010,-9.48,85.97,170.62,-0.1177,9.5125,-0.6570
12.020,-9.47,85.97,170.64,-0.0785,9.5125,-0.6570
12.030,-9.45,85.97,170.65,-0.1177,9.5027,-0.6963
12.040,-9.43,85.97,170.67,-0.0785,9.4733,-0.6570
12.050,-9.42,85.97,170.69,-0.1177,9.5125,-0.6570
12.060,-9.40,85.97,170.70,-0.1177,9.5125,-0.6570
12.070,-9.39,85.97,170.72,-0.1177,9.5027,-0.6963
12.080,-9.37,85.97,170.73,-0.0785,9.5125,-0.6570
12.090,-9.35,85.97,170.75,-0.1177,9.4733,-0.6570
12.100,-9.34,85.97,170.76,-0.1177,9.5027,-0.6963
12.110,-9.32,85.97,170.78,-0.1177,9.5027,-0.6963
12.120,-9.31,85.97,170.79,-0.1177,9.4635,-0.6963
12.130,-9.29,85.97,170.81,-0.1177,9.5027,-0.6963
12.140,-9.28,85.97,170.82,-0.1177,9.4635,-0.6963
12.150,-9.27,85.97,170.83,-0.0785,9.4733,-0.6570
12.160,-9.27,85.97,170.83,-0.1177,9.5125,-0.6570
12.170,-9.26,85.97,170.84,-0.0785,9.4635,-0.6963
12.180,-9.26,85.97,170.85,-0.0785,9.5125,-0.6570
12.190,-9.25,85.97,170.85,-0.0785,9.4733,-0.6570
12.200,-9.25,85.97,170.86,-0.1177,9.4635,-0.6963
12.210,-9.24,85.97,170.86,-0.0785,9.5125,-0.6570
12.220,-9.23,85.97,170.87,-0.1177,9.4733,-0.6178
12.230,-9.23,85.97,170.87,-0.0785,9.5027,-0.6963
12.240,-9.22,85.97,170.88,-0.0785,9.4733,-0.6570
12.250,-9.22,85.97,170.89,-0.0785,9.5125,-0.6570
12.260,-9.21,85.96,170.89,-0.0785,9.5125,-0.6570
12.270,-9.21,85.96,170.90,-0.1177,9.4635,-0.6963
12.280,-9.20,85.96,170.90,-0.1177,9.5125,-0.6570
12.290,-9.20,85.96,170.91,-0.1177,9.4733,-0.6570
12.300,-9.19,85.96,170.91,-0.1177,9.4733,-0.6570
12.310,-9.19,85.96,170.92,-0.0785,9.5125,-0.6570
12.320,-9.18,85.96,170.92,-0.1177,9.5027,-0.6963
12.330,-9.18,85.96,170.93,-0.1177,9.4733,-0.6570
12.340,-9.17,85.96,170.93,-0.1177,9.4635,-0.6963
12.350,-9.17,85.96,170.93,-0.1177,9.4733,-0.6570
12.360,-9.16,85.96,170.94,-0.0785,9.5027,-0.6963
12.370,-9.16,85.96,170.94,-0.0785,9.5125,-0.6570
12.380,-9.15,85.96,170.95,-0.1177,9.5027,-0.6963
12.390,-9.15,85.96,170.95,-0.1177,9.5027,-0.6963
12.400,-9.15,85.96,170.96,-0.0785,9.4733,-0.6570
12.410,-9.14,85.96,170.96,-0.1177,9.4733,-0.6570
12.420,-9.14,85.96,170.97,-0.1177,9.4733,-0.6570
12.430,-9.13,85.96,170.97,-0.0785,9.4733,-0.6570
12.440,-9.13,85.96,170.97,-0.1177,9.4733,-0.6570
12.450,-9.12,85.96,170.98,-0.1177,9.5125,-0.6570
12.460,-9.12,85.96,170.98,-0.1177,9.4733,-0.6570
12.470,-9.12,85.96,170.99,-0.1177,9.4733,-0.6570
12.480,-9.11,85.96,170.99,-0.0785,9.5125,-0.6570
12.490,-9.11,85.96,170.99,-0.1177,9.5027,-0.6963
12.500,-9.10,85.96,171.00,-0.0785,9.4635,-0.6963
12.510,-9.10,85.96,171.00,-0.1177,9.5125,-0.6178
12.520,-9.10,85.96,171.01,-0.1177,9.4733,-0.6570
12.530,-9.09,85.96,171.01,-0.0785,9.4635,-0.6963
12.540,-9.09,85.96,171.01,-0.0785,9.5027,-0.6963
12.550,-9.09,85.96,171.02,-0.1177,9.4733,-0.6570
12.560,-9.08,85.96,171.02,-0.0785,9.4733,-0.6570
12.570,-9.08,85.96,171.02,-0.0785,9.4733,-0.6570
12.580,-9.08,85.96,171.03,-0.0785,9.5125,-0.6570
12.590,-9.07,85.96,171.03,-0.0785,9.4733,-0.6570
12.600,-9.07,85.96,171.03,-0.1177,9.5027,-0.6963
12.610,-9.07,85.96,171.03,-0.0785,9.4733,-0.6570
12.620,-9.07,85.96,171.04,-0.0785,9.5027,-0.6963
12.630,-9.07,85.96,171.04,-0.0785,9.5027,-0.6963
12.640,-9.06,85.96,171.04,-0.0785,9.4733,-0.6570
12.650,-9.06,85.96,171.04,-0.1177,9.5125,-0.6570
12.660,-9.06,85.96,171.04,-0.0785,9.4733,-0.6570
12.670,-9.06,85.96,171.05,-0.1177,9.5125,-0.6570
12.680,-9.06,85.96,171.05,-0.0785,9.5125,-0.6570
12.690,-9.05,85.96,171.06,-0.0785,9.5125,-0.6570
12.700,-9.04,85.96,171.07,-0.0785,9.5125,-0.6570
12.710,-9.03,85.96,171.08,-0.1177,9.4733,-0.6570
12.720,-9.02,85.97,171.09,-0.1177,9.4635,-0.6963
12.730,-9.01,85.97,171.10,-0.1177,9.5125,-0.6570
12.740,-9.00,85.97,171.11,-0.1177,9.5027,-0.6963
12.750,-8.99,85.97,171.12,-0.0785,9.5027,-0.6963
12.760,-8.98,85.97,171.13,-0.1177,9.5125,-0.6570
12.770,-8.97,85.97,171.13,-0.0785,9.4733,-0.6178
12.780,-8.96,85.97,171.14,-0.0785,9.5125,-0.6570
12.790,-8.95,85.97,171.15,-0.0785,9.4733,-0.6570
12.800,-8.94,85.97,171.16,-0.0785,9.4733,-0.6570
12.810,-8.93,85.97,171.17,-0.1177,9.5125,-0.6570
12.820,-8.92,85.97,171.18,-0.0785,9.5027,-0.6963
12.830,-8.92,85.97,171.19,-0.0785,9.4733,-0.6570
12.840,-8.91,85.97,171.20,-0.1177,9.5027,-0.6963
12.850,-8.90,85.97,171.20,-0.1177,9.5125,-0.6570
12.860,-8.89,85.97,171.21,-0.0785,9.5125,-0.6570
12.870,-8.88,85.97,171.22,-0.0785,9.4733,-0.6570
12.880,-8.88,85.97,171.23,-0.0785,9.5125,-0.6570
12.890,-8.87,85.97,171.24,-0.0785,9.5125,-0.6570
12.900,-8.86,85.97,171.24,-0.0785,9.5027,-0.6963
12.910,-8.85,85.97,171.25,-0.0785,9.4733,-0.6570
12.920,-8.84,85.97,171.26,-0.0785,9.5125,-0.6570
12.930,-8.84,85.97,171.27,-0.1177,9.4733,-0.6570
12.940,-8.83,85.97,171.28,-0.1177,9.5125,-0.6570
12.950,-8.82,85.97,171.28,-0.0785,9.4635,-0.6963
12.960,-8.81,85.97,171.29,-0.1177,9.5125,-0.6570
12.970,-8.81,85.98,171.30,-0.0785,9.4733,-0.6570
12.980,-8.80,85.98,171.30,-0.1177,9.5027,-0.6963
12.990,-8.79,85.98,171.31,-0.0785,9.5125,-0.6570
13.000,-8.79,85.98,171.32,-0.1177,9.5027,-0.6963
13.010,-8.78,85.98,171.33,-0.0785,9.5125,-0.6570
13.020,-8.77,85.98,171.33,-0.0785,9.5125,-0.6570
13.030,-8.77,85.98,171.34,-0.0785,9.5125,-0.6570
13.040,-8.76,85.98,171.35,-0.1177,9.4733,-0.6570
13.050,-8.75,85.98,171.35,-0.1177,9.4635,-0.6963
13.060,-8.75,85.98,171.36,-0.0785,9.5125,-0.6570
13.070,-8.74,85.98,171.36,-0.0785,9.5125,-0.6570
13.080,-8.73,85.98,171.37,-0.0785,9.5125,-0.6570
13.090,-8.73,85.98,171.38,-0.1177,9.4733,-0.6570
13.100,-8.72,85.98,171.38,-0.1177,9.5125,-0.6570
13.110,-8.72,85.98,171.39,-0.0785,9.5125,-0.6570
13.120,-8.71,85.98,171.40,-0.0785,9.5125,-0.6570
13.130,-8.70,85.98,171.40,-0.0785,9.4733,-0.6570
13.140,-8.70,85.98,171.41,-0.1177,9.4733,-0.6570
13.150,-8.69,85.98,171.41,-0.0785,9.5125,-0.6570
13.160,-8.69,85.98,171.42,-0.1177,9.4733,-0.6570
13.170,-8.68,85.98,171.42,-0.0785,9.4733,-0.6570
13.180,-8.68,85.98,171.43,-0.0785,9.5027,-0.6963
13.190,-8.67,85.98,171.43,-0.0785,9.4733,-0.6570
13.200,-8.66,85.98,171.44,-0.0785,9.5027,-0.6963
13.210,-8.66,85.98,171.45,-0.1177,9.5125,-0.6570
13.220,-8.65,85.98,171.45,-0.1177,9.5125,-0.6570
13.230,-8.65,85.98,171.46,-0.0785,9.5125,-0.6570
13.240,-8.64,85.98,171.46,-0.1177,9.5125,-0.6570
13.250,-8.64,85.98,171.47,-0.0785,9.4635,-0.6963
13.260,-8.63,85.98,171.47,-0.0785,9.5125,-0.6570
13.270,-8.63,85.98,171.48,-0.1177,9.5125,-0.6570
13.280,-8.62,85.98,171.48,-0.1177,9.5517,-0.6570
13.290,-8.62,85.98,171.49,-0.1177,9.4635,-0.6963
13.300,-8.61,85.98,171.49,-0.0785,9.4635,-0.6963
13.310,-8.61,85.98,171.50,-0.0785,9.5125,-0.6570
13.320,-8.60,85.98,171.50,-0.0785,9.5125,-0.6570
13.330,-8.60,85.98,171.50,-0.0785,9.4733,-0.6178
13.340,-8.60,85.99,171.51,-0.0785,9.5125,-0.6570
13.350,-8.59,85.99,171.51,-0.1177,9.5125,-0.6570
13.360,-8.59,85.99,171.52,-0.0785,9.4733,-0.6570
13.370,-8.58,85.99,171.52,-0.0785,9.5125,-0.6570
13.380,-8.58,85.99,171.53,-0.0785,9.5125,-0.6570
13.390,-8.57,85.99,171.53,-0.1177,9.4733,-0.6570
13.400,-8.57,85.99,171.54,-0.0785,9.5125,-0.6570
13.410,-8.57,85.99,171.54,-0.1177,9.5125,-0.6570
13.420,-8.56,85.99,171.54,-0.0785,9.5125,-0.6570
13.430,-8.56,85.99,171.55,-0.0785,9.5125,-0.6178
13.440,-8.55,85.99,171.55,-0.1177,9.5125,-0.6570
13.450,-8.55,85.99,171.56,-0.0785,9.5125,-0.6178
13.460,-8.55,85.99,171.56,-0.1177,9.4733,-0.6570
13.470,-8.54,85.99,171.56,-0.1177,9.5125,-0.6570
13.480,-8.54,85.99,171.57,-0.1177,9.5027,-0.6963
13.490,-8.54,85.99,171.57,-0.0785,9.5125,-0.6570
13.500,-8.53,85.99,171.57,-0.1177,9.5027,-0.6963
13.510,-8.53,85.99,171.57,-0.0785,9.5125,-0.6570
13.520,-8.53,85.99,171.58,-0.0785,9.5125,-0.6570
13.530,-8.53,85.99,171.58,-0.0785,9.4733,-0.6570
13.540,-8.52,85.99,171.58,-0.0785,9.5027,-0.6963
13.550,-8.52,85.99,171.58,-0.0785,9.5125,-0.6570
13.560,-8.52,85.99,171.59,-0.0785,9.5125,-0.6570
13.570,-8.52,86.00,171.59,-0.0785,9.4733,-0.6570
13.580,-8.51,86.00,171.59,-0.0785,9.5125,-0.6570
13.590,-8.51,86.00,171.59,-0.1177,9.5125,-0.6570
13.600,-8.51,86.00,171.59,-0.1177,9.5027,-0.6963
13.610,-8.51,86.00,171.60,-0.0785,9.5125,-0.6178
13.620,-8.51,86.00,171.60,-0.0785,9.5027,-0.6963
13.630,-8.50,86.00,171.60,-0.0785,9.5125,-0.6570
13.640,-8.50,86.00,171.61,-0.0785,9.5125,-0.6570
13.650,-8.50,86.00,171.61,-0.0785,9.5125,-0.6570
13.660,-8.49,86.00,171.61,-0.0785,9.5125,-0.6570
13.670,-8.49,86.00,171.62,-0.1177,9.5125,-0.6178
13.680,-8.49,86.00,171.62,-0.0785,9.4635,-0.6963
13.690,-8.49,86.00,171.62,-0.0785,9.5125,-0.6570
13.700,-8.48,86.00,171.62,-0.0785,9.4733,-0.6570
13.710,-8.48,86.00,171.62,-0.0785,9.4733,-0.6570
13.720,-8.48,86.00,171.63,-0.0785,9.5125,-0.6570
13.730,-8.47,86.00,171.64,-0.1177,9.5125,-0.6570
13.740,-8.46,86.00,171.65,-0.0785,9.5027,-0.6963
13.750,-8.45,86.00,171.66,-0.0785,9.5125,-0.6178
13.760,-8.44,86.00,171.67,-0.0785,9.4733,-0.6570
13.769,-8.43,86.01,171.67,-0.0785,9.5125,-0.6570
13.780,-8.42,86.01,171.68,-0.1177,9.5027,-0.6963
13.790,-8.41,86.01,171.69,-0.0785,9.4733,-0.6178
13.799,-8.40,86.01,171.70,-0.0785,9.5125,-0.6570
13.810,-8.39,86.01,171.71,-0.0785,9.4733,-0.6570
13.820,-8.38,86.01,171.72,-0.0785,9.5125,-0.6570
13.829,-8.37,86.01,171.73,-0.1177,9.5027,-0.6963
13.839,-8.37,86.01,171.74,-0.0785,9.4733,-0.6570
13.849,-8.36,86.01,171.75,-0.0785,9.4733,-0.6178
13.859,-8.35,86.01,171.76,-0.0785,9.5125,-0.6570
13.869,-8.34,86.01,171.77,-0.0785,9.5125,-0.6570
13.879,-8.33,86.01,171.77,-0.0785,9.5125,-0.6570
13.889,-8.32,86.01,171.78,-0.0785,9.5125,-0.6570
13.899,-8.32,86.01,171.79,-0.1177,9.5027,-0.6963
13.909,-8.31,86.01,171.80,-0.0785,9.5125,-0.6570
13.919,-8.30,86.01,171.81,-0.0785,9.5027,-0.6963
13.929,-8.29,86.02,171.81,-0.0785,9.4733,-0.6570
13.939,-8.28,86.02,171.82,-0.0785,9.4733,-0.6570
13.949,-8.28,86.02,171.83,-0.1177,9.4733,-0.6178
13.959,-8.27,86.02,171.84,-0.1177,9.5125,-0.6178
13.969,-8.26,86.02,171.85,-0.0785,9.5125,-0.6570
13.979,-8.25,86.02,171.85,-0.1177,9.5027,-0.6963
13.989,-8.25,86.02,171.86,-0.0785,9.5125,-0.6570
13.999,-8.24,86.02,171.87,-0.0785,9.5125,-0.6570
14.009,-8.23,86.02,171.88,-0.0785,9.4733,-0.6570
14.019,-8.22,86.02,171.88,-0.0785,9.5125,-0.6570
14.029,-8.22,86.02,171.89,-0.0785,9.5125,-0.6570
14.039,-8.21,86.02,171.90,-0.0785,9.4733,-0.6570
14.049,-8.20,86.02,171.90,-0.0785,9.5125,-0.6570
14.059,-8.20,86.02,171.91,-0.0785,9.5027,-0.6963
14.069,-8.19,86.02,171.92,-0.0785,9.5125,-0.6570
14.079,-8.18,86.02,171.92,-0.0785,9.5027,-0.6963
14.089,-8.18,86.02,171.93,-0.0785,9.4733,-0.6570
14.099,-8.17,86.02,171.94,-0.0785,9.4733,-0.6570
14.109,-8.16,86.02,171.94,-0.0785,9.5125,-0.6570
14.119,-8.16,86.02,171.95,-0.1177,9.5125,-0.6570
14.129,-8.15,86.02,171.95,-0.1177,9.5125,-0.6570
14.139,-8.14,86.03,171.96,-0.0785,9.5125,-0.6570
14.149,-8.14,86.03,171.97,-0.1177,9.5125,-0.6570
14.159,-8.13,86.03,171.97,-0.0785,9.5027,-0.6963
14.169,-8.13,86.03,171.98,-0.0785,9.5027,-0.6963
14.179,-8.12,86.03,171.98,-0.0785,9.4733,-0.6570
14.189,-8.12,86.03,171.99,-0.0785,9.5125,-0.6570
14.199,-8.11,86.03,172.00,-0.0785,9.5125,-0.6178
14.209,-8.10,86.03,172.00,-0.0785,9.4733,-0.6570
14.219,-8.10,86.03,172.01,-0.0785,9.4635,-0.6963
14.229,-8.09,86.03,172.01,-0.0785,9.4733,-0.6570
14.239,-8.09,86.03,172.02,-0.0785,9.5125,-0.6570
14.249,-8.08,86.03,172.02,-0.0785,9.5125,-0.6570
14.259,-8.08,86.03,172.03,-0.0785,9.5125,-0.6570
14.269,-8.07,86.03,172.03,-0.0785,9.5027,-0.6963
14.279,-8.07,86.03,172.04,-0.0785,9.4635,-0.6963
14.289,-8.06,86.03,172.05,-0.0785,9.4733,-0.6570
14.299,-8.05,86.03,172.05,-0.0785,9.4733,-0.6570
14.309,-8.05,86.03,172.06,-0.0785,9.5125,-0.6570
14.319,-8.04,86.03,172.06,-0.0785,9.5125,-0.6570
14.329,-8.04,86.03,172.07,-0.0785,9.5027,-0.6963
14.339,-8.03,86.03,172.08,-0.1177,9.4635,-0.6963
14.349,-8.02,86.03,172.08,-0.1177,9.5125,-0.6570
14.359,-8.02,86.03,172.09,-0.0785,9.5125,-0.6570
14.369,-8.01,86.03,172.09,-0.0785,9.5125,-0.6570
14.379,-8.01,86.03,172.10,-0.0785,9.5027,-0.6963
14.389,-8.00,86.03,172.10,-0.0785,9.5125,-0.6178
14.399,-8.00,86.03,172.11,-0.0785,9.5125,-0.6570
14.409,-7.99,86.03,172.12,-0.0785,9.4733,-0.6178
14.419,-7.99,86.03,172.12,-0.0785,9.5125,-0.6570
14.429,-7.98,86.03,172.13,-0.0785,9.4733,-0.6570
14.439,-7.98,86.03,172.13,-0.0785,9.4733,-0.6570
14.449,-7.97,86.03,172.14,-0.0785,9.4733,-0.6570
14.459,-7.97,86.03,172.14,-0.0785,9.5125,-0.6570
14.469,-7.96,86.03,172.15,-0.0392,9.4733,-0.6570
14.479,-7.96,86.03,172.15,-0.0785,9.5125,-0.6570
14.489,-7.95,86.03,172.15,-0.0785,9.5027,-0.6963
14.499,-7.96,86.02,172.14,-0.1177,9.5125,-0.6570
14.509,-7.96,86.02,172.14,-0.0785,9.4733,-0.6570
14.519,-7.96,86.02,172.14,-0.0785,9.5125,-0.6570
14.529,-7.96,86.02,172.15,-0.0785,9.5125,-0.6570
14.539,-7.97,86.03,172.13,-0.0785,9.5125,-0.6570
14.549,-7.98,86.03,172.12,-0.0785,9.4733,-0.6570
14.559,-7.97,86.03,172.13,-0.0785,9.5125,-0.6570
14.569,-7.95,86.02,172.15,-0.0785,9.5125,-0.6570
14.579,-7.93,86.02,172.17,-0.0785,9.5125,-0.6570
14.589,-7.91,86.02,172.19,-0.0785,9.5125,-0.6178
14.599,-7.89,86.02,172.21,-0.1177,9.4733,-0.6570
14.609,-7.86,86.02,172.24,-0.1177,9.4733,-0.6570
14.619,-7.86,86.02,172.24,-0.0785,9.5027,-0.6963
14.629,-7.87,86.02,172.23,-0.0785,9.5125,-0.6570
14.639,-7.86,86.02,172.25,-0.0785,9.5027,-0.6963
14.649,-7.86,86.02,172.24,-0.0785,9.5125,-0.6570
14.659,-7.87,86.02,172.24,-0.0785,9.5125,-0.6570
14.669,-7.86,86.02,172.24,-0.0785,9.5125,-0.6570
14.679,-7.87,86.03,172.23,-0.0785,9.5125,-0.6570
14.689,-7.89,86.03,172.22,-0.1177,9.4635,-0.6963
14.699,-7.88,86.03,172.23,-0.0785,9.4733,-0.6178
14.709,-7.87,86.03,172.24,-0.1177,9.5125,-0.6570
14.719,-7.87,86.03,172.23,-0.0785,9.4635,-0.6963
14.729,-7.88,86.03,172.23,-0.0785,9.5125,-0.6570
14.739,-7.89,86.03,172.22,-0.0785,9.5125,-0.6570
14.749,-7.89,86.04,172.22,-0.1177,9.5125,-0.6570
14.759,-7.90,86.04,172.21,-0.0785,9.4635,-0.6963
14.769,-7.91,86.04,172.19,-0.0785,9.4733,-0.6570
14.779,-7.92,86.04,172.18,-0.0785,9.5125,-0.6570
14.789,-7.93,86.04,172.18,-0.0785,9.5027,-0.6963
14.799,-7.94,86.04,172.17,-0.0785,9.4733,-0.6570
14.809,-7.93,86.04,172.18,-0.0785,9.4733,-0.6570
14.819,-7.94,86.04,172.17,-0.0785,9.4733,-0.6570
14.829,-7.96,86.04,172.15,-0.0785,9.5125,-0.6570
14.839,-7.96,86.04,172.14,-0.0785,9.5125,-0.6570
14.849,-7.95,86.04,172.16,-0.0785,9.5125,-0.6570
14.859,-7.93,86.04,172.17,-0.0785,9.5125,-0.6570
14.869,-7.93,86.04,172.18,-0.0785,9.5125,-0.6178
14.879,-7.92,86.04,172.19,-0.0785,9.5125,-0.6570
14.889,-7.91,86.04,172.19,-0.0785,9.5125,-0.6570
14.899,-7.91,86.04,172.19,-0.0785,9.4733,-0.6570
14.909,-7.91,86.04,172.20,-0.0785,9.5125,-0.6570
14.919,-7.91,86.04,172.20,-0.0785,9.5027,-0.6963
