t,ref,angle,err,u,pwm,state,P,I,D,gz
8.520000847056508e-07,0.0,-0.00467444222098834,0.00467444222098834,0.0,1500,idle,0.0,0.0,0.0,0.0
0.020001166000838566,0.0,-0.00467444222098834,0.00467444222098834,0.0,1500,idle,0.0,0.0,0.0,0.0
0.04000075800013292,0.0,-0.00467444222098834,0.00467444222098834,0.0,1500,idle,0.0,0.0,0.0,0.0
0.06000042400046368,0.0,-0.00467444222098834,0.00467444222098834,0.0,1500,idle,0.0,0.0,0.0,0.0
0.08000042399999074,0.0,-0.00467444222098834,0.00467444222098834,0.0,1500,idle,0.0,0.0,0.0,0.0
0.10000071900049079,0.0,-0.00467444222098834,0.00467444222098834,0.0,1500,idle,0.0,0.0,0.0,0.0
0.1200005520004197,0.0,-0.00467444222098834,0.00467444222098834,0.0,1500,idle,0.0,0.0,0.0,0.0
0.14000045900047553,0.0,-0.00467444222098834,0.00467444222098834,0.0,1500,idle,0.0,0.0,0.0,0.0
0.16000049500053137,0.0,-0.00467444222098834,0.00467444222098834,0.0,1500,idle,0.0,0.0,0.0,0.0
0.18000047600071412,0.0,-0.00467444222098834,0.00467444222098834,0.0,1500,idle,0.0,0.0,0.0,0.0
0.20000027200057957,0.0,-0.00467444222098834,0.00467444222098834,0.0,1500,idle,0.0,0.0,0.0,0.0
0.22000040100010665,0.0,-0.00467444222098834,0.00467444222098834,0.0,1500,idle,0.0,0.0,0.0,0.0
0.24000040000009903,0.0,-0.00467444222098834,0.00467444222098834,0.0,1500,idle,0.0,0.0,0.0,0.0
0.26000028800081054,0.0,-0.00467444222098834,0.00467444222098834,0.0,1500,idle,0.0,0.0,0.0,0.0
0.2800003620004645,0.0,-0.00467444222098834,0.00467444222098834,0.0,1500,idle,0.0,0.0,0.0,0.0
0.30000034300064726,0.0,-0.00467444222098834,0.00467444222098834,0.0,1500,idle,0.0,0.0,0.0,0.0
0.32000036100089346,0.0,-0.00467444222098834,0.00467444222098834,0.0,1500,idle,0.0,0.0,0.0,0.0
0.34000028600075893,0.0,-0.00467444222098834,0.00467444222098834,0.0,1500,idle,0.0,0.0,0.0,0.0
0.3600002850007513,0.0,-0.00467444222098834,0.00467444222098834,0.0,1500,idle,0.0,0.0,0.0,0.0
0.3800005440007226,0.0,-0.00467444222098834,0.00467444222098834,0.0,1500,idle,0.0,0.0,0.0,0.0
0.4000004330000593,0.0,-0.00467444222098834,0.00467444222098834,0.0,1500,idle,0.0,0.0,0.0,0.0
0.4200002659999882,0.0,-0.00467444222098834,0.00467444222098834,0.0,1500,idle,0.0,0.0,0.0,0.0
0.44000026500089007,0.0,-0.00467444222098834,0.00467444222098834,0.0,1500,idle,0.0,0.0,0.0,0.0
0.46000046800054406,0.0,-0.00467444222098834,0.00467444222098834,0.0,1500,idle,0.0,0.0,0.0,0.0
0.480000413000198,0.0,-0.00467444222098834,0.00467444222098834,0.0,1500,idle,0.0,0.0,0.0,0.0
0.5000005230003808,0.0,-0.00467444222098834,0.00467444222098834,0.0,1500,idle,0.0,0.0,0.0,0.0
0.5200003190002462,0.0,-0.00467444222098834,0.00467444222098834,0.0,1500,idle,0.0,0.0,0.0,0.0
0.5400004110006194,0.0,-0.00467444222098834,0.00467444222098834,0.0,1500,idle,0.0,0.0,0.0,0.0
0.5600004660000195,0.0,-0.00467444222098834,0.00467444222098834,0.0,1500,idle,0.0,0.0,0.0,0.0
0.580000540000583,0.0,-0.00467444222098834,0.00467444222098834,0.0,1500,idle,0.0,0.0,0.0,0.0
0.6000003730005119,0.0,-0.00467444222098834,0.00467444222098834,0.0,1500,idle,0.0,0.0,0.0,0.0
0.620000336000885,0.0,-0.00467444222098834,0.00467444222098834,0.0,1500,idle,0.0,0.0,0.0,0.0
0.6400004090000948,0.0,-0.00467444222098834,0.00467444222098834,0.0,1500,idle,0.0,0.0,0.0,0.0
0.6600004090005314,0.0,-0.00467444222098834,0.00467444222098834,0.0,1500,idle,0.0,0.0,0.0,0.0
0.6800004080005237,0.0,-0.00467444222098834,0.00467444222098834,0.0,1500,idle,0.0,0.0,0.0,0.0
0.7000004080000508,0.0,-0.00467444222098834,0.00467444222098834,0.0,1500,idle,0.0,0.0,0.0,0.0
0.7200002780000432,0.0,-0.00467444222098834,0.00467444222098834,0.0,1500,idle,0.0,0.0,0.0,0.0
0.7400003890006701,0.0,-0.00467444222098834,0.00467444222098834,0.0,1500,idle,0.0,0.0,0.0,0.0
0.7600003330007894,0.0,-0.0011412405495718758,0.0011412405495718758,0.0,1500,idle,0.0,0.0,0.0,0.0
0.7800004440005068,0.0,-0.0011412405495718758,0.0011412405495718758,0.0,1500,idle,0.0,0.0,0.0,0.0
0.8000002759999916,0.0,-0.0011412405495718758,0.0011412405495718758,0.0,1500,idle,0.0,0.0,0.0,0.0
0.8200004610007454,0.0,-0.0011416537069521837,0.0011416537069521837,0.0,1500,idle,0.0,0.0,0.0,0.0
0.8400006830006532,0.0,-0.0011416537069521837,0.0011416537069521837,0.0,1500,idle,0.0,0.0,0.0,0.0
0.8600002570001379,0.0,-0.0011416537069521837,0.0011416537069521837,0.0,1500,idle,0.0,0.0,0.0,0.0
0.8800005710008918,0.0,-0.0011416537069521837,0.0011416537069521837,0.0,1500,idle,0.0,0.0,0.0,0.0
0.9000005340003554,0.0,-0.0011416537069521837,0.0011416537069521837,0.0,1500,idle,0.0,0.0,0.0,0.0
0.9200004220001574,0.0,-0.0011416537069521837,0.0011416537069521837,0.0,1500,idle,0.0,0.0,0.0,0.0
0.9400003660002767,0.0,-0.0011416537069521837,0.0011416537069521837,0.0,1500,idle,0.0,0.0,0.0,0.0
0.9600003840005229,0.0,-0.004721661486115636,0.004721661486115636,0.0,1500,idle,0.0,0.0,0.0,0.0
0.9800005510005576,0.0,-0.004721661486115636,0.004721661486115636,0.0,1500,idle,0.0,0.0,0.0,0.0
1.0000005130004865,0.0,-0.004721661486115636,0.004721661486115636,0.0,1500,idle,0.0,0.0,0.0,0.0
1.0200003460004154,0.0,-0.004721661486115636,0.004721661486115636,0.0,1500,idle,0.0,0.0,0.0,0.0
1.040000272000725,0.0,-0.004721661486115636,0.004721661486115636,0.0,1500,idle,0.0,0.0,0.0,0.0
1.0600004190000618,0.0,-0.0011880240419941401,0.0011880240419941401,0.0,1500,idle,0.0,0.0,0.0,0.0
1.080000437000308,0.0,-0.0011880240419941401,0.0011880240419941401,0.0,1500,idle,0.0,0.0,0.0,0.0
1.1000005670002793,0.0,-0.0011880240419941401,0.0011880240419941401,0.0,1500,idle,0.0,0.0,0.0,0.0
1.120000863000314,0.0,-0.004721661486115636,0.004721661486115636,0.0,1500,idle,0.0,0.0,0.0,0.0
1.1400010840006871,0.0,-0.004721661486115636,0.004721661486115636,0.0,1500,idle,0.0,0.0,0.0,0.0
1.1600006770004256,0.0,-0.004721661486115636,0.004721661486115636,0.0,1500,idle,0.0,0.0,0.0,0.0
1.1800005100003546,0.0,-0.004721661486115636,0.004721661486115636,0.0,1500,idle,0.0,0.0,0.0,0.0
1.200000361000093,0.0,-0.004721661486115636,0.004721661486115636,0.0,1500,idle,0.0,0.0,0.0,0.0
1.2200013980000222,0.0,-0.004721661486115636,0.004721661486115636,0.0,1500,idle,0.0,0.0,0.0,0.0
1.240001119000226,0.0,-0.004721661486115636,0.004721661486115636,0.0,1500,idle,0.0,0.0,0.0,0.0
1.2600012860002607,0.0,-0.004721661486115636,0.004721661486115636,0.0,1500,idle,0.0,0.0,0.0,0.0
1.2800011740000627,0.0,-0.004721661486115636,0.004721661486115636,0.0,1500,idle,0.0,0.0,0.0,0.0
1.3000008590006473,0.0,-0.004721661486115636,0.004721661486115636,0.0,1500,idle,0.0,0.0,0.0,0.0
1.3200009880001744,0.0,-0.004721661486115636,0.004721661486115636,0.0,1500,idle,0.0,0.0,0.0,0.0
1.340000673000759,0.0,-0.004721661486115636,0.004721661486115636,0.0,1500,idle,0.0,0.0,0.0,0.0
1.3600007100003495,0.0,-0.0011416537069521837,0.0011416537069521837,0.0,1500,idle,0.0,0.0,0.0,0.0
1.380000710000786,0.0,-0.0011416537069521837,0.0011416537069521837,0.0,1500,idle,0.0,0.0,0.0,0.0
1.4000018570004613,0.0,-0.0011416537069521837,0.0011416537069521837,0.0,1500,idle,0.0,0.0,0.0,0.0
1.420001265000792,0.0,-0.0011416537069521837,0.0011416537069521837,0.0,1500,idle,0.0,0.0,0.0,0.0
1.4400010050003402,0.0,-0.0011416537069521837,0.0011416537069521837,0.0,1500,idle,0.0,0.0,0.0,0.0
1.4600017460006711,0.0,-0.0011412405495718758,0.0011412405495718758,0.0,1500,idle,0.0,0.0,0.0,0.0
1.480001209000875,0.0,-0.0011412405495718758,0.0011412405495718758,0.0,1500,idle,0.0,0.0,0.0,0.0
1.5000006900008884,0.0,-0.0011412405495718758,0.0011412405495718758,0.0,1500,idle,0.0,0.0,0.0,0.0
1.5200007080002251,0.0,-0.0011412405495718758,0.0011412405495718758,0.0,1500,idle,0.0,0.0,0.0,0.0
1.540001079000831,0.0,-0.0011412405495718758,0.0011412405495718758,0.0,1500,idle,0.0,0.0,0.0,0.0
1.5600010600001042,0.0,-0.0011412405495718758,0.0011412405495718758,0.0,1500,idle,0.0,0.0,0.0,0.0
1.5800009300000966,0.0,-0.0011412405495718758,0.0011412405495718758,0.0,1500,idle,0.0,0.0,0.0,0.0
1.6000009480003428,0.0,-0.0011412405495718758,0.0011412405495718758,0.0,1500,idle,0.0,0.0,0.0,0.0
1.620000837000589,0.0,-0.0011412405495718758,0.0011412405495718758,0.0,1500,idle,0.0,0.0,0.0,0.0
1.6400010220004333,0.0,-0.0011412405495718758,0.0011412405495718758,0.0,1500,idle,0.0,0.0,0.0,0.0
1.6600010590000238,0.0,-0.0011412405495718758,0.0011412405495718758,0.0,1500,idle,0.0,0.0,0.0,0.0
1.680000874000143,0.0,-0.0011412405495718758,0.0011412405495718758,0.0,1500,idle,0.0,0.0,0.0,0.0
1.7000007620008546,0.0,-0.0011412405495718758,0.0011412405495718758,0.0,1500,idle,0.0,0.0,0.0,0.0
1.7200010580008893,0.0,-0.0011412405495718758,0.0011412405495718758,0.0,1500,idle,0.0,0.0,0.0,0.0
1.7400006880006913,0.0,-0.0011412405495718758,0.0011412405495718758,0.0,1500,idle,0.0,0.0,0.0,0.0
1.760001095000007,0.0,-0.0011412405495718758,0.0011412405495718758,0.0,1500,idle,0.0,0.0,0.0,0.0
1.78000105800038,0.0,-0.0011412405495718758,0.0011412405495718758,0.0,1500,idle,0.0,0.0,0.0,0.0
1.8000010580008166,0.0,-0.0011412405495718758,0.0011412405495718758,0.0,1500,idle,0.0,0.0,0.0,0.0
1.820000780000555,0.0,-0.0011412405495718758,0.0011412405495718758,0.0,1500,idle,0.0,0.0,0.0,0.0
1.8400006690008013,0.0,-0.0011412405495718758,0.0011412405495718758,0.0,1500,idle,0.0,0.0,0.0,0.0
1.8600009830006456,0.0,-0.0011412405495718758,0.0011412405495718758,0.0,1500,idle,0.0,0.0,0.0,0.0
1.88000103900049,0.0,-0.0011412405495718758,0.0011412405495718758,0.0,1500,idle,0.0,0.0,0.0,0.0
1.9000006310006938,0.0,-0.0011412405495718758,0.0011412405495718758,0.0,1500,idle,0.0,0.0,0.0,0.0
1.9200007420004113,0.0,-0.0011416537069521837,0.0011416537069521837,0.0,1500,idle,0.0,0.0,0.0,0.0
1.940000723000594,0.0,-0.0011416537069521837,0.0011416537069521837,0.0,1500,idle,0.0,0.0,0.0,0.0
1.960001316000671,0.0,-0.0011416537069521837,0.0011416537069521837,0.0,1500,idle,0.0,0.0,0.0,0.0
1.9800011860006634,0.0,-0.0011416537069521837,0.0011416537069521837,0.0,1500,idle,0.0,0.0,0.0,0.0
2.000000834000275,90.0,-0.0011416537069521837,90.00114165370695,2.356224378616501,1390,kick,2.356224378616501,0.0,0.0,0.0
2.020001056000183,90.0,-0.004721661486115636,90.00472166148612,2.3563181030009908,1390,kick,2.3563181030009908,0.0,0.0,0.0
2.0400011110004925,90.0,-0.004721661486115636,90.00472166148612,2.3563181030009908,1390,kick,2.3563181030009908,0.0,0.0,0.0
2.060001167000337,90.0,-0.004721661486115636,90.00472166148612,2.3563181030009908,1390,kick,2.3563181030009908,0.0,0.0,0.0
2.0800010740003927,90.0,-0.004721661486115636,90.00472166148612,2.3563181030009908,1390,kick,2.3563181030009908,0.0,0.0,0.0
2.10000070300066,90.0,-0.004721661486115636,90.00472166148612,2.3563181030009908,1390,kick,2.3563181030009908,0.0,0.0,0.0
2.120000851000441,90.0,-0.004721661486115636,90.00472166148612,2.3545602905009906,1390,kick,2.3563181030009908,0.0,-0.001171875,0.001953125
2.140001129000666,90.0,-0.004721661486115636,90.00472166148612,2.3538571655009908,1390,kick,2.3563181030009908,0.0,-0.001640625,0.001953125
2.160001536000891,90.0,0.001458692217653379,89.99854130778235,2.353414114219388,1390,kick,2.356156301719388,0.0,-0.0018281249999999999,0.001953125
2.1800011100003758,90.0,0.001458692217653379,89.99854130778235,2.349785989219388,1390,kick,2.356156301719388,0.0,-0.004246875,0.005859375
2.200000851000368,90.0,0.001458692217653379,89.99854130778235,2.348334739219388,1390,kick,2.356156301719388,0.0,-0.005214374999999999,0.005859375
2.220000906000678,90.0,0.037026887903664374,89.96297311209634,2.3397918160338165,1365.0,run,2.3552251285338164,0.0,-0.010288875,0.013671875
2.240000591000353,90.0,0.037026887903664374,89.96297311209634,2.3367471160338162,1340.0,run,2.3552251285338164,0.0,-0.012318675000000001,0.013671875
2.260000757000853,90.0,0.08682282551228582,89.91317717448771,2.3342255814357338,1315.0,run,2.353921473935734,0.0,-0.013130595000000002,0.013671875
2.2800007390005703,90.0,0.08682282551228582,89.91317717448771,2.3319806169357338,1290.0,run,2.353921473935734,0.0,-0.014627238,0.015625
2.3000009240004147,90.0,0.08682282551228582,89.91317717448771,2.3310826311357338,1265.0,run,2.353921473935734,0.0,-0.0152258952,0.015625
2.3200007750001532,90.0,0.17050981550997335,89.82949018449003,2.3056809540409193,1240.0,run,2.351730553660919,0.0,-0.03069973308,0.041015625
2.3400009790002514,90.0,0.17050981550997335,89.82949018449003,2.2963966513129193,1215.0,run,2.351730553660919,0.0,-0.036889268232,0.041015625
2.360001034000561,90.0,0.33029206503101705,89.66970793496898,2.2884998407111414,1190.0,run,2.3475474641503413,0.0,-0.0393650822928,0.041015625
2.3800008310008707,90.0,0.33029206503101705,89.66970793496898,2.2377956022746615,1165.0,run,2.3475474641503413,0.0,-0.07316790791712,0.095703125
2.400001072000123,90.0,0.33029206503101705,89.66970793496898,2.217513906900069,1140.0,run,2.3475474641503413,0.0,-0.086689038166848,0.095703125
2.420000720000644,90.0,0.7190396189845671,89.28096038101543,2.0849660290868868,1115.0,run,2.3373700769869954,0.0,-0.1682693652667392,0.22265625
2.440000979000615,90.0,0.7190396189845671,89.28096038101543,2.036017832826952,1100.0,run,2.3373700769869954,0.0,-0.20090149610669567,0.22265625
2.4600011090005864,90.0,1.5550425220381214,88.44495747796188,1.994552049501205,1100.0,run,2.3154835721652223,0.0,-0.21395434844267824,0.22265625
2.4800009420005154,90.0,1.5550425220381214,88.44495747796188,1.7863297130996154,1100.0,run,2.3154835721652223,0.0,-0.3527692393770713,0.4453125
2.500000739000825,90.0,1.5550425220381214,88.44495747796188,1.7030407785389796,1100.0,run,2.3154835721652223,0.0,-0.4082951957508285,0.4453125
2.520000813000479,90.0,3.107446617498539,86.89255338250146,1.3478333605338824,1100.0,run,2.2748417279843793,0.0,-0.6180055783003313,0.7578125
2.5400013130001753,90.0,3.107446617498539,86.89255338250146,1.2220071310041807,1100.0,run,2.2748417279843793,0.0,-0.7018897313201324,0.7578125
2.5600006829999984,90.0,5.579219640902352,84.42078035909765,1.1069657727617428,1100.0,run,2.2101308615538224,0.0,-0.735443392528053,0.7578125
2.580001257000731,90.0,5.579219640902352,84.42078035909765,0.7827320135369906,1125.0,run,2.2101308615538224,0.0,-0.9515992320112212,1.095703125
2.6000007390002793,90.0,5.579219640902352,84.42078035909765,0.6530385098470899,1150.0,run,2.2101308615538224,0.0,-1.0380615678044884,1.095703125
2.6200011280006947,90.0,9.035445688779788,80.96455431122021,0.19778669702815033,1175.0,run,2.1196470752108434,0.0,-1.2812402521217954,1.443359375
2.640000869000687,90.0,9.035445688779788,80.96455431122021,0.051879486437766076,1200.0,run,2.1196470752108434,0.0,-1.378511725848718,1.443359375
2.66000072100087,90.0,13.455273201754665,76.54472679824534,-0.12219421150585319,1500,idle,2.0039362615033776,0.0,-1.4174203153394873,1.443359375
2.6800010540000585,90.0,13.455273201754665,76.54472679824534,-0.4285471777003149,1500,dwell,2.0039362615033776,0.0,-1.6216556261357948,1.7578125
2.7000010170004316,90.0,13.455273201754665,76.54472679824534,-0.5510883641780993,1500,dwell,2.0039362615033776,0.0,-1.703349750454318,1.7578125
2.720000887000424,90.0,18.7210721742739,71.2789278257261,-0.9418693834971057,1500,dwell,1.8660779667754852,0.0,-1.8719649001817273,1.984375
2.740000850000797,90.0,18.7210721742739,71.2789278257261,-1.0430384733335512,1500,dwell,1.8660779667754852,0.0,-1.939410960072691,1.984375
2.7600008880008318,90.0,24.476486109389043,65.52351389061096,-1.2341824937425132,1500,dwell,1.7154015823011015,0.0,-1.9663893840290765,1.984375
2.7800007760006338,90.0,24.476486109389043,65.52351389061096,-1.3206820481163444,1500,dwell,1.7154015823011015,0.0,-2.0240557536116306,2.0625
2.8000009990000763,90.0,24.476486109389043,65.52351389061096,-1.3552818698658768,1500,dwell,1.7154015823011015,0.0,-2.0471223014446522,2.0625
2.8200008690000686,90.0,30.436079170873,59.563920829127,-1.560299830068546,1500,dwell,1.5593798007982453,0.0,-2.079786420577861,2.1015625
2.840000962000886,90.0,30.436079170873,59.563920829127,-1.5798983015484716,1645,kick,1.5593798007982453,0.0,-2.0928520682311444,2.1015625
2.8600009060000957,90.0,36.487282448322475,53.512717551677525,-1.7461578214888898,1645,kick,1.4009596694497974,0.0,-2.098078327292458,2.1015625
2.8800008140005957,90.0,36.487282448322475,53.512717551677525,-1.7756607644256774,1645,kick,1.4009596694497974,0.0,-2.1177469559169833,2.130859375
2.9000008140001228,90.0,36.487282448322475,53.512717551677525,-1.7874619416003925,1645,kick,1.4009596694497974,0.0,-2.1256144073667933,2.130859375
2.9200009810001575,90.0,42.59418117461817,47.40581882538183,-1.9292090847598409,1645,kick,1.2410814346602355,0.0,-2.1135270129467174,2.10546875
2.940001055000721,90.0,42.59418117461817,47.40581882538183,-1.921956648107795,1645,kick,1.2410814346602355,0.0,-2.108692055178687,2.10546875
2.960000721000142,90.0,48.59652843244672,41.40347156755328,-2.076196757192718,1645,kick,1.083940350914494,0.0,-2.1067580720714747,2.10546875
2.980001221000748,90.0,48.59652843244672,41.40347156755328,-2.036364492328391,1645,kick,1.083940350914494,0.0,-2.08020322882859,2.0625
3.000001147000148,90.0,48.59652843244672,41.40347156755328,-2.0204315863826596,1645,kick,1.083940350914494,0.0,-2.0695812915314358,2.0625
3.020000925000204,90.0,54.47551983234035,35.52448016765965,-2.1165845167134085,1645,kick,0.9300287159776321,0.01240038287970176,-2.0360356416125747,2.013671875
3.040001018000112,90.0,54.47551983234035,35.52448016765965,-2.0890168970342704,1645,kick,0.9300287159776321,0.02480076575940352,-2.0226173816450297,2.013671875
3.0600007030006964,90.0,60.188306982312184,29.811693017687816,-2.224282612517662,1670.0,run,0.7804682981286848,0.03520700973445265,-2.0172500776580122,2.013671875
3.080000925000604,90.0,60.188306982312184,29.811693017687816,-2.1568106712404216,1695.0,run,0.7804682981286848,0.04561325370950178,-1.976431281063205,1.94921875
3.1000006660005965,90.0,60.188306982312184,29.811693017687816,-2.1260756468985074,1720.0,run,0.7804682981286848,0.05601949768455092,-1.960103762425282,1.94921875
3.1200008700006947,90.0,65.74205222820027,24.257947771799735,-2.207376523551611,1745.0,run,0.6350715875920911,0.06448711885244547,-1.9207602549701128,1.89453125
3.1400007590000314,90.0,65.74205222820027,24.257947771799735,-2.1786898463777726,1770.0,run,0.6350715875920911,0.07295474002034003,-1.9050228519880452,1.89453125
3.1600009810008487,90.0,71.10706548845988,18.89293451154012,-2.3057461963444803,1795.0,run,0.4946158688850626,0.07954961827214085,-1.898727890795218,1.89453125
3.1800008520003757,90.0,71.10706548845988,18.89293451154012,-2.2382466676777035,1820.0,run,0.4946158688850626,0.08614449652394168,-1.8563661563180873,1.828125
3.2000010180008758,90.0,71.10706548845988,18.89293451154012,-2.2088727000403443,1845.0,run,0.4946158688850626,0.09273937477574251,-1.839421462527235,1.828125
3.220001185000001,90.0,76.29931896252305,13.700681037476954,-2.2561833604201733,1870.0,run,0.3586829908042882,0.09752181465313302,-1.782252960010894,1.744140625
3.2400009259999933,90.0,76.29931896252305,13.700681037476954,-2.219012794983934,1895.0,run,0.3586829908042882,0.10230425453052353,-1.7593855590043574,1.744140625
3.260000907000176,90.0,81.13913467232885,8.86086532767115,-2.3301426180742744,1900.0,run,0.23197691181550162,0.10539728002139688,-1.7502385986017428,1.744140625
3.2800009450002108,90.0,81.13913467232885,8.86086532767115,-2.2278767515381817,1900.0,run,0.23197691181550162,0.10849030551227024,-1.683298564440697,1.638671875
3.300001278000309,90.0,81.13913467232885,8.86086532767115,-2.1858569157470304,1900.0,run,0.23197691181550162,0.11158333100314359,-1.6565225507762789,1.638671875
3.3200009630008935,90.0,85.70505107224102,4.2949489277589805,-2.168895937372357,1900.0,run,0.11244149999159143,0.11308255100303148,-1.5661246453105115,1.505859375
3.3400011300000187,90.0,85.70505107224102,4.2949489277589805,-2.1137576620929637,1900.0,run,0.11244149999159143,0.11458177100291937,-1.5299654831242044,1.505859375
3.360000871000011,90.0,89.9366449242006,0.06335507579939303,-2.2028317637108996,1900.0,run,0.0016586320058249804,0.11460388609633038,-1.5155018182496818,1.505859375
3.3800009640008284,90.0,89.9366449242006,0.06335507579939303,-2.0763668582301396,1900.0,run,0.0016586320058249804,0.11462600118974138,-1.4312007272998728,1.375
3.400000686000567,90.0,89.9366449242006,0.06335507579939303,-2.0257729346042073,1900.0,run,0.0016586320058249804,0.11464811628315238,-1.397480290919949,1.375
3.4200008720008555,90.0,93.7180819323961,-3.718081932396103,-1.7851065477030061,1900.0,run,-0.2595710863169009,0.11335026085156788,-1.2996171163679797,1.234375
3.4400007240001287,90.0,93.7180819323961,-3.718081932396103,-1.738521580547536,1900.0,run,-0.2595710863169009,0.11205240541998338,-1.2604718465471918,1.234375
3.4600010390004172,90.0,97.14613924013622,-7.146139240136222,-1.9598037408533062,1900.0,run,-0.49889463418537117,0.10955793224905652,-1.2448137386188767,1.234375
3.480001261000325,90.0,97.14613924013622,-7.146139240136222,-1.851786190998993,1900.0,run,-0.49889463418537117,0.10706345907812967,-1.1541754954475507,1.09375
3.5000006320005923,90.0,97.14613924013622,-7.146139240136222,-1.8090281762280347,1900.0,run,-0.49889463418537117,0.10456898590720282,-1.1179201981790203,1.09375
3.5200008360006905,90.0,100.1663125013664,-10.166312501366406,-1.907913116851399,1900.0,run,-0.7097425037420172,0.10102027338849273,-1.023730579271608,0.9609375
3.5400009100003444,90.0,100.1663125013664,-10.166312501366406,-1.8637667135314544,1900.0,run,-0.7097425037420172,0.09747156086978265,-0.9860547317086432,0.9609375
3.5600010400003157,90.0,102.76574518882319,-12.765745188823189,-2.028493768731667,1900.0,run,-0.8912171400623595,0.09301547516947085,-0.9709843926834573,0.9609375
3.5800013180005408,90.0,102.76574518882319,-12.765745188823189,-1.9227530817096712,1900.0,run,-0.8912171400623595,0.08855938946915906,-0.8817531320733829,0.822265625
3.600001189000068,90.0,102.76574518882319,-12.765745188823189,-1.881258902326929,1900.0,run,-0.8912171400623595,0.08410330376884727,-0.8460606278293532,0.822265625
3.620000949000314,90.0,104.99357907320791,-14.993579073207911,-1.9213850200987408,1900.0,run,-1.046749285942392,0.07886955733913531,-0.7485805011317412,0.68359375
3.6400007450001794,90.0,104.99357907320791,-14.993579073207911,-1.8761646832128007,1900.0,run,-1.046749285942392,0.07363581090942335,-0.7095884504526966,0.68359375
3.66000076400087,90.0,106.82130851121815,-16.82130851121815,-1.9868096083105633,1900.0,run,-1.1743488720580089,0.0677640665491333,-0.6939916301810787,0.68359375
3.680001005000122,90.0,106.82130851121815,-16.82130851121815,-1.8854596578882736,1900.0,run,-1.1743488720580089,0.06189232218884326,-0.6080654020724314,0.55078125
3.7000006540001777,90.0,106.82130851121815,-16.82130851121815,-1.84597659170421,1900.0,run,-1.1743488720580089,0.056020577828553214,-0.5736949108289726,0.55078125
3.7200007830006143,90.0,108.27104609189064,-18.27104609189064,-1.8341653716703998,1900.0,run,-1.2755596483485363,0.04964277958681053,-0.47791546433158905,0.4140625
3.740001024000776,90.0,108.27104609189064,-18.27104609189064,-1.7901045768241786,1900.0,run,-1.2755596483485363,0.04326498134506784,-0.43960368573263564,0.4140625
3.7600008580002395,90.0,109.3137696231513,-19.313769623151302,-1.8465332915561374,1900.0,run,-1.3483554835826186,0.03652320392715475,-0.4242789742930543,0.4140625
3.780001321000782,90.0,109.3137696231513,-19.313769623151302,-1.7441687132905122,1900.0,run,-1.3483554835826186,0.02978142650924166,-0.3372897147172217,0.279296875
3.800000822000584,90.0,109.3137696231513,-19.313769623151302,-1.7044364019194864,1900.0,run,-1.3483554835826186,0.023039649091328565,-0.30249401088688865,0.279296875
3.8200010630007455,90.0,110.00698151646088,-20.006981516460883,-1.642599910094957,1900.0,run,-1.3967508033915619,0.016055895074370757,-0.20888822935475548,0.146484375
3.8400009890001456,90.0,110.00698151646088,-20.006981516460883,-1.5997642611646206,1900.0,run,-1.3967508033915619,0.009072141057412948,-0.17144591674190218,0.146484375
3.8600008410003284,90.0,110.3026023066144,-20.302602306614403,-1.6045562591543963,1900.0,run,-1.4173890278936667,0.0019851959179446148,-0.15646899169676087,0.146484375
3.880000915000892,90.0,110.3026023066144,-20.302602306614403,-1.5038684186745692,1900.0,run,-1.4173890278936667,-0.005101749221523719,-0.07079072167870436,0.013671875
3.9000011190000805,90.0,110.3026023066144,-20.302602306614403,-1.4648689326077424,1900.0,run,-1.4173890278936667,-0.012188694360992052,-0.036519413671481746,0.013671875
3.920001009000771,90.0,110.22160493878408,-20.221604938784083,-1.3562878732652393,1900.0,run,-1.4117343448773145,-0.019247366085378626,0.0510172345314073,-0.109375
3.9400008980001076,90.0,110.22160493878408,-20.221604938784083,-1.3163878836451686,1900.0,run,-1.4117343448773145,-0.0263060378097652,0.08603189381256293,-0.109375
3.9600007500002903,90.0,109.81032960021156,-19.81032960021156,-1.272942944893408,1900.0,run,-1.3830219097159346,-0.033221147358344874,0.10003775752502517,-0.109375
3.9800009540003884,90.0,109.81032960021156,-19.81032960021156,-1.192357163176,1900.0,run,-1.3830219097159346,-0.040136256906924545,0.16892135301001007,-0.21484375
4.000000825000825,90.0,109.81032960021156,-19.81032960021156,-1.161367570207781,1900.0,run,-1.3830219097159346,-0.047051366455504215,0.19647479120400402,-0.21484375
4.0200011770002675,90.0,109.0922476369746,-19.092247636974605,-1.022665927141213,1900.0,run,-1.3328903314852558,-0.0537158181129305,0.27194929148160163,-0.322265625
4.0400012140007675,90.0,109.0922476369746,-19.092247636974605,-0.9884375025051941,1895.7796884143959,run,-1.3328903314852558,-0.06038026977035678,0.30213909159264063,-0.322265625
4.060000770000443,90.0,108.06453774621878,-18.064537746218775,-0.9040904270250274,1870.7796884143959,run,-1.2611426460892539,-0.06668598300080304,0.31421501163705623,-0.322265625
4.080001140000604,90.0,108.06453774621878,-18.064537746218775,-0.8186231993728417,1845.7796884143959,run,-1.2611426460892539,-0.0729916962312493,0.38701412965482246,-0.435546875
4.100000863000787,90.0,108.06453774621878,-18.064537746218775,-0.7855713366934477,1821.7335378931084,run,-1.2611426460892539,-0.07929740946169557,0.416133776861929,-0.435546875
4.120000863000314,90.0,106.74441549994481,-16.744415499944807,-0.6122792082195959,1796.7335378931084,run,-1.1689807271840371,-0.08514231309761576,0.4852035107447716,-0.53125
4.140000660000624,90.0,106.74441549994481,-16.744415499944807,-0.5808792070466074,1771.7335378931084,run,-1.1689807271840371,-0.09098721673353595,0.5128314042979086,-0.53125
4.160000975000003,90.0,105.14690369012385,-15.14690369012385,-0.4576766345028759,1746.7335378931084,run,-1.0574533635005603,-0.09627448355103875,0.5238825617191635,-0.53125
4.180000920000566,90.0,105.14690369012385,-15.14690369012385,-0.3991145089859244,1721.7335378931084,run,-1.0574533635005603,-0.10156175036854155,0.5740061496876654,-0.607421875
4.200000772000749,90.0,105.14690369012385,-15.14690369012385,-0.37664136680629423,1696.7335378931084,run,-1.0574533635005603,-0.10684901718604435,0.5940555848750662,-0.607421875
4.220000865000657,90.0,103.35844017657183,-13.358440176571833,-0.20137072304733739,1671.7335378931084,run,-0.9325950560474846,-0.11151199246628177,0.6372316089500265,-0.666015625
4.240000735000649,90.0,103.35844017657183,-13.358440176571833,-0.18204512407542772,1646.7335378931084,run,-0.9325950560474846,-0.1161749677465192,0.6545020185800106,-0.666015625
4.260000939000747,90.0,101.41280783364425,-11.412807833644251,-0.039119712225091474,1500,idle,-0.7967642943779738,-0.12015878921840907,0.6614101824320042,-0.666015625
4.280001088000063,90.0,101.41280783364425,-11.412807833644251,-0.008873940017701476,1500,idle,-0.7967642943779738,-0.12414261069029894,0.6876109479728016,-0.705078125
4.3000009400002455,90.0,101.41280783364425,-11.412807833644251,0.0025072810003142765,1500,idle,-0.7967642943779738,-0.1281264321621888,0.6980912541891207,-0.705078125
4.32000099600009,90.0,99.37633501679181,-9.376335016791813,0.15575981360302305,1500,idle,-0.6545916712522198,-0.1313993905184499,0.7081427516756482,-0.71484375
4.3400008480002725,90.0,99.37633501679181,-9.376335016791813,0.1596026448896779,1500,idle,-0.6545916712522198,-0.134672348874711,0.7121633506702593,-0.71484375
4.36000095899999,90.0,97.32340971301045,-7.323409713010449,0.3040868501292623,1500,idle,-0.5112704478582614,-0.13722870111400232,0.7137715902681037,-0.71484375
4.380001015000744,90.0,97.32340971301045,-7.323409713010449,0.30971689946444025,1500,idle,-0.5112704478582614,-0.1397850533532936,0.7191023861072414,-0.72265625
4.400001090000842,90.0,97.32340971301045,-7.323409713010449,0.311508775795439,1500,idle,-0.5112704478582614,-0.1423414055925849,0.7212347044428966,-0.72265625
4.42000118300075,90.0,95.2461354535618,-5.246135453561806,0.46544151575375503,1500,dwell,-0.36624934668103837,-0.14417265232599008,0.7291188817771587,-0.734375
4.440001128000404,90.0,95.2461354535618,-5.246135453561806,0.46867654685417914,1500,dwell,-0.36624934668103837,-0.14600389905939526,0.7322725527108634,-0.734375
4.460000851000586,90.0,93.14660248129786,-3.1466024812978617,0.6164358499418116,1500,dwell,-0.21967429420028392,-0.14710227053039668,0.7335340210843454,-0.734375
4.480001018000621,90.0,93.14660248129786,-3.1466024812978617,0.6251493433197823,1500,dwell,-0.21967429420028392,-0.1482006420013981,0.7410698584337381,-0.74609375
4.500000741000804,90.0,93.14660248129786,-3.1466024812978617,0.6284370338061904,1500,dwell,-0.21967429420028392,-0.14929901347239952,0.7440841933734952,-0.74609375
4.52000100100031,90.0,91.01915530750762,-1.0191553075076172,0.7797072702625939,1500,dwell,-0.07115046282073281,-0.1496547657865032,0.7464618023493981,-0.748046875
4.540000668000175,90.0,91.01915530750762,-1.0191553075076172,0.7807417968767961,1500,dwell,-0.07115046282073281,-0.15001051810060687,0.7474128459397592,-0.748046875
4.560000909000337,90.0,88.88169791686482,1.1183020831351769,1.061194880918013,1500,dwell,0.029277080073930282,-0.14962015703295445,0.7477932633759037,-0.748046875
4.580001169000752,90.0,88.88169791686482,1.1183020831351769,1.0686885980202911,1390,kick,0.029277080073930282,-0.14922979596530203,0.7526329303503614,-0.755859375
4.600001077000343,90.0,88.88169791686482,1.1183020831351769,1.0718266148455575,1390,kick,0.029277080073930282,-0.14883943489764961,0.7545687971401446,-0.755859375
4.620000966000589,90.0,86.72811666057919,3.2718833394208104,1.135327459510726,1390,kick,0.08565770552106049,-0.1476973321573688,0.7588587688560579,-0.76171875
4.640000689000772,90.0,86.72811666057919,3.2718833394208104,1.1385867041844424,1390,kick,0.08565770552106049,-0.14655522941708798,0.7605747575424231,-0.76171875
4.660000726000362,90.0,84.55939523168541,5.440604768314586,1.1975327692334718,1390,kick,0.1424346997601892,-0.14465610008695212,0.7612611530169693,-0.76171875
4.68000080100046,90.0,84.55939523168541,5.440604768314586,1.1990840841162809,1390,kick,0.1424346997601892,-0.14275697075681626,0.7615357112067878,-0.76171875
4.7000006900007065,90.0,84.55939523168541,5.440604768314586,1.2003882966282535,1390,kick,0.1424346997601892,-0.1408578414266804,0.7616455344827151,-0.76171875
4.720001154000784,90.0,82.4030202194698,7.596979780530205,1.2532256266246857,1390,kick,0.19888846556653245,-0.13820599521912663,0.7581738387930861,-0.755859375
4.740000710000459,90.0,82.4030202194698,7.596979780530205,1.2527337169354404,1390,kick,0.19888846556653245,-0.13555414901157287,0.7567851605172344,-0.755859375
4.7600010440000915,90.0,80.26325776703169,9.73674223296831,1.309958618502919,1390,kick,0.2549073155749227,-0.13215538480390723,0.7562296892068938,-0.755859375
4.780001026000718,90.0,80.26325776703169,9.73674223296831,1.304633344241314,1390,kick,0.2549073155749227,-0.1287566205962416,0.7513200006827575,-0.748046875
4.800000712000838,90.0,80.26325776703169,9.73674223296831,1.3037267896514315,1365.0,run,0.2549073155749227,-0.12535785638857597,0.7493561252731029,-0.748046875
4.820000897000682,90.0,78.15525051747204,11.84474948252796,1.3549432861772555,1340.0,run,0.3100948163160112,-0.12122325883769582,0.7450549501092412,-0.7421875
4.840000731000146,90.0,78.15525051747204,11.84474948252796,1.3548433396094666,1315.0,run,0.3100948163160112,-0.11708866128681567,0.7433344800436965,-0.7421875
4.860001083000498,90.0,76.06808872584065,13.931911274159347,1.3955504056727845,1290.0,run,0.3647365842446985,-0.11222550683021969,0.7320994170174786,-0.724609375
4.880000825000025,90.0,76.06808872584065,13.931911274159347,1.3917272605310116,1265.0,run,0.3647365842446985,-0.10736235237362371,0.7276053918069915,-0.724609375
4.900000733000525,90.0,76.06808872584065,13.931911274159347,1.3919487380786768,1240.0,run,0.3647365842446985,-0.10249919791702773,0.7258077817227966,-0.724609375
4.920000659000834,90.0,74.05607898298575,15.943921017014247,1.4099696884297914,1215.0,run,0.41741087613723216,-0.0969337195685313,0.7004793626891186,-0.68359375
4.9400007890008055,90.0,74.05607898298575,15.943921017014247,1.3981119240186823,1190.0,run,0.41741087613723216,-0.09136824122003488,0.6903479950756475,-0.68359375
4.96000084500065,90.0,72.18879020082957,17.811209799170427,1.3585161680089786,1165.0,run,0.4662963821385029,-0.08515095612485485,0.628873573030259,-0.587890625
4.98000134600079,90.0,72.18879020082957,17.811209799170427,1.3253618858388534,1140.0,run,0.4662963821385029,-0.07893367102967482,0.6042838042121036,-0.587890625
5.000001235000127,90.0,72.18879020082957,17.811209799170427,1.314338395605068,1115.0,run,0.4662963821385029,-0.07271638593449478,0.5944478966848414,-0.587890625
5.0200009019999925,90.0,70.67404674228686,19.325953257713138,1.192179422785839,1100.0,run,0.5059522731504277,-0.06597035562582242,0.4838729086739366,-0.41015625
5.0400006810004925,90.0,70.67404674228686,19.325953257713138,1.1298820481644996,1100.0,run,0.5059522731504277,-0.059224325317150044,0.4396429134695746,-0.41015625
5.060001107000062,90.0,69.77400093262469,20.225999067375312,0.8709870685767291,1125.0,run,0.5295154173465024,-0.05216411975253001,0.24851341538782984,-0.12109375
5.08000131100016,90.0,69.77400093262469,20.225999067375312,0.7605454930664544,1150.0,run,0.5295154173465024,-0.04510391418790998,0.17206161615513194,-0.12109375
5.100001034000343,90.0,69.77400093262469,20.225999067375312,0.7189105368656077,1175.0,run,0.5295154173465024,-0.03804370862328995,0.14148089646205275,-0.12109375
5.12000088700006,90.0,69.73416473622058,20.265835263779422,0.40877916834508105,1200.0,run,0.5305583265295867,-0.03096959760289546,-0.0687982664151789,0.208984375
5.140001035000751,90.0,69.73416473622058,20.265835263779422,0.2868561372309787,1225.0,run,0.5305583265295867,-0.02389548658250097,-0.15290993156607158,0.208984375
5.160001054000531,90.0,70.60950859767075,19.390491402329246,-0.028559925541093212,1500,idle,0.5076418778254467,-0.017126928211495016,-0.3506170976264286,0.482421875
5.180001481000545,90.0,70.60950859767075,19.390491402329246,-0.14312309015470392,1500,idle,0.5076418778254467,-0.01035836984048906,-0.4296999640505714,0.482421875
5.200001129000157,90.0,70.60950859767075,19.390491402329246,-0.18651167498658594,1500,idle,0.5076418778254467,-0.0035898114694831035,-0.4613331106202285,0.482421875
5.2200013710007624,90.0,72.2240017393695,17.7759982606305,-0.42509058566892444,1500,dwell,0.46537454621518104,0.002615182480052644,-0.5946894942480914,0.68359375
5.240000779000184,90.0,72.2240017393695,17.7759982606305,-0.5013814194759207,1500,dwell,0.46537454621518104,0.008820176429588392,-0.6480320476992365,0.68359375
5.260000983000282,90.0,74.2707566316775,15.7292433683225,-0.6399265442972262,1500,dwell,0.41179062843706615,0.014310718142082608,-0.7068690690796946,0.74609375
5.280001113000253,90.0,74.2707566316775,15.7292433683225,-0.6719344320980044,1500,dwell,0.41179062843706615,0.019801259854576824,-0.7304038776318778,0.74609375
5.3000007800001185,90.0,74.2707566316775,15.7292433683225,-0.6827609922018179,1500,dwell,0.41179062843706615,0.02529180156707104,-0.7398178010527511,0.74609375
5.32000102100028,90.0,76.47120731221366,13.528792687786336,-0.7765819841443415,1500,dwell,0.3541829643324072,0.030014241091503135,-0.7658489954211004,0.783203125
5.340001263000886,90.0,76.47120731221366,13.528792687786336,-0.7893672370506919,1500,dwell,0.3541829643324072,0.03473668061593523,-0.7762614731684402,0.783203125
5.360001152000223,90.0,78.77108137634804,11.228918623651964,-0.8728094441825929,1500,dwell,0.2939724021318552,0.038656312644359966,-0.7933170892673761,0.8046875
5.380000819000088,90.0,78.77108137634804,11.228918623651964,-0.8806910346248995,1645,kick,0.2939724021318552,0.0425759446727847,-0.8001393357069504,0.8046875
5.400000765000186,90.0,78.77108137634804,11.228918623651964,-0.8824326032715896,1645,kick,0.2939724021318552,0.046495576701209435,-0.8028682342827802,0.8046875
5.420000858000094,90.0,81.10586359597966,8.894136404020344,-0.9433316144190174,1645,kick,0.23284794655746544,0.04960021598864231,-0.8039597937131121,0.8046875
5.440000840000721,90.0,81.10586359597966,8.894136404020344,-0.9421237665047567,1645,kick,0.23284794655746544,0.052704855276075185,-0.8043964174852448,0.8046875
5.460000656000375,90.0,83.42668596277741,6.573314037222588,-0.9824320790772538,1645,kick,0.17208895907564287,0.05499937473041709,-0.7916804419940979,0.783203125
5.480000712000219,90.0,83.42668596277741,6.573314037222588,-0.9734257821099606,1645,kick,0.17208895907564287,0.057293894184759,-0.7865940517976392,0.783203125
5.5000007680000635,90.0,83.42668596277741,6.573314037222588,-0.9689972363194801,1645,kick,0.17208895907564287,0.059588413639100904,-0.7845594957190557,0.783203125
5.520000714000162,90.0,85.66060036151077,4.339399638489226,-0.9937107781357222,1645,kick,0.11360521687723298,0.06110314986413068,-0.7626519232876223,0.748046875
5.540001177000704,90.0,85.66060036151077,4.339399638489226,-0.9796573929418441,1645,kick,0.11360521687723298,0.06261788608916045,-0.7538888943150489,0.748046875
5.560000641000443,90.0,87.80398196224144,2.196018037758563,-0.9931391792051201,1645,kick,0.05749161778810813,0.06338444099300189,-0.7257743077260196,0.70703125
5.580001049000202,90.0,87.80398196224144,2.196018037758563,-0.9758104943093976,1645,kick,0.05749161778810813,0.06415099589684332,-0.7145284730904078,0.70703125
5.600001068000893,90.0,87.80398196224144,2.196018037758563,-0.9686030605857257,1670.0,run,0.05749161778810813,0.06491755080068476,-0.7100301392361631,0.70703125
5.620001180000145,90.0,89.8325712555453,0.16742874445469624,-0.9873367125872264,1695.0,run,0.0043832742798219715,0.06497599445774906,-0.6871370556944653,0.671875
5.6400012180001795,90.0,89.8325712555453,0.16742874445469624,-0.9735657962679695,1720.0,run,0.0043832742798219715,0.06503443811481335,-0.6779798222777862,0.671875
5.660000774000764,90.0,91.75110078482356,-1.7511007848235636,-0.8811657550219818,1745.0,run,-0.12224989691771175,0.0644231886302248,-0.6485356789111145,0.62890625
5.680001349000122,90.0,91.75110078482356,-1.7511007848235636,-0.8672159410513558,1770.0,run,-0.12224989691771175,0.06381193914563624,-0.6367580215644457,0.62890625
5.700000906000241,90.0,91.75110078482356,-1.7511007848235636,-0.8617460403703313,1795.0,run,-0.12224989691771175,0.06320068966104768,-0.6320469586257782,0.62890625
5.720001110000339,90.0,93.52674086749215,-3.526740867492151,-0.9430358626915898,1820.0,run,-0.24621296000951637,0.0619696248610001,-0.5961781584503112,0.572265625
5.740001074000247,90.0,93.52674086749215,-3.526740867492151,-0.9261881580473799,1845.0,run,-0.24621296000951637,0.06073856006095252,-0.5818306383801244,0.572265625
5.760000889000366,90.0,95.13547349510463,-5.135473495104634,-0.9758998584849119,1870.0,run,-0.35852368455390704,0.05894594163818298,-0.5292166303520498,0.494140625
5.78000070500002,90.0,95.13547349510463,-5.135473495104634,-0.9511829201582669,1882.1817658577675,run,-0.35852368455390704,0.05715332321541344,-0.50817102714082,0.494140625
5.800001039000563,90.0,95.13547349510463,-5.135473495104634,-0.9416188161437073,1878.6908678924533,run,-0.35852368455390704,0.055360704792643906,-0.499752785856328,0.494140625
5.820000947000153,90.0,96.48717205468552,-6.487172054685516,-0.9594987568327416,1885.2170462439508,run,-0.4528900459905116,0.05309625456269135,-0.4354479893425312,0.392578125
5.840001059000315,90.0,96.48717205468552,-6.487172054685516,-0.9293117895751049,1874.1988031949134,run,-0.4528900459905116,0.05083180433273879,-0.4097260707370125,0.392578125
5.860001282000667,90.0,97.54226356408913,-7.542263564089126,-0.911258125633654,1867.6092158562838,run,-0.5265493289862304,0.048199057687807634,-0.332640428294805,0.28125
5.880000820000532,90.0,97.54226356408913,-7.542263564089126,-0.8750468412548738,1854.3920970580289,run,-0.5265493289862304,0.04556631104287648,-0.301806171317922,0.28125
5.900000782999996,90.0,97.54226356408913,-7.542263564089126,-0.8610362218994494,1849.278220993299,run,-0.5265493289862304,0.04293356439794532,-0.2894724685271688,0.28125
5.920001006000348,90.0,98.27129737685539,-8.271297376855387,-0.8267221243602705,1836.7535753914988,run,-0.5774454905507869,0.040046336945191385,-0.2177421124108675,0.169921875
5.9400011000007,90.0,98.27129737685539,-8.271297376855387,-0.7931577216602721,1824.5025684059992,run,-0.5774454905507869,0.03715910949243745,-0.18904996996434698,0.169921875
5.9600009520008825,90.0,98.69282923789115,-8.692829237891146,-0.7351930297435639,1803.3454558564008,run,-0.6068739660593196,0.03412473966214085,-0.11546373798573879,0.06640625
5.980001360000642,90.0,98.69282923789115,-8.692829237891146,-0.7007819493429209,1790.785411510166,run,-0.6068739660593196,0.031090369831844253,-0.08602924519429551,0.06640625
6.000000695000381,90.0,98.69282923789115,-8.692829237891146,-0.6875637037521172,1785.9607518695227,run,-0.6068739660593196,0.028056000001547655,-0.0742554480777182,0.06640625
6.020001066000077,90.0,98.83147602547297,-8.831476025472966,-0.6278289829053566,1764.1575787604552,run,-0.6165533378217835,0.02497323331243874,-0.01563967923108728,-0.0234375
6.040000881000196,90.0,98.83147602547297,-8.831476025472966,-0.6006182438657064,1754.2256590109828,run,-0.6165533378217835,0.021890466623329823,0.007806628307565086,-0.0234375
6.060001086000739,90.0,98.72710887884887,-8.727108878848867,-0.53377296559384,1729.8271324417517,run,-0.6092671364637746,0.01884413094101095,0.05820077632302603,-0.091796875
6.08000110500052,90.0,98.72710887884887,-8.727108878848867,-0.5104976752511144,1721.3316514666567,run,-0.6092671364637746,0.015797795258692078,0.07835843552921042,-0.091796875
6.100001032000364,90.0,98.42978226890341,-8.42978226890341,-0.48094745037769293,1710.545819387858,run,-0.5885098232744099,0.012855246142320028,0.08642149921168417,-0.091796875
6.120000718000483,90.0,98.42978226890341,-8.42978226890341,-0.4399911945450171,1695.5967860089313,run,-0.5885098232744099,0.009912697025947978,0.12128734968467367,-0.14453125
6.140001607000158,90.0,98.42978226890341,-8.42978226890341,-0.42413835105289377,1689.8104981343063,run,-0.5885098232744099,0.006970147909575928,0.13523368987386947,-0.14453125
6.160000941000362,90.0,97.99368034321634,-7.99368034321634,-0.35549179610001835,1664.8104981343063,run,-0.558064165364302,0.004179827082754418,0.16776535094954778,-0.189453125
6.180001090000587,90.0,97.99368034321634,-7.99368034321634,-0.3407136950317392,1659.3604986865848,run,-0.558064165364302,0.0013895062559329072,0.1807780153798191,-0.189453125
6.200000906000241,90.0,97.43789101912057,-7.4378910191205705,-0.2964450956197179,1643.202459901197,run,-0.5192627507526819,-0.0012068074978305024,0.18598308115192763,-0.189453125
6.22000120300072,90.0,97.43789101912057,-7.4378910191205705,-0.27363180817523486,1634.8756099839607,run,-0.5192627507526819,-0.003803121251593912,0.20564323246077104,-0.21875
6.240001166000184,90.0,97.43789101912057,-7.4378910191205705,-0.26497382967311894,1631.7154478306884,run,-0.5192627507526819,-0.0063994350053573216,0.21350729298430843,-0.21875
6.260001038000155,90.0,96.8083356091654,-6.808335609165397,-0.19827328894974344,1607.3697504666563,run,-0.47531149184284,-0.008775992464571522,0.23305916719372338,-0.24609375
6.280000649000613,90.0,96.8083356091654,-6.808335609165397,-0.18960135656698857,1604.2044951469509,run,-0.47531149184284,-0.011152549923785723,0.24087991687748933,-0.24609375
6.3000009830002455,90.0,96.11006060846313,-6.1100606084631295,-0.13773844938298424,1585.2745340247893,run,-0.42656270045635886,-0.013285363426067516,0.2440082167509957,-0.24609375
6.3200010030004705,90.0,96.11006060846313,-6.1100606084631295,-0.12562670949438576,1580.853748965451,run,-0.42656270045635886,-0.01541817692834931,0.25463453670039826,-0.26171875
6.34000081800059,90.0,96.11006060846313,-6.1100606084631295,-0.1211659199693571,1579.2255607888153,run,-0.42656270045635886,-0.017550990430631103,0.25888506468015926,-0.26171875
6.360001023000223,90.0,95.36245531650331,-5.362455316503315,-0.060463276146527134,1557.0690957934823,run,-0.37437000505622986,-0.019422840455912253,0.2664446508720637,-0.271484375
6.380000931000723,90.0,95.36245531650331,-5.362455316503315,-0.057396229781997266,1555.949623870429,run,-0.37437000505622986,-0.021294690481193403,0.2694684853488255,-0.271484375
6.400001006000821,90.0,94.58526942767026,-4.585269427670255,-0.002167146884072879,1500,idle,-0.32011219441552774,-0.02289525145327104,0.27067801913953016,-0.271484375
6.4200010630002,90.0,94.58526942767026,-4.585269427670255,0.006370761043842155,1500,idle,-0.32011219441552774,-0.02449581242534868,0.27819308265581205,-0.283203125
6.440000675000192,90.0,94.58526942767026,-4.585269427670255,0.00949782324003412,1500,idle,-0.32011219441552774,-0.026096373397426317,0.28119910806232484,-0.283203125
6.460001213000396,90.0,93.78811361610155,-3.7881136161015547,0.07041474935804198,1500,idle,-0.26446022016240245,-0.02741867449823833,0.28591714322492995,-0.2890625
6.48000114000024,90.0,93.78811361610155,-3.7881136161015547,0.07228271590584884,1500,idle,-0.26446022016240245,-0.028740975599050343,0.287804357289972,-0.2890625
6.500000863000423,90.0,92.96156224763251,-2.9615622476325143,0.13058261585032363,1500,idle,-0.20675604889580407,-0.029774755843529364,0.2885592429159888,-0.2890625
6.52000121600031,90.0,92.96156224763251,-2.9615622476325143,0.140478576877468,1500,idle,-0.20675604889580407,-0.030808536088008386,0.2970643221663955,-0.302734375
6.540000846000112,90.0,92.96156224763251,-2.9615622476325143,0.1442508808443195,1500,idle,-0.20675604889580407,-0.03184231633248741,0.3004663538665582,-0.302734375
6.5600008100000196,90.0,92.11045927219999,-2.1104592721999893,0.20929979606149465,1500,idle,-0.1473378521165322,-0.032579005593070066,0.30534279154662325,-0.30859375
6.58000129300035,90.0,92.11045927219999,-2.1104592721999893,0.21141947936975114,1500,idle,-0.1473378521165322,-0.033315694853652725,0.3072933666186493,-0.30859375
6.600001016000533,90.0,91.22987503715018,-1.2298750371501797,0.2737033401627048,1500,idle,-0.08586147514543285,-0.033745002229379886,0.3080735966474597,-0.30859375
6.620000702000652,90.0,91.22987503715018,-1.2298750371501797,0.28098030836381566,1500,idle,-0.08586147514543285,-0.03417430960510705,0.31424506365898386,-0.318359375
6.640000796000095,90.0,91.22987503715018,-1.2298750371501797,0.28381382031662916,1500,idle,-0.08586147514543285,-0.03460361698083421,0.31671365046359357,-0.318359375
6.660001038000701,90.0,90.32949290511249,-0.3294929051124882,0.3548540184872409,1500,dwell,-0.023002944224696703,-0.03471863170195769,0.32356046018543744,-0.328125
6.6800008160007565,90.0,90.32949290511249,-0.3294929051124882,0.3581059827373889,1500,dwell,-0.023002944224696703,-0.03483364642308118,0.32629918407417496,-0.328125
6.700000984000326,90.0,89.39933915185253,0.60066084814747,0.48604288893650477,1500,dwell,0.01572526423199255,-0.03462397623332128,0.32739467362967,-0.328125
6.720000929000889,90.0,89.39933915185253,0.60066084814747,0.4938572347836578,1500,dwell,0.01572526423199255,-0.03441430604356138,0.332520369451868,-0.3359375
6.7400008380000145,90.0,89.39933915185253,0.60066084814747,0.4970584543908325,1500,dwell,0.01572526423199255,-0.034204635853801485,0.3345706477807472,-0.3359375
6.760000950000176,90.0,88.44459056953309,1.5554094304669093,0.530640895012832,1500,dwell,0.04072052366732605,-0.03366169553823714,0.34007825911229883,-0.34375
6.780001154000274,90.0,88.44459056953309,1.5554094304669093,0.5342712260011016,1500,dwell,0.04072052366732605,-0.0331187552226728,0.3422813036449195,-0.34375
6.800000915000055,90.0,87.46973371750505,2.5302662824949493,0.5616446831569295,1500,dwell,0.06624221637260073,-0.03223552567103812,0.3431625214579678,-0.34375
6.820000693000111,90.0,87.46973371750505,2.5302662824949493,0.5714924140757393,1390,kick,0.06624221637260073,-0.03135229611940345,0.34937438358318706,-0.353515625
6.840001065000251,90.0,87.46973371750505,2.5302662824949493,0.5757494690818518,1390,kick,0.06624221637260073,-0.03046906656776877,0.3518591284332748,-0.353515625
6.860000918000878,90.0,86.46989065500014,3.5301093449998575,0.6076711155301135,1390,kick,0.09241804653850191,-0.02923682594725541,0.35519677637330993,-0.357421875
6.880001308000828,90.0,86.46989065500014,3.5301093449998575,0.6104130486664427,1390,kick,0.09241804653850191,-0.028004585326742052,0.356531835549324,-0.357421875
6.900000808000186,90.0,85.45011491636001,4.5498850836399924,0.6388646762824551,1390,kick,0.11911571294534319,-0.026416375820804142,0.3570658592197296,-0.357421875
6.920001032000073,90.0,85.45011491636001,4.5498850836399924,0.6454114536882612,1390,kick,0.11911571294534319,-0.024828166314866233,0.36079509368789187,-0.36328125
6.940000922000763,90.0,85.45011491636001,4.5498850836399924,0.6486019200727213,1390,kick,0.11911571294534319,-0.023239956808928323,0.36228678747515675,-0.36328125
6.960000700000819,90.0,84.42018373438253,5.579816265617467,0.6776291056226722,1390,kick,0.1460792482370389,-0.021292233499101136,0.3628834649900627,-0.36328125
6.980000905000452,90.0,84.42018373438253,5.579816265617467,0.6791557461175122,1390,kick,0.1460792482370389,-0.01934451018927395,0.36312213599602505,-0.36328125
7.000000665000698,90.0,83.39936562859202,6.600634371407978,0.7074063378661303,1390,kick,0.1728042037520632,-0.01704045413924644,0.36321760439841,-0.36328125
7.020000907000394,90.0,83.39936562859202,6.600634371407978,0.7035726150375778,1390,kick,0.1728042037520632,-0.014736398089218932,0.359740166759364,-0.357421875
7.040001056000619,90.0,83.39936562859202,6.600634371407978,0.7028685860841667,1365.0,run,0.1728042037520632,-0.012432342039191423,0.3583491917037456,-0.357421875
7.060001039000781,90.0,82.3930960222367,7.606903977763295,0.7299712639848074,1340.0,run,0.19914828044253455,-0.009777031633290963,0.35779280168149824,-0.357421875
7.080000928000118,90.0,82.3930960222367,7.606903977763295,0.7312306162149992,1315.0,run,0.19914828044253455,-0.007121721227390503,0.3575702456725993,-0.357421875
7.100000929000089,90.0,81.3859848588695,8.614015141130494,0.7592673063235345,1290.0,run,0.22551438904405668,-0.00411486270680308,0.35748122326903975,-0.357421875
7.120000856000843,90.0,81.3859848588695,8.614015141130494,0.7522289454937512,1265.0,run,0.22551438904405668,-0.0011080041862156572,0.3515862393076159,-0.34765625
7.140000802000031,90.0,81.3859848588695,8.614015141130494,0.7504960702292491,1240.0,run,0.22551438904405668,0.0018988543343717657,0.34922824572304634,-0.34765625
7.160001043000193,90.0,80.4283900619165,9.571609938083498,0.7427572830363363,1215.0,run,0.2505841622042514,0.005239976497095118,0.3260194232892185,-0.310546875
7.180001155000355,90.0,80.4283900619165,9.571609938083498,0.7308366628736735,1190.0,run,0.2505841622042514,0.00858109865981847,0.3167358943156874,-0.310546875
7.200000823000664,90.0,79.6085782295487,10.391421770451302,0.7489055433582874,1182.8611706917652,run,0.2720467857866904,0.012208389136974342,0.313022482726275,-0.310546875
7.220001120000234,90.0,79.6085782295487,10.391421770451302,0.6767835581909336,1206.6614257969918,run,0.2720467857866904,0.015835679614130214,0.26349024309051,-0.23046875
7.240000807000797,90.0,79.6085782295487,10.391421770451302,0.6492405886957681,1215.7506057303965,run,0.2720467857866904,0.019462970091286086,0.243677347236204,-0.23046875
7.260000900000705,90.0,79.0920755995952,10.907924400404795,0.5055031587591804,1240.7506057303965,run,0.285568793018538,0.023270553998199925,0.13731468889448162,-0.06640625
7.280000846000803,90.0,79.0920755995952,10.907924400404795,0.4439701140982952,1265.7506057303965,run,0.285568793018538,0.027078137905113764,0.09476962555779264,-0.06640625
7.3000007540003935,90.0,79.08155314865724,10.918446851342765,0.42100530737877173,1290.7506057303965,run,0.28584427013990865,0.030889394840312546,0.07775160022311706,-0.06640625
7.320000718000301,90.0,79.08155314865724,10.918446851342765,0.24960468383908568,1315.7506057303965,run,0.28584427013990865,0.03470065177551133,-0.03803998491075317,0.115234375
7.340000756000336,90.0,79.08155314865724,10.918446851342765,0.18241648691988283,1340.7506057303965,run,0.28584427013990865,0.03851190871071011,-0.08435661896430127,0.115234375
7.3600009420006245,90.0,79.5490175271334,10.450982472866599,0.023288103828093765,1500,idle,0.2736060813296116,0.042159989795104935,-0.1837426475857205,0.25
7.380001369000638,90.0,79.5490175271334,10.450982472866599,-0.03415466469412082,1500,idle,0.2736060813296116,0.04580807087949976,-0.22349705903428818,0.25
7.4000010930003555,90.0,80.3581651139425,9.641834886057495,-0.07717136467349545,1500,idle,0.2524226470430334,0.04917370617340687,-0.23939882361371528,0.25
7.420000835000792,90.0,80.3581651139425,9.641834886057495,-0.14797429224480735,1500,idle,0.2524226470430334,0.05253934146731398,-0.2879470294454861,0.3203125
7.440000688000509,90.0,80.3581651139425,9.641834886057495,-0.17508383456752552,1500,idle,0.2524226470430334,0.055904976761221095,-0.3073663117781944,0.3203125
7.460001041000396,90.0,81.29629811454225,8.703701885457747,-0.2147462069301106,1500,idle,0.22786238251991406,0.058943141861486616,-0.31864964971127774,0.326171875
7.480001079000431,90.0,81.29629811454225,8.703701885457747,-0.21969331062980135,1500,idle,0.22786238251991406,0.061981306961752136,-0.3231629848845111,0.326171875
7.500000710000677,90.0,82.25397476495095,7.746025235049046,-0.24585090408086507,1500,idle,0.20279046644126028,0.06468517984763561,-0.32496831895380446,0.326171875
7.520000748000712,90.0,82.25397476495095,7.746025235049046,-0.24706959329091094,1500,idle,0.20279046644126028,0.06738905273351908,-0.3268623275815218,0.328125
7.540001009000662,90.0,82.25397476495095,7.746025235049046,-0.2465836747360113,1500,idle,0.20279046644126028,0.07009292561940256,-0.3276199310326087,0.328125
7.560000954000316,90.0,83.211283119683,6.788716880316997,-0.27067868538848255,1500,idle,0.17772819232087414,0.07246263485034754,-0.32792297241304347,0.328125
7.58000136300052,90.0,83.211283119683,6.788716880316997,-0.2694386846781764,1500,idle,0.17772819232087414,0.07483234408129252,-0.32804418896521736,0.328125
7.600000994000766,90.0,84.16220455050609,5.83779544949391,-0.293183814433119,1500,idle,0.15283312747741662,0.07687011911432474,-0.32809267558608696,0.328125
7.620001013000547,90.0,84.16220455050609,5.83779544949391,-0.28495899138582137,1500,idle,0.15283312747741662,0.07890789414735697,-0.32342457023443477,0.3203125
7.6400010890001795,90.0,84.16220455050609,5.83779544949391,-0.2809354631550107,1500,idle,0.15283312747741662,0.08094566918038919,-0.3215573280937739,0.3203125
7.660000738000235,90.0,85.0882997203322,4.911700279667798,-0.2942424661200208,1500,idle,0.12858801262699404,0.08266017601541578,-0.3149510562375095,0.310546875
7.6800010540000585,90.0,85.0882997203322,4.911700279667798,-0.2892499989052463,1500,idle,0.12858801262699404,0.08437468285044238,-0.3123085474950038,0.310546875
7.700000685000305,90.0,85.9796109715798,4.0203890284201975,-0.3101569393421705,1500,idle,0.1052535386354825,0.08577806336558214,-0.3112515439980015,0.310546875
7.720001001000128,90.0,85.9796109715798,4.0203890284201975,-0.2963760214348853,1500,idle,0.1052535386354825,0.0871814438807219,-0.3026256175992006,0.296875
7.74000122400048,90.0,85.9796109715798,4.0203890284201975,-0.2903584372865209,1500,idle,0.1052535386354825,0.08858482439586166,-0.29917524703968024,0.296875
7.760001022000324,90.0,86.8160588666367,3.183941133363305,-0.2919414015643843,1500,idle,0.08335538395030434,0.08969622951519905,-0.2860763488158721,0.27734375
7.780000838000888,90.0,86.8160588666367,3.183941133363305,-0.283415219558497,1500,idle,0.08335538395030434,0.09080763463453645,-0.28083678952634883,0.27734375
7.800001117000647,90.0,87.61258864951202,2.38741135048798,-0.3006245666728521,1500,idle,0.06250228299824938,0.09164099840784644,-0.27874096581053953,0.27734375
7.820001081000555,90.0,87.61258864951202,2.38741135048798,-0.2830467416793805,1500,idle,0.06250228299824938,0.09247436218115643,-0.2673557613242158,0.259765625
7.840001064000717,90.0,87.61258864951202,2.38741135048798,-0.27571560072360024,1500,idle,0.06250228299824938,0.09330772595446642,-0.2628016795296863,0.259765625
7.86000089800018,90.0,88.35003058486313,1.6499694151368658,-0.2761234550819006,1500,idle,0.04319609827701521,0.09388367393149329,-0.2504331718118745,0.2421875
7.880001307000384,90.0,88.35003058486313,1.6499694151368658,-0.26835678166499743,1500,idle,0.04319609827701521,0.09445962190852016,-0.2454857687247498,0.2421875
7.9000007520007784,90.0,89.02783378930837,0.9721662106916256,-0.2829295761948907,1500,idle,0.025451251879808647,0.09479897193358428,-0.24350680748989992,0.2421875
7.920001031000538,90.0,89.02783378930837,0.9721662106916256,-0.2604448394389423,1500,idle,0.025451251879808647,0.0951383219586484,-0.22865272299595998,0.21875
7.940000792000319,90.0,89.02783378930837,0.9721662106916256,-0.25132877872753984,1500,idle,0.025451251879808647,0.09547767198371251,-0.222711089198384,0.21875
7.9600010520007345,90.0,89.63602700872906,0.3639729912709413,-0.24427409187475496,1500,idle,0.009528790629015758,0.09560472252543273,-0.20744381067935358,0.197265625
7.980001517000346,90.0,89.63602700872906,0.3639729912709413,-0.23503749443830457,1500,idle,0.009528790629015758,0.09573177306715294,-0.20133689927174142,0.197265625
8.000000925000677,90.0,90.19000490998167,-0.19000490998166697,-0.22323817209447688,1500,idle,-0.013264845096542108,0.09566544884167023,-0.19889413470869655,0.197265625
8.020001056000183,90.0,90.19000490998167,-0.19000490998166697,-0.20239804237186018,1500,idle,-0.013264845096542108,0.09559912461618753,-0.1815107788834786,0.169921875
8.040000983000027,90.0,90.19000490998167,-0.19000490998166697,-0.1940739288434004,1500,idle,-0.013264845096542108,0.09553280039070482,-0.17455743655339145,0.169921875
8.060000836000654,90.0,90.66508477554976,-0.665084775549758,0.0,1500,idle,-0.013264845096542108,0.09553280039070482,-0.17455743655339145,0.14453125
8.080001115000414,90.0,90.66508477554976,-0.665084775549758,0.0,1500,idle,-0.013264845096542108,0.09553280039070482,-0.17455743655339145,0.14453125
8.100000968000131,90.0,91.06570113699763,-1.0657011369976317,0.0,1500,idle,-0.013264845096542108,0.09553280039070482,-0.17455743655339145,0.14453125
8.120000710000568,90.0,91.06570113699763,-1.0657011369976317,0.0,1500,idle,-0.013264845096542108,0.09553280039070482,-0.17455743655339145,0.123046875
8.140000989000328,90.0,91.06570113699763,-1.0657011369976317,0.0,1500,idle,-0.013264845096542108,0.09553280039070482,-0.17455743655339145,0.123046875
8.16000097200049,90.0,91.40187126296064,-1.4018712629606398,0.0,1500,idle,-0.013264845096542108,0.09553280039070482,-0.17455743655339145,0.095703125
8.180001047000587,90.0,91.40187126296064,-1.4018712629606398,0.0,1500,idle,-0.013264845096542108,0.09553280039070482,-0.17455743655339145,0.095703125
8.200000956000622,90.0,91.6592286459321,-1.659228645932103,0.0,1500,idle,-0.013264845096542108,0.09553280039070482,-0.17455743655339145,0.095703125
8.220000883000466,90.0,91.6592286459321,-1.659228645932103,0.0,1500,idle,-0.013264845096542108,0.09553280039070482,-0.17455743655339145,0.068359375
8.240000662000057,90.0,91.6592286459321,-1.659228645932103,0.0,1500,idle,-0.013264845096542108,0.09553280039070482,-0.17455743655339145,0.068359375
8.260000941000726,90.0,91.83735812556318,-1.8373581255631848,0.0,1500,idle,-0.013264845096542108,0.09553280039070482,-0.17455743655339145,0.04296875
8.280001164000169,90.0,91.83735812556318,-1.8373581255631848,0.0,1500,idle,-0.013264845096542108,0.09553280039070482,-0.17455743655339145,0.04296875
8.300000721000288,90.0,91.9411144622037,-1.9411144622037,0.0,1500,idle,-0.013264845096542108,0.09553280039070482,-0.17455743655339145,0.04296875
8.320000870000513,90.0,91.9411144622037,-1.9411144622037,0.0,1500,idle,-0.013264845096542108,0.09553280039070482,-0.17455743655339145,0.013671875
8.340001020000273,90.0,91.9411144622037,-1.9411144622037,0.0,1500,idle,-0.013264845096542108,0.09553280039070482,-0.17455743655339145,0.013671875
8.36000109500037,90.0,91.97078912887616,-1.970789128876163,0.0,1500,idle,-0.013264845096542108,0.09553280039070482,-0.17455743655339145,-0.009765625
8.380001078000532,90.0,91.97078912887616,-1.970789128876163,0.0,1500,idle,-0.013264845096542108,0.09553280039070482,-0.17455743655339145,-0.009765625
8.400001228000292,90.0,91.92149210674677,-1.9214921067467685,0.0,1500,idle,-0.013264845096542108,0.09553280039070482,-0.17455743655339145,-0.009765625
8.42000121000001,90.0,91.92149210674677,-1.9214921067467685,0.0,1500,idle,-0.013264845096542108,0.09553280039070482,-0.17455743655339145,-0.033203125
8.440000675000192,90.0,91.92149210674677,-1.9214921067467685,0.0,1500,idle,-0.013264845096542108,0.09553280039070482,-0.17455743655339145,-0.033203125
8.460000973000206,90.0,91.81739536182522,-1.8173953618252199,0.0,1500,idle,-0.013264845096542108,0.09553280039070482,-0.17455743655339145,-0.046875
8.480000770000515,90.0,91.81739536182522,-1.8173953618252199,0.0,1500,idle,-0.013264845096542108,0.09553280039070482,-0.17455743655339145,-0.046875
8.500000753000677,90.0,91.65399324820066,-1.6539932482006634,0.0,1500,idle,-0.013264845096542108,0.09553280039070482,-0.17455743655339145,-0.046875
8.520000921000246,90.0,91.65399324820066,-1.6539932482006634,0.0,1500,idle,-0.013264845096542108,0.09553280039070482,-0.17455743655339145,-0.0625
8.540000886000598,90.0,91.65399324820066,-1.6539932482006634,0.0,1500,idle,-0.013264845096542108,0.09553280039070482,-0.17455743655339145,-0.0625
8.560000702000252,90.0,91.46104412650396,-1.461044126503964,0.0,1500,idle,-0.013264845096542108,0.09553280039070482,-0.17455743655339145,-0.072265625
8.58000103700033,90.0,91.46104412650396,-1.461044126503964,0.0,1500,idle,-0.013264845096542108,0.09553280039070482,-0.17455743655339145,-0.072265625
8.600000834000639,90.0,91.22855499019704,-1.2285549901970398,0.0,1500,idle,-0.013264845096542108,0.09553280039070482,-0.17455743655339145,-0.072265625
8.6200006880008,90.0,91.22855499019704,-1.2285549901970398,0.0,1500,idle,-0.013264845096542108,0.09553280039070482,-0.17455743655339145,-0.0859375
8.640000948000306,90.0,91.22855499019704,-1.2285549901970398,0.0,1500,idle,-0.013264845096542108,0.09553280039070482,-0.17455743655339145,-0.0859375
8.660001080000256,90.0,90.97120123744867,-0.9712012374486676,0.0,1500,idle,-0.013264845096542108,0.09553280039070482,-0.17455743655339145,-0.09765625
8.680000951000693,90.0,90.97120123744867,-0.9712012374486676,0.0,1500,idle,-0.013264845096542108,0.09553280039070482,-0.17455743655339145,-0.09765625
8.700000712000474,90.0,90.6793278801606,-0.6793278801605993,0.0,1500,idle,-0.013264845096542108,0.09553280039070482,-0.17455743655339145,-0.09765625
8.720000639000318,90.0,90.6793278801606,-0.6793278801605993,0.0,1500,idle,-0.013264845096542108,0.09553280039070482,-0.17455743655339145,-0.115234375
8.74000071500086,90.0,90.6793278801606,-0.6793278801605993,0.0,1500,idle,-0.013264845096542108,0.09553280039070482,-0.17455743655339145,-0.115234375
8.760001087000092,90.0,90.35287413156482,-0.3528741315648176,0.0,1500,idle,-0.013264845096542108,0.09553280039070482,-0.17455743655339145,-0.12109375
8.780000810000274,90.0,90.35287413156482,-0.3528741315648176,0.0,1500,idle,-0.013264845096542108,0.09553280039070482,-0.17455743655339145,-0.12109375
8.800000904000626,90.0,90.00156442503629,-0.001564425036292505,0.0,1500,idle,-0.013264845096542108,0.09553280039070482,-0.17455743655339145,-0.12109375
8.820001165000576,90.0,90.00156442503629,-0.001564425036292505,0.0,1500,idle,-0.013264845096542108,0.09553280039070482,-0.17455743655339145,-0.130859375
8.840000944000167,90.0,90.00156442503629,-0.001564425036292505,0.0,1500,idle,-0.013264845096542108,0.09553280039070482,-0.17455743655339145,-0.130859375
8.860000909000519,90.0,89.62558034599829,0.37441965400171284,0.0,1500,idle,-0.013264845096542108,0.09553280039070482,-0.17455743655339145,-0.142578125
8.880000873000427,90.0,89.62558034599829,0.37441965400171284,0.0,1500,idle,-0.013264845096542108,0.09553280039070482,-0.17455743655339145,-0.142578125
8.900000837000334,90.0,89.21001285024659,0.789987149753415,0.0,1500,idle,-0.013264845096542108,0.09553280039070482,-0.17455743655339145,-0.142578125
8.920000987000094,90.0,89.21001285024659,0.789987149753415,0.1087840505415916,1500,idle,0.0206818152174639,0.09580855792693767,0.020411400378643405,-0.150390625
8.940000859000065,90.0,89.21001285024659,0.789987149753415,0.22593080722255224,1500,idle,0.0206818152174639,0.09608431546317052,0.09839893515145735,-0.150390625
8.960001101000671,90.0,88.76968391501833,1.2303160849816663,0.2985712894518195,1390,kick,0.032209599784764655,0.09651377679363404,0.13896894906058294,-0.166015625
8.98000126900024,90.0,88.76968391501833,1.2303160849816663,0.3231709745955729,1390,kick,0.032209599784764655,0.09694323812409757,0.15519695462423316,-0.166015625
9.000001233000148,90.0,88.29479536048905,1.7052046395109528,0.34569746844317906,1390,kick,0.04464215306962367,0.09753846683169255,0.16168815684969326,-0.166015625
9.020001124000373,90.0,88.29479536048905,1.7052046395109528,0.3534649520030122,1390,kick,0.04464215306962367,0.09813369553928754,0.16662838773987731,-0.169921875
9.040001162000408,90.0,88.29479536048905,1.7052046395109528,0.35678622776167956,1390,kick,0.04464215306962367,0.09872892424688252,0.16860448009595091,-0.169921875
9.060000849000062,90.0,87.79523152342063,2.2047684765793747,0.3785434494763603,1390,kick,0.05772070374073436,0.09949853363009231,0.17408241703838037,-0.177734375
9.08000081300088,90.0,87.79523152342063,2.2047684765793747,0.3822919772717438,1390,kick,0.05772070374073436,0.1002681430133021,0.17627359181535215,-0.177734375
9.100001204000364,90.0,87.49846693728676,2.5015330627132357,0.3918998806944603,1390,kick,0.06548998243776565,0.10114134277913897,0.17715006172614087,-0.177734375
9.120000909000737,90.0,87.49846693728676,2.5015330627132357,0.39470749500043567,1390,kick,0.06548998243776565,0.10201454254497584,0.17867252469045636,-0.1796875
9.140000855000835,90.0,87.49846693728676,2.5015330627132357,0.39614489263852704,1390,kick,0.06548998243776565,0.10288774231081271,0.17928150987618252,-0.1796875
9.160000912000214,90.0,87.31995514088322,2.6800448591167765,0.4035028314340129,1390,kick,0.07016341033910298,0.10382325444866743,0.180696978950473,-0.181640625
9.180001191000883,90.0,87.31995514088322,2.6800448591167765,0.4049134201613001,1365.0,run,0.07016341033910298,0.10475876658652214,0.1812631665801892,-0.181640625
9.200000877000093,90.0,87.00318546164317,2.99681453835683,0.4141737949181592,1340.0,run,0.07845642114894087,0.10580485220184135,0.18148964163207568,-0.181640625
9.220000879000509,90.0,87.00318546164317,2.99681453835683,0.4096638938184826,1315.0,run,0.07845642114894087,0.10685093781716057,0.17806460665283028,-0.17578125
9.240001028000734,90.0,87.00318546164317,2.99681453835683,0.40823652420012696,1295.2819470139582,run,0.07845642114894087,0.10789702343247978,0.17669459266113213,-0.17578125
9.260000678000324,90.0,86.53850218971405,3.461497810285948,0.41854705732234365,1291.8794710836266,run,0.09062180076009575,0.10910531410928107,0.17497471206445286,-0.173828125
9.280000976000338,90.0,86.53850218971405,3.461497810285948,0.4182401033704169,1291.9807658877623,run,0.09062180076009575,0.11031360478608235,0.17428675982578115,-0.173828125
9.30000107000069,90.0,86.09833494120312,3.9016650587968797,0.4301680464651859,1288.0445446664887,run,0.10214535237903555,0.11167554281780283,0.17401157893031247,-0.173828125
9.32000073800009,90.0,86.09833494120312,3.9016650587968797,0.0,1500,idle,0.10214535237903555,0.11167554281780283,0.17401157893031247,-0.138671875
9.340000943000632,90.0,86.09833494120312,3.9016650587968797,0.0,1500,idle,0.10214535237903555,0.11167554281780283,0.17401157893031247,-0.138671875
9.360000722000223,90.0,85.75159867523172,4.248401324768281,0.3591108802365719,1390,kick,0.11122288659494314,0.11315851463906873,0.11999525657212498,-0.083984375
9.38000094600011,90.0,85.75159867523172,4.248401324768281,0.3275908699144189,1390,kick,0.11122288659494314,0.11464148646033463,0.09838872762885,-0.083984375
9.40000120700006,90.0,85.54838481383905,4.45161518616095,0.3208794231033076,1390,kick,0.11654301304543335,0.1161953933009404,0.08974611605154001,-0.083984375
9.420000875000369,90.0,85.54838481383905,4.45161518616095,0.2832277627612851,1390,kick,0.11654301304543335,0.11774930014154618,0.064023446420616,-0.046875
9.440000710000277,90.0,85.54838481383905,4.45161518616095,0.2687265050870941,1390,kick,0.11654301304543335,0.11930320698215195,0.053734378568246394,-0.046875
9.460000860000036,90.0,85.42439277157052,4.575607228429476,0.26675748138842875,1390,kick,0.11978911712121998,0.12090039521043489,0.04961875142729856,-0.046875
9.480000843000198,90.0,85.42439277157052,4.575607228429476,0.2652464180408298,1390,kick,0.11978911712121998,0.12249758343871782,0.047972500570919424,-0.046875
9.500000771000487,90.0,85.30137978952354,4.698620210476463,0.26846321658180994,1390,kick,0.12300958946034486,0.12413771129818908,0.047314000228367764,-0.046875
9.520001106000564,90.0,85.30137978952354,4.698620210476463,0.2655365680919617,1390,kick,0.12300958946034486,0.12577783915766036,0.0447068500913471,-0.04296875
9.540000885000154,90.0,85.30137978952354,4.698620210476463,0.2649563547254321,1390,kick,0.12300958946034486,0.12741796701713162,0.04366399003653884,-0.04296875
9.56000098000004,90.0,85.18259198693073,4.817408013069269,0.26493382666710763,1390,kick,0.12611944686002513,0.12909955964193195,0.04090309601461554,-0.0390625
9.580001204000837,90.0,85.18259198693073,4.817408013069269,0.2642862458288338,1365.0,run,0.12611944686002513,0.1307811522667323,0.03979873840584622,-0.0390625
9.600001094000618,90.0,85.0781896488487,4.921810351151294,0.2673876996324756,1341.762059121283,run,0.12885269367949254,0.13249918818245884,0.039356995362338484,-0.0390625
9.620000855000399,90.0,85.0781896488487,4.921810351151294,0.27342691285580684,1339.7691187575838,run,0.12885269367949254,0.1342172240981854,0.042695923144935394,-0.044921875
9.640000801000497,90.0,85.0781896488487,4.921810351151294,0.276461091074801,1338.7678399453157,run,0.12885269367949254,0.13593526001391196,0.04403149425797416,-0.044921875
9.660000951000256,90.0,84.9693543867013,5.030645613298702,0.2635872251961762,1343.0162156852618,run,0.1317019941796077,0.1376912866029734,0.03284697270318966,-0.025390625
9.680000916000608,90.0,84.9693543867013,5.030645613298702,0.25793012821674244,1344.883057688475,run,0.1317019941796077,0.13944731319203482,0.028373164081275867,-0.025390625
9.700000732000262,90.0,84.90549241361828,5.094507586381724,0.2579847367630745,1344.8650368681854,run,0.13337389672528577,0.14122563181503864,0.02658364063251035,-0.025390625
9.720000808000805,90.0,84.90549241361828,5.094507586381724,0.24215770136761744,1350.0879585486862,run,0.13337389672528577,0.14300395043804245,0.015320956253004139,-0.0078125
9.740000902000247,90.0,84.90549241361828,5.094507586381724,0.23646708191371602,1351.9658629684736,run,0.13337389672528577,0.14478226906104627,0.010815882501201655,-0.0078125
9.760000774000218,90.0,84.90042743631693,5.099572563683068,0.213870940438473,1359.422589655304,run,0.1335064975209566,0.14656235569465903,-0.0050486469995193375,0.015625
9.780000831000507,90.0,84.90042743631693,5.099572563683068,0.2054202747182081,1362.2113093429914,run,0.1335064975209566,0.1483424423282718,-0.011394458799807735,0.015625
9.800000777000605,90.0,84.94453376173033,5.055466238269673,0.20151690111188,1363.4994226330796,run,0.13235179662182694,0.15010713294989614,-0.013932783519923095,0.015625
9.820001057000809,90.0,84.94453376173033,5.055466238269673,0.1834745956527854,1369.4533834345807,run,0.13235179662182694,0.1518718235715205,-0.026666863407969237,0.03515625
9.840000688000146,90.0,84.94453376173033,5.055466238269673,0.17689296209293232,1371.6253225093324,run,0.13235179662182694,0.15363651419314484,-0.031760495363187695,0.03515625
9.860000856000624,90.0,85.04347717200062,4.956522827999379,0.16173766720983507,1376.6265698207544,run,0.1297614641982746,0.15536666704912183,-0.040829198145275074,0.046875
9.880001099000765,90.0,85.04347717200062,4.956522827999379,0.15733453725416885,1378.0796027061242,run,0.1297614641982746,0.15709681990509883,-0.04445667925811003,0.046875
9.900000675000229,90.0,85.15807307616001,4.841926923839992,0.15317202563468973,1379.4532315405525,run,0.12676135044295286,0.1587869712443382,-0.045907671703244016,0.046875
9.920001028000115,90.0,85.15807307616001,4.841926923839992,0.14628427097115299,1381.7261905795194,run,0.12676135044295286,0.16047712258357755,-0.051175568681297606,0.0546875
9.940000900000086,90.0,85.15807307616001,4.841926923839992,0.14413762358786442,1382.4345842160046,run,0.12676135044295286,0.1621672739228169,-0.05328272747251905,0.0546875
9.960000902000502,90.0,85.27666554631185,4.723334453688153,0.14427346255947449,1382.3897573553734,run,0.12365660683461885,0.16381602868061182,-0.05178184098900762,0.05078125
9.980001126000388,90.0,85.27666554631185,4.723334453688153,0.1461632473042583,1381.7661283895948,run,0.12365660683461885,0.16546478343840673,-0.05118148639560305,0.05078125
10.000000868000825,90.0,85.39523551267678,4.604764487323223,0.144383725218723,1382.3533706778214,run,0.12055245237404841,0.16707214947006072,-0.05094134455824122,0.05078125
10.020000833000267,90.0,85.39523551267678,4.604764487323223,0.1507656674401325,1380.2473297447564,run,0.12055245237404841,0.1686795155017147,-0.04732966282329648,0.044921875
10.04000102000009,90.0,85.39523551267678,4.604764487323223,0.15389709610009175,1379.2139582869697,run,0.12055245237404841,0.17028688153336868,-0.04588499012931859,0.044921875
10.060000854000464,90.0,85.49458926917265,4.50541073082735,0.15134862297075338,1380.0549544196515,run,0.11795137711143186,0.1718595665615211,-0.046478996051727436,0.046875
10.08000106000054,90.0,85.49458926917265,4.50541073082735,0.1519358304341995,1379.861175956714,run,0.11795137711143186,0.17343225158967351,-0.04671659842069097,0.046875
10.100000654000723,90.0,85.58373596799225,4.416264032007746,0.15038435407124387,1380.3731631564895,run,0.11561752199390311,0.1749738185495922,-0.046811639368276384,0.046875
10.120000822000293,90.0,85.58373596799225,4.416264032007746,0.1582835196786438,1377.7664385060475,run,0.11561752199390311,0.1765153855095109,-0.042162155747310553,0.0390625
10.14000113900056,90.0,85.58373596799225,4.416264032007746,0.16199815002717455,1376.5406104910323,run,0.11561752199390311,0.1780569524694296,-0.04030236229892423,0.0390625
10.160001270000066,90.0,85.64789221602734,4.352107783972656,0.16761936027308258,1374.6856111098828,run,0.11393791534799541,0.17957612467406953,-0.03604281991956969,0.033203125
10.180001198000355,90.0,85.64789221602734,4.352107783972656,0.17108658902347929,1373.5414256222518,run,0.11393791534799541,0.18109529687870946,-0.034339002967827874,0.033203125
10.200001014000009,90.0,85.70700449478227,4.292995505217732,0.17146044623165158,1373.4180527435549,run,0.11239035950905024,0.18259383500549678,-0.03365747618713115,0.033203125
10.22000099700017,90.0,85.70700449478227,4.292995505217732,0.185073172676142,1368.9258530168731,run,0.11239035950905024,0.1840923731322841,-0.02518174047485246,0.01953125
10.240000962000522,90.0,85.70700449478227,4.292995505217732,0.19105773697958164,1366.950946796738,run,0.11239035950905024,0.18559091125907143,-0.021791446189940986,0.01953125
10.260000816000684,90.0,85.74214772251139,4.25785227748861,0.18779019099572009,1368.0292369714125,run,0.11147031195857321,0.18707718208518573,-0.023950953475976394,0.025390625
10.280000891000782,90.0,85.74214772251139,4.25785227748861,0.18738624911976737,1368.1625377904768,run,0.11147031195857321,0.18856345291130003,-0.02481475639039056,0.025390625
10.300000986000668,90.0,85.77167109454234,4.2283289054576585,0.18698062643386174,1368.2963932768257,run,0.11069739188622627,0.1900394181364497,-0.025160277556156227,0.025390625
10.320001172000048,90.0,85.77167109454234,4.2283289054576585,0.19293233036949214,1366.3323309780676,run,0.11069739188622627,0.19151538336159937,-0.02178286102246249,0.01953125
10.340000989000146,90.0,85.77167109454234,4.2283289054576585,0.1958443594247982,1365.3713613898167,run,0.11069739188622627,0.19299134858674905,-0.020431894408984998,0.01953125
10.360000768000646,90.0,85.79624027457845,4.203759725421548,0.20216559064172268,1363.2853550882314,run,0.1100541722570082,0.19445873755017581,-0.016375882763594002,0.013671875
10.380000974000723,90.0,85.79624027457845,4.203759725421548,0.20547963100701333,1362.1917217676855,run,0.1100541722570082,0.19592612651360258,-0.014753478105437602,0.013671875
10.400000717000694,90.0,85.80619101992852,4.193808980071481,0.20707091319665127,1361.666598645105,run,0.10979366235292888,0.19739004201164165,-0.014104516242175041,0.013671875
10.420001256000432,90.0,85.80619101992852,4.193808980071481,0.20658082711343229,1361.8283270525674,run,0.10979366235292888,0.1988539575096807,-0.015016806496870016,0.015625
10.440000887000679,90.0,85.80619101992852,4.193808980071481,0.20691180225943873,1361.7191052543853,run,0.10979366235292888,0.20031787300771978,-0.015381722598748006,0.015625
10.460001093000756,90.0,85.82100601487912,4.178993985120883,0.20893805589101733,1361.0504415559642,run,0.10940580669209748,0.20177661709694775,-0.014355814039499204,0.013671875
10.48000100200079,90.0,85.82100601487912,4.178993985120883,0.2104288474801034,1360.558480331566,run,0.10940580669209748,0.20323536118617572,-0.013945450615799682,0.013671875
10.500000856000042,90.0,85.84080467249555,4.159195327504449,0.21102783772238257,1360.3608135516138,run,0.10888747904777475,0.20468719424014606,-0.013781305246319873,0.013671875
10.520001283000056,90.0,85.84080467249555,4.159195327504449,0.21023961227645266,1360.6209279487707,run,0.10888747904777475,0.2061390272941164,-0.01488752209852795,0.015625
10.540000989000873,90.0,85.84080467249555,4.159195327504449,0.21044698199751002,1360.5524959408217,run,0.10888747904777475,0.20759086034808674,-0.01533000883941118,0.015625
10.560000972000125,90.0,85.86550176242412,4.134498237575883,0.2068852239365714,1361.7278761009316,run,0.10824091074540285,0.20903407249135877,-0.01785075353576447,0.01953125
10.580001104000075,90.0,85.86550176242412,4.134498237575883,0.20623870440472264,1361.9412275464415,run,0.10824091074540285,0.2104772846346308,-0.01885905141430579,0.01953125
10.600000828000702,90.0,85.90517560339549,4.094824396604508,0.20545268496594407,1362.2006139612386,run,0.10720225201760819,0.21190664799486558,-0.019262370565722317,0.01953125
10.620001107999997,90.0,85.90517560339549,4.094824396604508,0.20255268649123503,1363.1576134578925,run,0.10720225201760819,0.21333601135510036,-0.021767448226288927,0.0234375
10.640000776000306,90.0,85.90517560339549,4.094824396604508,0.2019072579110359,1363.3706048893582,run,0.10720225201760819,0.21476537471533513,-0.022769479290515572,0.0234375
10.660001000000193,90.0,85.95453439835416,4.045465601645844,0.19558767187653042,1365.456068280745,run,0.10591004178733998,0.216177508605833,-0.02668591671620623,0.029296875
10.680000984000799,90.0,85.95453439835416,4.045465601645844,0.19408508975541477,1365.951920380713,run,0.10591004178733998,0.2175896424963309,-0.028252491686482493,0.029296875
10.70000096700005,90.0,86.00897537978875,3.991024620211249,0.0,1500,idle,0.10591004178733998,0.2175896424963309,-0.028252491686482493,0.029296875
10.720000950000212,90.0,86.00897537978875,3.991024620211249,0.0,1500,idle,0.10591004178733998,0.2175896424963309,-0.028252491686482493,0.02734375
10.740001063000818,90.0,86.00897537978875,3.991024620211249,0.0,1500,idle,0.10591004178733998,0.2175896424963309,-0.028252491686482493,0.02734375
10.76000102800026,90.0,86.07324700544257,3.9267529945574324,0.0,1500,idle,0.10591004178733998,0.2175896424963309,-0.028252491686482493,0.0234375
10.780000901000676,90.0,86.07324700544257,3.9267529945574324,0.0,1500,idle,0.10591004178733998,0.2175896424963309,-0.028252491686482493,0.0234375
10.80000081000071,90.0,86.10784390845885,3.8921560915411533,0.0,1500,idle,0.10591004178733998,0.2175896424963309,-0.028252491686482493,0.0234375
10.820000941000217,90.0,86.10784390845885,3.8921560915411533,0.0,1500,idle,0.10591004178733998,0.2175896424963309,-0.028252491686482493,0.00390625
10.84000099900004,90.0,86.10784390845885,3.8921560915411533,0.0,1500,idle,0.10591004178733998,0.2175896424963309,-0.028252491686482493,0.00390625
10.860000982000201,90.0,86.10290431328417,3.8970956867158293,0.0,1500,idle,0.10591004178733998,0.2175896424963309,-0.028252491686482493,-0.009765625
10.880000780000046,90.0,86.10290431328417,3.8970956867158293,0.0,1500,idle,0.10591004178733998,0.2175896424963309,-0.028252491686482493,-0.009765625
10.900001134000377,90.0,86.04365776683932,3.956342233160683,0.0,1500,idle,0.10591004178733998,0.2175896424963309,-0.028252491686482493,-0.009765625
10.920000914000411,90.0,86.04365776683932,3.956342233160683,0.0,1500,idle,0.10591004178733998,0.2175896424963309,-0.028252491686482493,-0.02734375
10.940000916000827,90.0,86.04365776683932,3.956342233160683,0.0,1500,idle,0.10591004178733998,0.2175896424963309,-0.028252491686482493,-0.02734375
10.960000862000015,90.0,85.94930497779387,4.050695022206128,0.25213823876495134,1390,kick,0.10604694769746263,0.21900360179896372,0.009792753325407,-0.03515625
10.980001216000346,90.0,85.94930497779387,4.050695022206128,0.27581376135366475,1390,kick,0.10604694769746263,0.22041756110159655,0.025010851330162797,-0.03515625
11.00000079200072,90.0,85.83052547852458,4.169474521475422,0.28892751287743046,1390,kick,0.1091565877166417,0.22187298227115176,0.031098090532065116,-0.03515625
11.020000738000817,90.0,85.83052547852458,4.169474521475422,0.30399998410030493,1390,kick,0.1091565877166417,0.22332840344070698,0.040564236212826045,-0.046875
11.040000740000323,90.0,85.83052547852458,4.169474521475422,0.31055292421049463,1390,kick,0.1091565877166417,0.2247838246102622,0.04435069448513042,-0.046875
11.060000983000464,90.0,85.67740430247,4.322595697530005,0.3212544495147481,1390,kick,0.11316529073165926,0.226292695153351,0.048209027794052166,-0.05078125
11.080000966000625,90.0,85.67740430247,4.322595697530005,0.3244747718259544,1390,kick,0.11316529073165926,0.22780156569643978,0.049752361117620866,-0.05078125
11.10000074600066,90.0,85.51385263270208,4.486147367297917,0.3306221210294408,1390,kick,0.11744706343353609,0.22936752654222026,0.05036969444704835,-0.05078125
11.120000859000356,90.0,85.51385263270208,4.486147367297917,0.3319320975345655,1390,kick,0.11744706343353609,0.23093348738800074,0.05061662777881934,-0.05078125
11.14000117500018,90.0,85.51385263270208,4.486147367297917,0.3330198340410965,1390,kick,0.11744706343353609,0.23249944823378121,0.05071540111152774,-0.05078125
11.16000082500068,90.0,85.35520169621708,4.64479830378292,0.33820537412717966,1390,kick,0.12160053523808964,0.2341207887036224,0.0507549104446111,-0.05078125
11.180001198000355,90.0,85.35520169621708,4.64479830378292,0.3392018840089344,1365.0,run,0.12160053523808964,0.2357421291734636,0.05077071417784444,-0.05078125
11.200000885000009,90.0,85.19695822217113,4.8030417778288665,0.3443601174293259,1340.0,run,0.12574333970093357,0.2374187070361427,0.05077703567113778,-0.05078125
11.220001090000551,90.0,85.19695822217113,4.8030417778288665,0.3488854820429093,1315.0,run,0.12574333970093357,0.2390952848988218,0.05312331426845512,-0.0546875
11.240000907000649,90.0,85.19695822217113,4.8030417778288665,0.3512991959189072,1314.0712653467606,run,0.12574333970093357,0.24077186276150092,0.05406182570738205,-0.0546875
11.26000137200026,90.0,85.063007291281,4.9369927087190035,0.3476140687874489,1315.2873573001418,run,0.12925016687114996,0.24249519831978292,0.04857785528295282,-0.044921875
11.280000855000253,90.0,85.063007291281,4.9369927087190035,0.34535768786776055,1316.031963003639,run,0.12925016687114996,0.24421853387806491,0.046384267113181124,-0.044921875
11.300000672000351,90.0,84.94915698329731,5.050843016702686,0.34807997514669875,1315.1336082015894,run,0.13223076096423722,0.24598161069092142,0.04550683184527245,-0.044921875
11.320001137000872,90.0,84.94915698329731,5.050843016702686,0.3204863600736675,1324.2395011756898,run,0.13223076096423722,0.24774468750377793,0.02640585773810898,-0.013671875
11.34000097200078,90.0,84.94915698329731,5.050843016702686,0.31008362169708326,1327.6724048399626,run,0.13223076096423722,0.24950776431663443,0.01876546809524359,-0.013671875
11.360000678000688,90.0,84.93907882782014,5.06092117217986,0.2751825652564321,1339.1897534653774,run,0.1324946064576441,0.25127435906940304,-0.0053844377619025625,0.021484375
11.3800012720003,90.0,84.93907882782014,5.06092117217986,0.2617525785938055,1343.621649064044,run,0.1324946064576441,0.2530409538221716,-0.015044400104761024,0.021484375
11.400000756000736,90.0,85.03319830987823,4.96680169012177,0.2176187409232473,1358.1858154953284,run,0.130030564179366,0.2547746946778965,-0.043517760041904406,0.0625
11.42000092500075,90.0,85.03319830987823,4.96680169012177,0.20157496947439618,1363.4802600734492,run,0.130030564179366,0.25650843553362135,-0.05490710401676176,0.0625
11.440001001000383,90.0,85.03319830987823,4.96680169012177,0.19578160760291669,1365.3920694910375,run,0.130030564179366,0.2582421763893462,-0.0594628416067047,0.0625
11.460001022000142,90.0,85.23640867158093,4.763591328419068,0.16763206445493417,1374.6814187298717,run,0.12471052935054489,0.25990498344735347,-0.07534763664268188,0.0859375
11.480001024000558,90.0,85.23640867158093,4.763591328419068,0.15909887166815215,1377.4973723495098,run,0.12471052935054489,0.2615677905053607,-0.08170155465707275,0.0859375
11.50000148900017,90.0,85.48393769530338,4.516062304696618,0.1427208180495177,1382.902130043659,run,0.11823023466323905,0.2631441936342039,-0.0889306218628291,0.09375
11.520000935000098,90.0,85.48393769530338,4.516062304696618,0.1393292196033698,1384.021357530888,run,0.11823023466323905,0.26472059676304704,-0.09182224874513165,0.09375
11.54000090000045,90.0,85.48393769530338,4.516062304696618,0.13854008535129417,1384.281771834073,run,0.11823023466323905,0.2662969998918902,-0.09297889949805266,0.09375
11.560001198999998,90.0,85.75596352579629,4.24403647420371,0.13161334423127674,1386.5675964036786,run,0.11110861507437919,0.2677784480928819,-0.09344155979922106,0.09375
11.580000849000498,90.0,85.75596352579629,4.24403647420371,0.13222461697117072,1386.3658763995136,run,0.11110861507437919,0.26925989629387365,-0.09362662391968843,0.09375
11.60000120300083,90.0,86.02839207381794,3.9716079261820596,0.0,1500,idle,0.11110861507437919,0.26925989629387365,-0.09362662391968843,0.087890625
11.620001001000674,90.0,86.02839207381794,3.9716079261820596,0.0,1500,idle,0.11110861507437919,0.26925989629387365,-0.09362662391968843,0.087890625
11.640000929000053,90.0,86.02839207381794,3.9716079261820596,0.0,1500,idle,0.11110861507437919,0.26925989629387365,-0.09362662391968843,0.087890625
11.660001043000193,90.0,86.26650123174511,3.73349876825489,0.0,1500,idle,0.11110861507437919,0.26925989629387365,-0.09362662391968843,0.08203125
11.680000934000418,90.0,86.26650123174511,3.73349876825489,0.0,1500,idle,0.11110861507437919,0.26925989629387365,-0.09362662391968843,0.08203125
11.70000101000005,90.0,86.48906199045734,3.510938009542656,0.0,1500,idle,0.11110861507437919,0.26925989629387365,-0.09362662391968843,0.072265625
11.720000716000868,90.0,86.48906199045734,3.510938009542656,0.0,1500,idle,0.11110861507437919,0.26925989629387365,-0.09362662391968843,0.072265625
11.740000959000099,90.0,86.48906199045734,3.510938009542656,0.0,1500,idle,0.11110861507437919,0.26925989629387365,-0.09362662391968843,0.072265625
11.760001016000388,90.0,86.6821827233723,3.317817276627693,0.0,1500,idle,0.11110861507437919,0.26925989629387365,-0.09362662391968843,0.05859375
11.780001037000147,90.0,86.6821827233723,3.317817276627693,0.0,1500,idle,0.11110861507437919,0.26925989629387365,-0.09362662391968843,0.05859375
11.800001057000372,90.0,86.83095040580008,3.169049594199919,0.0,1500,idle,0.11110861507437919,0.26925989629387365,-0.09362662391968843,0.05859375
11.820001023000259,90.0,86.83095040580008,3.169049594199919,0.0,1500,idle,0.11110861507437919,0.26925989629387365,-0.09362662391968843,0.046875
11.84000087700042,90.0,86.83095040580008,3.169049594199919,0.0,1500,idle,0.11110861507437919,0.26925989629387365,-0.09362662391968843,0.046875
11.860000749000392,90.0,86.90002012269673,3.0999798773032694,0.0,1500,idle,0.11110861507437919,0.26925989629387365,-0.09362662391968843,0.025390625
11.880000992000532,90.0,86.90002012269673,3.0999798773032694,0.0,1500,idle,0.11110861507437919,0.26925989629387365,-0.09362662391968843,0.025390625
11.900000735000503,90.0,86.9100208045528,3.0899791954471993,0.0,1500,idle,0.11110861507437919,0.26925989629387365,-0.09362662391968843,0.025390625
11.920000885000263,90.0,86.9100208045528,3.0899791954471993,0.0,1500,idle,0.11110861507437919,0.26925989629387365,-0.09362662391968843,0.0078125
11.94000109100034,90.0,86.9100208045528,3.0899791954471993,0.0,1500,idle,0.11110861507437919,0.26925989629387365,-0.09362662391968843,0.0078125
11.960000704000777,90.0,86.87532178858214,3.1246782114178586,0.0,1500,idle,0.11110861507437919,0.26925989629387365,-0.09362662391968843,-0.009765625
11.980001317000642,90.0,86.87532178858214,3.1246782114178586,0.0,1500,idle,0.11110861507437919,0.26925989629387365,-0.09362662391968843,-0.009765625
