t,offset,pwm,angle,gz
1.3890000900573796e-06,70,1430,0.004074546484531538,0.0
0.02000071100007972,70,1430,0.05332491772389858,0.0
0.040000699000074746,70,1430,0.05332491772389858,0.0
0.06000065099999574,70,1430,0.05332491772389858,0.0
0.08000036200007798,70,1430,0.059100340185807454,-0.005859375
0.10000074000004133,70,1430,0.059100340185807454,-0.005859375
0.12000061700007336,70,1430,0.054238347517696184,-0.005859375
0.14000049500009482,70,1430,0.054238347517696184,-0.00390625
0.16000061300007928,70,1430,0.054238347517696184,-0.00390625
0.18000038000002405,70,1430,0.05807388794704593,0.00390625
0.20000035000009575,70,1430,0.05807388794704593,0.00390625
0.2200003390000802,70,1430,0.08358146050187543,0.00390625
0.24000038400004087,70,1430,0.08358146050187543,-0.001953125
0.2600002990000121,70,1430,0.08358146050187543,-0.001953125
0.280000343000097,70,1430,0.08878551779173449,-0.001953125
0.30000025800006824,70,1430,0.08878551779173449,-0.001953125
0.32000039500007915,70,1430,0.09279251835940272,-0.001953125
0.3400002730001006,70,1430,0.09279251835940272,0.0
0.36000031800006127,70,1430,0.09279251835940272,0.0
0.3800004180000087,70,1430,0.10313520763696715,0.001953125
0.4000003880000804,70,1430,0.10313520763696715,0.001953125
0.4200002660001019,70,1430,0.10845768714398218,0.001953125
0.4400002920000361,70,1430,0.10845768714398218,-0.001953125
0.46000039200009724,70,1430,0.10845768714398218,-0.001953125
0.4800004920000447,70,1430,0.10274459711632744,-0.001953125
0.5000005180000926,70,1430,0.10274459711632744,-0.001953125
0.5200005259999898,70,1430,0.10279411749272072,-0.001953125
0.5400002560000985,70,1430,0.10279411749272072,-0.001953125
0.5600003370000195,70,1430,0.10279411749272072,-0.001953125
0.5800003820000939,70,1430,0.10342511528182285,0.001953125
0.6000003520000519,70,1430,0.10342511528182285,0.001953125
0.6200004150000495,70,1430,0.1078819103074693,0.001953125
0.6400004600000102,70,1430,0.1078819103074693,0.001953125
0.6600003750000951,70,1430,0.1078819103074693,0.001953125
0.6800003270000161,70,1430,0.10754254606976588,0.0
0.7000003900000138,70,1430,0.10754254606976588,0.0
0.7200003050000987,70,1430,0.10318912089297783,0.0
0.74000034900007,70,1430,0.10318912089297783,0.0
0.7600003380000544,70,1430,0.10318912089297783,0.0
0.7800004200000785,70,1430,0.09307403634869615,-0.001953125
0.8000004640000498,70,1430,0.09307403634869615,-0.001953125
0.820000379000021,70,1430,0.08763959366237373,-0.001953125
0.8400004240000953,70,1430,0.08763959366237373,0.0
0.8600003760000163,70,1430,0.08763959366237373,0.0
0.880000346000088,70,1430,0.08814619129876178,0.001953125
0.9000003529999958,70,1430,0.08814619129876178,0.001953125
0.9200003240000569,70,1430,0.08814619129876178,0.001953125
0.9400004240000044,70,1430,0.08814619129876178,0.0
0.960001395000063,70,1430,0.08814619129876178,0.0
0.9800008280000156,70,1430,0.08780846225144501,0.00390625
1.0000012799999922,70,1430,0.08780846225144501,0.00390625
1.020001010000101,70,1430,0.08831505174197218,0.00390625
1.0400011100000484,70,1430,0.08831505174197218,0.001953125
1.0600010430000566,70,1430,0.08831505174197218,0.001953125
1.0800008100000014,70,1430,0.08328332894279811,0.0
1.1000010950000387,70,1430,0.08328332894279811,0.0
1.1200011030000496,70,1430,0.07814680183923883,0.0
1.1400011660000473,70,1430,0.07814680183923883,0.0
1.160001525000098,70,1430,0.07814680183923883,0.0
1.1800006250000479,70,1430,0.08334830294853646,0.0
1.2000008920000482,70,1430,0.08334830294853646,0.0
1.220000826000046,70,1430,0.07848544935086466,0.0
1.240000890000033,70,1430,0.07848544935086466,0.0
1.2600008420000677,70,1430,0.07848544935086466,0.0
1.2800010350000548,70,1430,0.07814680183923883,-0.001953125
1.3000010050000128,70,1430,0.07814680183923883,-0.001953125
1.3200007540000342,70,1430,0.0783161268841468,-0.001953125
1.3400007430000187,70,1430,0.0783161268841468,0.005859375
1.3600011400000085,70,1430,0.0783161268841468,0.005859375
1.3800007030000643,70,1430,0.07853745401936862,0.0
1.400000748000025,70,1430,0.07853745401936862,0.0
1.4200011820000782,70,1430,0.0782620827744438,0.0
1.4400007820000837,70,1430,0.0782620827744438,-0.001953125
1.4600010679999968,70,1430,0.0782620827744438,-0.001953125
1.480001057000095,70,1430,0.07333553150962757,0.0
1.5000009350000028,70,1430,0.07333553150962757,0.0
1.5200009060000639,70,1430,0.08339989497488887,0.0
1.540000821000035,70,1430,0.08339989497488887,-0.001953125
1.5600007730000698,70,1430,0.08339989497488887,-0.001953125
1.5800009850000833,70,1430,0.08323016862203758,0.00390625
1.6000014740000097,70,1430,0.08323016862203758,0.00390625
1.6200013710000576,70,1430,0.08317898924011047,0.00390625
1.6400008040000102,70,1430,0.08317898924011047,0.001953125
1.6600004970000555,70,1430,0.08317898924011047,0.001953125
1.6800005790000796,70,1430,0.08339989497488887,0.001953125
1.7000005870000905,70,1430,0.08339989497488887,0.001953125
1.7200007060000644,70,1430,0.08323016862203758,0.001953125
1.7400005100000726,70,1430,0.08323016862203758,-0.001953125
1.7600007949999963,70,1430,0.08323016862203758,-0.001953125
1.7800010070000098,70,1430,0.07814680183923883,-0.001953125
1.8000012370000604,70,1430,0.07814680183923883,-0.001953125
1.8200008000000025,70,1430,0.0783161268841468,-0.001953125
1.8400007520000372,70,1430,0.0783161268841468,-0.001953125
1.8600011680000534,70,1430,0.0783161268841468,-0.001953125
1.880000768000059,70,1430,0.06830333284989365,0.0
1.9000007390000064,70,1430,0.06830333284989365,0.0
1.9200011910000967,70,1430,0.06830333284989365,0.0
1.940000939000015,70,1430,0.06830333284989365,0.0
1.960001281000018,70,1430,0.06830333284989365,0.0
1.9800006960000474,70,1430,0.06842108588560336,-0.001953125
2.000000926000098,70,1430,0.06842108588560336,-0.001953125
2.0200010820000216,70,1430,0.06825174082354124,-0.001953125
2.040000682000027,70,1430,0.06825174082354124,-0.001953125
2.0600008380000645,70,1430,0.06825174082354124,-0.001953125
2.080000994000102,70,1430,0.058408682053368466,0.0
2.1000011130000757,70,1430,0.058408682053368466,0.0
2.1200012689999994,70,1430,0.06338888722586944,0.0
2.140001221000034,70,1430,0.06338888722586944,0.0
2.160000877000016,70,1430,0.06338888722586944,0.0
2.180001033000053,70,1430,0.05829347081365199,0.001953125
2.200000930000101,70,1430,0.05829347081365199,0.001953125
2.220001160000038,70,1430,0.05829347081365199,0.001953125
2.2400009830000727,70,1430,0.05829347081365199,0.001953125
2.26000117600006,70,1430,0.05829347081365199,0.001953125
2.2800006470000653,70,1430,0.05829347081365199,-0.001953125
2.300000859000079,70,1430,0.05829347081365199,-0.001953125
2.3200009600000158,70,1430,0.05326169173494577,-0.001953125
2.340000949,70,1430,0.05326169173494577,0.0
2.360001050000051,70,1430,0.05326169173494577,0.0
2.380001077000088,70,1430,0.0484616116707457,0.0
2.40000086200007,70,1430,0.0484616116707457,0.0
2.4200007780000306,70,1430,0.04839884696556851,0.0
2.4400007300000652,70,1430,0.04839884696556851,0.0
2.460000942000079,70,1430,0.04839884696556851,0.0
2.4800008760000765,70,1430,0.04336705686370124,0.001953125
2.5000007730000107,70,1430,0.04336705686370124,0.001953125
2.520000818000085,70,1430,0.043314630656880126,0.001953125
2.5400007340000457,70,1430,0.043314630656880126,0.001953125
2.5600006860000803,70,1430,0.043314630656880126,0.001953125
2.5800008610000305,70,1430,0.04336705686370124,0.001953125
2.600000721000015,70,1430,0.04336705686370124,0.001953125
2.620000729000026,70,1430,0.03839713678070211,0.001953125
2.640000885000063,70,1430,0.03839713678070211,-0.001953125
2.6600012449999895,70,1430,0.03839713678070211,-0.001953125
2.6800010489999977,70,1430,0.02850204711953097,0.0
2.7000010570000086,70,1430,0.02850204711953097,0.0
2.720001102000083,70,1430,0.02850204711953097,0.0
2.7400011290000066,70,1430,0.02850204711953097,0.001953125
2.7600011000000677,70,1430,0.02850204711953097,0.001953125
2.7800010900000416,70,1430,0.02850204711953097,-0.001953125
2.800001005000013,70,1430,0.02850204711953097,-0.001953125
2.8200007170000845,70,1430,0.023692462798379665,-0.001953125
2.840001077000011,70,1430,0.023692462798379665,0.001953125
2.8600011400000085,70,1430,0.023692462798379665,0.001953125
2.880000945000006,70,1430,0.023639220216864487,0.0
2.900001082000017,70,1430,0.023639220216864487,0.0
2.920000979000065,70,1430,0.02850204711953097,0.0
2.940000969000039,70,1430,0.02850204711953097,0.0
2.960001107000039,70,1430,0.02850204711953097,0.0
2.9800010220000104,70,1430,0.028554877065658957,-0.001953125
3.0000009370000953,70,1430,0.028554877065658957,-0.001953125
3.020001019999995,70,1430,0.028554877065658957,-0.001953125
3.040000768000027,70,1430,0.028554877065658957,-0.001953125
3.0600009060000275,70,1430,0.028554877065658957,-0.001953125
3.080000933000065,70,1430,0.023469782536125194,-0.001953125
3.100001625999994,70,1430,0.023469782536125194,-0.001953125
3.1200008750000734,70,1430,0.02844060802968329,-0.001953125
3.1400009940000473,70,1430,0.02844060802968329,0.001953125
3.1600013540000873,70,1430,0.02844060802968329,0.001953125
3.1800013250000347,70,1430,0.028554877065658957,0.0
3.200000963000093,70,1430,0.028554877065658957,0.0
3.2200007310000274,70,1430,0.03358713085580689,0.0
3.240001017000054,70,1430,0.03358713085580689,0.0
3.260000783999999,70,1430,0.03358713085580689,0.0
3.2800006820000362,70,1430,0.03868170755981737,0.0
3.3000008200000366,70,1430,0.03868170755981737,0.0
3.3200008460000845,70,1430,0.0336490226911792,0.0
3.340001058000098,70,1430,0.0336490226911792,0.001953125
3.3600009369999952,70,1430,0.0336490226911792,0.001953125
3.38000072300008,70,1430,0.03358713085580689,0.0
3.4000007870000672,70,1430,0.03358713085580689,0.0
3.420000944000094,70,1430,0.03844955408916917,0.0
3.4400008590000652,70,1430,0.03844955408916917,0.0
3.460001164000005,70,1430,0.03844955408916917,0.0
3.480001024000103,70,1430,0.03347875018215518,-0.001953125
3.500000681000074,70,1430,0.03347875018215518,-0.001953125
3.5200007260000348,70,1430,0.03353115859454192,-0.001953125
3.540000974999998,70,1430,0.03353115859454192,0.001953125
3.5600006690000328,70,1430,0.03353115859454192,0.001953125
3.5800010660000225,70,1430,0.03839317815408094,0.001953125
3.600000889000057,70,1430,0.03839317815408094,0.001953125
3.6200010640000073,70,1430,0.03839317815408094,0.001953125
3.6400009800000817,70,1430,0.03839317815408094,0.0
3.660000969000066,70,1430,0.03839317815408094,0.0
3.680000848000077,70,1430,0.04337387805398407,0.0
3.7000010790000033,70,1430,0.04337387805398407,0.0
3.7200009570000248,70,1430,0.03839317815408094,0.0
3.740001447000054,70,1430,0.03839317815408094,0.001953125
3.7600014560000545,70,1430,0.03839317815408094,0.001953125
3.780001279000089,70,1430,0.03353115859454192,0.0
3.8000016200001028,70,1430,0.03353115859454192,0.0
3.820000981000021,70,1430,0.03353115859454192,0.0
3.840001099999995,70,1430,0.03353115859454192,0.0
3.860000997000043,70,1430,0.03353115859454192,0.0
3.8800004310000986,70,1430,0.03359261927377588,0.001953125
3.900000625000075,70,1430,0.03359261927377588,0.001953125
3.9200004850000596,70,1430,0.033816558396551955,0.001953125
3.9400005310000097,70,1430,0.033816558396551955,0.0
3.9600006500000973,70,1430,0.033816558396551955,0.0
3.980000861999997,70,1430,0.03376374638034463,0.0
4.000001185000087,70,1430,0.03376374638034463,0.0
4.020000916000072,70,1430,0.03376374638034463,0.0
4.040000998000096,70,1430,0.03376374638034463,0.0
4.060001005999993,70,1430,0.03376374638034463,0.0
4.080000867000081,70,1430,0.02873060860807186,0.0
4.100001079000094,70,1430,0.02873060860807186,0.0
4.120000846000039,70,1430,0.028783420624279188,0.0
4.140000873000076,70,1430,0.028783420624279188,0.0
4.160000733000061,70,1430,0.028783420624279188,0.0
4.180001075000064,70,1430,0.028783420624279188,0.001953125
4.200001380000003,70,1430,0.028783420624279188,0.001953125
4.220000667000022,70,1430,0.029016882775749764,0.001953125
4.240000731000009,70,1430,0.029016882775749764,-0.001953125
4.2600007580000465,70,1430,0.029016882775749764,-0.001953125
4.28000100700001,70,1430,0.029016882775749764,0.0
4.300000997000097,70,1430,0.029016882775749764,0.0
4.320000987000071,70,1430,0.024155302600718187,0.0
4.340000977000045,70,1430,0.024155302600718187,0.001953125
4.360001190000048,70,1430,0.024155302600718187,0.001953125
4.380001180000022,70,1430,0.019060251242706272,0.0
4.40000107700007,70,1430,0.019060251242706272,0.0
4.42000108600007,70,1430,0.019060251242706272,0.0
4.440001150000057,70,1430,0.019060251242706272,-0.001953125
4.460000974000081,70,1430,0.019060251242706272,-0.001953125
4.480000834000066,70,1430,0.019060251242706272,-0.001953125
4.50000078700009,70,1430,0.019060251242706272,-0.001953125
4.520000944000003,70,1430,0.019060251242706272,-0.001953125
4.540001045000054,70,1430,0.019060251242706272,0.001953125
4.560000980000041,70,1430,0.019060251242706272,0.001953125
4.580001062000065,70,1430,0.019060251242706272,0.001953125
4.600000941000076,70,1430,0.019060251242706272,0.001953125
4.620001228000092,70,1430,0.019060251242706272,0.001953125
4.6400009210000235,70,1430,0.019060251242706272,0.001953125
4.660001226000077,70,1430,0.019060251242706272,0.001953125
4.680000994000011,70,1430,0.014260151647363273,-0.001953125
4.7000010770000245,70,1430,0.014260151647363273,-0.001953125
4.720000678000019,70,1430,0.014198680169158706,-0.001953125
4.740000761000033,70,1430,0.014198680169158706,-0.001953125
4.760000732000094,70,1430,0.014198680169158706,-0.001953125
4.780000667000081,70,1430,0.01402710267149132,0.001953125
4.800001249000047,70,1430,0.01402710267149132,0.001953125
4.820001202000071,70,1430,0.014198680169158706,0.001953125
4.840001322000035,70,1430,0.014198680169158706,-0.00390625
4.860001331000035,70,1430,0.014198680169158706,-0.00390625
4.8800007840000035,70,1430,0.009165531597915333,0.00390625
4.900000663000014,70,1430,0.009165531597915333,0.00390625
4.920000783000091,70,1430,0.019060251242706272,0.00390625
4.940000791000102,70,1430,0.019060251242706272,-0.001953125
4.960000911000066,70,1430,0.019060251242706272,-0.001953125
4.980000975000053,70,1430,0.019060251242706272,0.0
5.0000010759999896,70,1430,0.019060251242706272,0.0
5.020000955,70,1430,0.01402710267149132,0.0
5.040000890000101,70,1430,0.01402710267149132,0.0
5.060001009000075,70,1430,0.01402710267149132,0.0
5.080000666000046,70,1430,0.0190066142380374,0.0
5.100001138000039,70,1430,0.0190066142380374,0.0
5.120001276000039,70,1430,0.009111482102497348,0.0
5.1400009140000975,70,1430,0.009111482102497348,-0.001953125
5.160000849000085,70,1430,0.009111482102497348,-0.001953125
5.1800007280000955,70,1430,0.013973465666794027,0.0
5.2000010700000985,70,1430,0.013973465666794027,0.0
5.220000838000033,70,1430,0.01408316999447834,0.0
5.240000792000046,70,1430,0.01408316999447834,-0.00390625
5.260000615000081,70,1430,0.01408316999447834,-0.00390625
5.280000902000097,70,1430,0.008996404786728363,0.0
5.300000800000021,70,1430,0.008996404786728363,0.0
5.320000753000045,70,1430,0.009050463455963609,0.0
5.340001077000011,70,1430,0.009050463455963609,0.0
5.360000845000059,70,1430,0.009050463455963609,0.0
5.380000928000072,70,1430,0.008996404786728363,0.00390625
5.400000844000033,70,1430,0.008996404786728363,0.00390625
5.420000834999996,70,1430,0.013858800911805247,0.0
5.440000955000073,70,1430,0.013858800911805247,0.0
5.460000834000084,70,1430,0.013858800911805247,0.0
5.480000824000058,70,1430,0.01391244702028871,0.001953125
5.500000944000021,70,1430,0.01391244702028871,0.001953125
5.520000916000072,70,1430,0.014029111325243093,0.0
5.540000980000059,70,1430,0.014029111325243093,0.0
5.560000693000006,70,1430,0.014029111325243093,0.0
5.580000943000073,70,1430,0.008996404786728363,0.0
5.600000711000007,70,1430,0.008996404786728363,0.0
5.620000664000031,70,1430,0.009050463455963609,0.001953125
5.640000783999994,70,1430,0.009050463455963609,0.001953125
5.660000848000095,70,1430,0.009050463455963609,0.001953125
5.680001061000098,70,1430,0.004188489065455769,0.0
5.700000922000072,70,1430,0.004188489065455769,0.0
5.720001023000009,70,1430,0.009050463455963609,-0.001953125
5.7400009950000594,70,1430,0.009050463455963609,-0.001953125
5.760000837000007,70,1430,0.009050463455963609,-0.001953125
5.780000809000057,70,1430,0.009111482102497348,0.0
5.80000128100005,70,1430,0.009111482102497348,0.0
5.820001105000074,70,1430,0.009111482102497348,-0.001953125
5.840001021000035,70,1430,0.009111482102497348,-0.001953125
5.860000715000069,70,1430,0.009111482102497348,-0.001953125
5.880000945999996,70,1430,0.01402710267149132,0.0
5.90000086200007,70,1430,0.01402710267149132,0.0
5.920001075000073,70,1430,0.01402710267149132,0.0
5.9400008800000705,70,1430,0.01402710267149132,0.0
5.960000630000081,70,1430,0.01402710267149132,0.0
5.980000713000095,70,1430,0.01402710267149132,0.0
6.000000740000019,70,1430,0.01402710267149132,0.0
6.020000916000072,70,1430,0.01402710267149132,0.0
6.040001184000062,70,1430,0.01402710267149132,0.0
6.060000915000046,70,1430,0.01402710267149132,0.0
6.080000960999996,70,1430,0.013973465666794027,0.0
6.10000117300001,70,1430,0.013973465666794027,0.0
6.120001330000036,70,1430,0.013973465666794027,0.0
6.140001006000034,70,1430,0.013973465666794027,0.0
6.160000756000045,70,1430,0.013973465666794027,0.0
6.180000765000045,70,1430,0.009050463455963609,0.0
6.200000829000032,70,1430,0.009050463455963609,0.0
6.220001061000062,70,1430,0.009050463455963609,0.0
6.240000774000009,70,1430,0.009050463455963609,0.0
6.260000764000097,70,1430,0.009050463455963609,0.0
6.280001033000076,70,1430,0.008996404786728363,0.0
6.300000968000063,70,1430,0.008996404786728363,0.0
6.320000921000087,70,1430,0.008996404786728363,0.0
6.340001060000077,70,1430,0.008996404786728363,0.0
6.360000699000011,70,1430,0.008996404786728363,0.0
6.380000875000064,70,1430,0.008996404786728363,0.0
6.400001143000054,70,1430,0.008996404786728363,0.0
6.420001263000017,70,1430,0.0039031215596310176,0.0
6.440000735000012,70,1430,0.0039031215596310176,0.0
6.460000819000015,70,1430,0.003963687529733306,0.0
6.48000060600009,70,1430,0.003963687529733306,0.0
6.50000074400009,70,1430,0.003963687529733306,0.0
6.520000717000016,70,1430,0.003963687529733306,0.0
6.54000067000004,70,1430,0.003963687529733306,0.0
6.560000994000006,70,1430,0.003963687529733306,0.0
6.580000724999991,70,1430,0.003963687529733306,0.0
6.600000994000084,70,1430,0.003963687529733306,0.0
6.620000817999994,70,1430,0.008996404786728363,0.0
6.640000901000008,70,1430,0.008996404786728363,0.0
6.660000799000045,70,1430,0.008996404786728363,0.0
6.680000956000072,70,1430,0.008996404786728363,0.0
6.700000910000085,70,1430,0.008996404786728363,0.0
6.720000826000046,70,1430,0.01391244702028871,0.0
6.740001002000099,70,1430,0.01391244702028871,0.0
6.760000845000036,70,1430,0.009050463455963609,0.0
6.780000854000036,70,1430,0.009050463455963609,0.0
6.800000993000026,70,1430,0.009050463455963609,0.0
6.8200007240000105,70,1430,0.009050463455963609,0.0
6.840000715000087,70,1430,0.009050463455963609,0.0
6.860001168000053,70,1430,0.01391244702028871,0.0
6.880000714000062,70,1430,0.01391244702028871,0.0
6.900001001000078,70,1430,0.01391244702028871,0.0
6.920000918000028,70,1430,0.01391244702028871,0.0
6.940000779000002,70,1430,0.01391244702028871,0.0
6.9600011030000815,70,1430,0.01391244702028871,0.0
6.980000760000053,70,1430,0.01391244702028871,0.0
7.000000825000029,70,1430,0.01391244702028871,0.0
7.02000079700008,70,1430,0.018891507450319978,0.0
7.040001251000035,70,1430,0.018891507450319978,0.0
7.060000649000017,70,1430,0.01894515355880344,0.0
7.080001010000046,70,1430,0.01894515355880344,0.0
7.100001556000052,70,1430,0.01894515355880344,0.0
7.120000972000071,70,1430,0.01894515355880344,0.0
7.140000740999994,70,1430,0.01894515355880344,0.0
7.16000125000005,70,1430,0.024039752010310167,0.0
7.180000815000085,70,1430,0.024039752010310167,0.0
7.200000880000061,70,1430,0.024039752010310167,0.0
7.220000574000096,70,1430,0.023977849301189735,0.0
7.240000880000025,70,1430,0.023977849301189735,0.0
7.260000816000002,70,1430,0.028839841969301006,0.0
7.280000862000065,70,1430,0.028839841969301006,0.0
7.300001094000095,70,1430,0.028839841969301006,0.0
7.320000918000005,70,1430,0.028839841969301006,0.0
7.340000668000016,70,1430,0.028839841969301006,0.0
7.360000974000059,70,1430,0.023977849301189735,0.0
7.380000761000019,70,1430,0.023977849301189735,0.0
7.400000825999996,70,1430,0.023977849301189735,0.0
7.420000965000099,70,1430,0.023977849301189735,0.0
7.440000808000036,70,1430,0.023977849301189735,0.0
7.460000780000087,70,1430,0.028839841969301006,0.0
7.480000956000026,70,1430,0.028839841969301006,-0.00390625
7.500000891000013,70,1430,0.028839841969301006,-0.00390625
7.52000095599999,70,1430,0.023924203192706273,0.0
7.540000984000017,70,1430,0.023924203192706273,0.0
7.560001048999993,70,1430,0.02375391268148519,0.0
7.580001114000083,70,1430,0.02375391268148519,0.0
7.600001105000047,70,1430,0.02375391268148519,0.0
7.620001225999999,70,1430,0.023692462798379665,-0.001953125
7.6400009570000975,70,1430,0.023692462798379665,-0.001953125
7.660000967000087,70,1430,0.023692462798379665,-0.001953125
7.680000921000101,70,1430,0.023692462798379665,0.0
7.700000893000038,70,1430,0.023692462798379665,0.0
7.720000976000051,70,1430,0.01860695563345871,-0.00390625
7.740000764000001,70,1430,0.01860695563345871,-0.00390625
7.760000995000041,70,1430,0.013683140556821627,-0.00390625
7.780001023000068,70,1430,0.013683140556821627,0.0
7.800001051000095,70,1430,0.013683140556821627,0.0
7.820001004999995,70,1430,0.013683140556821627,0.001953125
7.840001070000085,70,1430,0.013683140556821627,0.001953125
7.860000689999993,70,1430,0.013629476233802507,0.001953125
7.880000922000022,70,1430,0.013629476233802507,0.0
7.900000932000012,70,1430,0.013629476233802507,0.0
7.920001034000052,70,1430,0.013568489734296918,0.0
7.940000691000023,70,1430,0.013568489734296918,0.0
7.960000997000066,70,1430,0.013568489734296918,0.0
7.9800007470000764,70,1430,0.013568489734296918,0.0
8.000001349000058,70,1430,0.013568489734296918,0.0
8.02000096900008,70,1430,0.008705268277680034,0.0
8.040001294000035,70,1430,0.008705268277680034,0.0
8.060000876999993,70,1430,0.008705268277680034,0.0
8.08000086800007,70,1430,0.008705268277680034,0.001953125
8.100001211000063,70,1430,0.008705268277680034,0.001953125
8.120001072000036,70,1430,0.013736649183670124,0.0
8.140001100000063,70,1430,0.013736649183670124,0.0
8.16000112800009,70,1430,0.013736649183670124,0.0
8.18000113800008,70,1430,0.013736649183670124,0.0
8.2000079070001,70,1430,0.013736649183670124,0.0
8.220000990000017,70,1430,0.008705268277680034,0.001953125
8.240000741000017,70,1430,0.008705268277680034,0.001953125
8.260000713000068,70,1430,0.013798077483102134,0.001953125
8.280000871000084,70,1430,0.013798077483102134,0.0
8.30000093600006,70,1430,0.013798077483102134,0.0
8.320000778999997,70,1430,0.013798077483102134,0.0
8.340000937000013,70,1430,0.013798077483102134,0.0
8.360000817000014,70,1430,0.0138521545069068,0.0
8.38000110500002,70,1430,0.0138521545069068,0.0
8.400001096000096,70,1430,0.0138521545069068,0.0
8.420000939000033,70,1430,0.003957532223637372,0.0
8.440000856000097,70,1430,0.003957532223637372,0.0
8.460000829000023,70,1430,0.003957532223637372,0.0
8.4800008200001,70,1430,0.003957532223637372,0.0
8.500000885000077,70,1430,0.003957532223637372,0.0
8.520000691000064,70,1430,0.004018529435995788,0.0
8.540000960000043,70,1430,0.004018529435995788,0.0
8.56000089600002,70,1430,0.013913593596754481,0.0
8.580001128000049,70,1430,0.013913593596754481,0.0
8.600001063000036,70,1430,0.013913593596754481,0.0
8.620001091000063,70,1430,0.013913593596754481,0.0
8.640001157000029,70,1430,0.013913593596754481,0.0
8.660000759000013,70,1430,0.013967661442137569,0.0
8.68000075000009,70,1430,0.013967661442137569,0.0
8.700000723000016,70,1430,0.013967661442137569,0.0
8.720000843000093,70,1430,0.013967661442137569,0.0
8.740000890000033,70,1430,0.013967661442137569,0.0
8.760000807000097,70,1430,0.013967661442137569,0.0
8.780001076000076,70,1430,0.013967661442137569,0.0
8.800000993000026,70,1430,0.013967661442137569,0.0
8.82000078100009,70,1430,0.023924203192706273,0.0
8.840001067999992,70,1430,0.023924203192706273,0.0
8.86000070700004,70,1430,0.023924203192706273,0.0
8.88000084700002,70,1430,0.023924203192706273,0.0
8.900001079000049,70,1430,0.023924203192706273,0.0
8.920000848000086,70,1430,0.023924203192706273,0.0
8.940000894000036,70,1430,0.023924203192706273,0.0
8.96000084800005,70,1430,0.023924203192706273,0.0
8.980000988000029,70,1430,0.023924203192706273,0.0
9.000001127000019,70,1430,0.023924203192706273,0.0
9.02000071100008,70,1430,0.014029111325243093,0.0
9.040000998000096,70,1430,0.014029111325243093,0.0
9.060000897000009,70,1430,0.014029111325243093,0.0
9.080000999000049,70,1430,0.014029111325243093,0.0
9.100001120000002,70,1430,0.014029111325243093,0.0
9.120001204000005,70,1430,0.023924203192706273,0.0
9.140000880000002,70,1430,0.023924203192706273,0.0
9.160000705000016,70,1430,0.023862311357333965,0.0
9.180000807000056,70,1430,0.023862311357333965,0.0
9.200000724000006,70,1430,0.023862311357333965,0.0
9.220001105000051,70,1430,0.023862311357333965,0.0
9.240000929000075,70,1430,0.023862311357333965,0.0
9.260000754000089,70,1430,0.023862311357333965,0.0
9.280000746000042,70,1430,0.023862311357333965,0.0
9.300000811000018,70,1430,0.023862311357333965,0.0
9.320000932000085,70,1430,0.013913593596754481,0.0
9.340000646000021,70,1430,0.013913593596754481,0.0
9.36000110000009,70,1430,0.013913593596754481,0.0
9.38000085100009,70,1430,0.013913593596754481,0.0
9.400001361000022,70,1430,0.013913593596754481,0.0
9.42000126000005,70,1430,0.013913593596754481,0.0
9.440000862000034,70,1430,0.013913593596754481,0.0
9.460000909000087,70,1430,0.013913593596754481,0.0
9.480000827000026,70,1430,0.013913593596754481,0.0
9.500001059000056,70,1430,0.013913593596754481,0.0
9.520000865000043,70,1430,0.0138521545069068,0.0
9.54000093000002,70,1430,0.0138521545069068,0.0
9.560000848000072,70,1430,0.0138521545069068,0.0
9.580000858000062,70,1430,0.0138521545069068,0.0
9.600000923000039,70,1430,0.0138521545069068,0.0
9.620000804000028,70,1430,0.0138521545069068,0.0
9.640000702000066,70,1430,0.0138521545069068,0.0
9.66000137900005,70,1430,0.0138521545069068,0.0
9.680000778000021,70,1430,0.0138521545069068,0.0
9.700000936000038,70,1430,0.0138521545069068,0.0
9.720001001000014,70,1430,0.013798077483102134,0.0
9.740001104000044,70,1430,0.013798077483102134,0.0
9.760000966000007,70,1430,0.013798077483102134,0.0
9.780000957000084,70,1430,0.013798077483102134,0.0
9.800001356000053,70,1430,0.013798077483102134,0.0
9.820001014000013,70,1430,0.013736649183670124,0.0
9.840000672000087,70,1430,0.013736649183670124,0.0
9.86000105200003,70,1430,0.013736649183670124,0.0
9.88000080300003,70,1430,0.013736649183670124,0.0
9.900000887000033,70,1430,0.013736649183670124,0.0
9.920001027000012,70,1430,0.013736649183670124,0.0
9.940001148000079,70,1430,0.013736649183670124,0.0
9.960000861000026,70,1430,0.013736649183670124,0.0
9.980001019000042,70,1430,0.013736649183670124,0.0
10.000001252000061,110,1405.0,0.013736649183670124,0.0
10.020000836000008,110,1390.0,0.013736649183670124,0.0
10.040001068000038,110,1390.0,0.013736649183670124,0.0
10.060000689000049,110,1390.0,0.02363124075873202,0.0
10.080000773000052,110,1390.0,0.02363124075873202,0.001953125
10.10000117200002,110,1390.0,0.02363124075873202,0.001953125
10.120001515000013,110,1390.0,0.02855634142258623,0.00390625
10.14000106200001,110,1390.0,0.02855634142258623,0.00390625
10.160001090000037,110,1390.0,0.04421180739436181,0.00390625
10.18000100800009,110,1390.0,0.04421180739436181,0.00390625
10.200001369999995,110,1390.0,0.04421180739436181,0.00390625
10.220001177000086,110,1390.0,0.059475885129671724,-0.001953125
10.240001335000102,110,1390.0,0.059475885129671724,-0.001953125
10.260000716000036,110,1390.0,0.05891548561473314,-0.001953125
10.280000874000052,110,1390.0,0.05891548561473314,0.001953125
10.300000847000092,110,1390.0,0.05891548561473314,0.001953125
10.320000913000058,110,1390.0,0.07411235644181602,0.0
10.34000103400001,110,1390.0,0.07411235644181602,0.0
10.360000730000024,110,1390.0,0.09406924628686397,0.0
10.380000740000014,110,1390.0,0.09406924628686397,-0.001953125
10.40000063900004,110,1390.0,0.09406924628686397,-0.001953125
10.42000087100007,110,1390.0,0.10340776642240712,0.0
10.440001067000026,110,1390.0,0.10340776642240712,0.0
10.46000085500009,110,1390.0,0.113470200193035,0.0
10.48000099400008,110,1390.0,0.113470200193035,0.001953125
10.500001005000058,110,1390.0,0.113470200193035,0.001953125
10.520000682000045,110,1390.0,0.1335251140297089,-0.001953125
10.540000840000062,110,1390.0,0.1335251140297089,-0.001953125
10.560000832000014,110,1390.0,0.14286804874691938,-0.001953125
10.58000095300008,110,1390.0,0.14286804874691938,0.0
10.600001204000023,110,1390.0,0.14286804874691938,0.0
10.620000621000031,110,1390.0,0.14782942611398653,0.0
10.640001095000002,110,1390.0,0.14782942611398653,0.0
10.660000846000003,110,1390.0,0.16795046998620933,0.0
10.680000930000006,110,1390.0,0.16795046998620933,-0.001953125
10.700001051000072,110,1390.0,0.16795046998620933,-0.001953125
10.720000784000035,110,1390.0,0.17243322835756203,0.001953125
10.740000942000052,110,1390.0,0.17243322835756203,0.001953125
10.760000841000078,110,1390.0,0.17722756645514437,0.001953125
10.780000703000042,110,1390.0,0.17722756645514437,0.0
10.80000106500006,110,1390.0,0.17722756645514437,0.0
10.820001223000077,110,1390.0,0.18258784798715055,-0.00390625
10.84000099299999,110,1390.0,0.18258784798715055,-0.00390625
10.860000725000077,110,1390.0,0.18707362101312697,-0.00390625
10.880000921000033,110,1390.0,0.18707362101312697,0.001953125
10.900000931000022,110,1390.0,0.18707362101312697,0.001953125
10.920000811000023,110,1390.0,0.19210342194415375,0.0
10.940001284999994,110,1390.0,0.19210342194415375,0.0
10.960000813000079,110,1390.0,0.19729800022577137,0.0
10.980000805000032,110,1390.0,0.19729800022577137,0.00390625
11.000000852000085,110,1390.0,0.19729800022577137,0.00390625
11.020000900000014,110,1390.0,0.2070279805369637,-0.001953125
11.040000706,110,1390.0,0.2070279805369637,-0.001953125
11.060000827000067,110,1390.0,0.2118210029125578,-0.001953125
11.080000708000057,110,1390.0,0.2118210029125578,0.00390625
11.100001218000102,110,1390.0,0.2118210029125578,0.00390625
11.120000932000039,110,1390.0,0.22690893019941427,-0.00390625
11.14000068300004,110,1390.0,0.22690893019941427,-0.00390625
11.160000803999992,110,1390.0,0.22653366598896696,-0.00390625
11.180000704000008,110,1390.0,0.22653366598896696,-0.001953125
11.200000622000061,110,1390.0,0.22653366598896696,-0.001953125
11.220000873000004,110,1390.0,0.23132669674916428,0.0
11.24000073500008,110,1390.0,0.23132669674916428,0.0
11.260000801000047,110,1390.0,0.2364722844403957,0.0
11.280000904000076,110,1390.0,0.2364722844403957,-0.001953125
11.300001044000055,110,1390.0,0.2364722844403957,-0.001953125
11.320000721000042,110,1390.0,0.24150112657849832,0.00390625
11.340000843000098,110,1390.0,0.24150112657849832,0.00390625
11.360000909000064,110,1390.0,0.24641326167929378,0.00390625
11.380000993000067,110,1390.0,0.24641326167929378,-0.00390625
11.40000081900007,110,1390.0,0.24641326167929378,-0.00390625
11.420000959000049,110,1390.0,0.2415478221968499,-0.00390625
11.440000877000102,110,1390.0,0.2415478221968499,-0.00390625
11.460000776000015,110,1390.0,0.24142740681247687,-0.00390625
11.480000861000008,110,1390.0,0.24142740681247687,0.0
11.500000760000034,110,1390.0,0.24142740681247687,0.0
11.520000881000101,110,1390.0,0.24624696913573985,-0.00390625
11.54000070699999,110,1390.0,0.24624696913573985,-0.00390625
11.56000103200006,110,1390.0,0.2461732623081616,-0.00390625
11.580000765000023,110,1390.0,0.2461732623081616,0.0
11.600000720000025,110,1390.0,0.2461732623081616,0.0
11.620000712000092,110,1390.0,0.24601157632542936,0.005859375
11.640000907000058,110,1390.0,0.24601157632542936,0.005859375
11.6600009550001,110,1390.0,0.25103953604548224,0.005859375
11.68000078,110,1390.0,0.25103953604548224,-0.001953125
11.70000110500007,110,1390.0,0.25103953604548224,-0.001953125
11.72000098600006,110,1390.0,0.2560674828304741,0.001953125
11.740000793000036,110,1390.0,0.2560674828304741,0.001953125
11.760000877000039,110,1390.0,0.26109541660304103,0.0
11.780000777000055,110,1390.0,0.26109541660304103,0.0
11.800001176000023,110,1390.0,0.26109541660304103,0.0
11.82000081600006,110,1390.0,0.26591622655811875,0.0
11.840001123000093,110,1390.0,0.26591622655811875,0.0
11.860000874000093,110,1390.0,0.26607745240517033,0.0
11.880001033000099,110,1390.0,0.26607745240517033,0.0
11.900000728000009,110,1390.0,0.26607745240517033,0.0
11.92000116500003,110,1390.0,0.27573583265115076,-0.001953125
11.940000786000041,110,1390.0,0.27573583265115076,-0.001953125
11.960000852000007,110,1390.0,0.2705887241451137,0.0
11.980000826000037,110,1390.0,0.2705887241451137,0.0
12.000000892000003,110,1390.0,0.2705887241451137,0.0
12.020000772999992,110,1390.0,0.2756157627399318,-0.001953125
12.040001060999998,110,1390.0,0.2756157627399318,-0.001953125
12.060000664000086,110,1390.0,0.2754558477402327,0.0
12.080000804000065,110,1390.0,0.2754558477402327,0.0
12.100001500000076,110,1390.0,0.2754558477402327,0.0
12.12000132500009,110,1390.0,0.2754111876080856,0.00390625
12.140000539000084,110,1390.0,0.2754111876080856,0.00390625
12.16000082700009,110,1390.0,0.28036323537617136,0.0
12.18000052299999,110,1390.0,0.28036323537617136,0.0
12.200000701000022,110,1390.0,0.28036323537617136,0.0
12.22000132200003,110,1390.0,0.28020418234237354,-0.001953125
12.240000852000094,110,1390.0,0.28020418234237354,-0.001953125
12.260000676999994,110,1390.0,0.2852307800092717,0.001953125
12.280001077000065,110,1390.0,0.2852307800092717,0.001953125
12.300000884000042,110,1390.0,0.2852307800092717,0.001953125
12.320000820000018,110,1390.0,0.2953598084673956,-0.001953125
12.3400009610001,110,1390.0,0.2953598084673956,-0.001953125
12.360000712000101,110,1390.0,0.29041639116212536,-0.001953125
12.380000705000043,110,1390.0,0.29041639116212536,-0.001953125
12.400000956000099,110,1390.0,0.29041639116212536,-0.001953125
12.420001207000041,110,1390.0,0.2952839357952257,-0.001953125
12.440001033000044,110,1390.0,0.2952839357952257,-0.001953125
12.46000093300006,110,1390.0,0.2952396815955751,0.0
12.480001091000076,110,1390.0,0.2952396815955751,0.0
12.500001010000005,110,1390.0,0.2952396815955751,0.0
12.520000835000019,110,1390.0,0.2954429491265671,0.001953125
12.540000679000059,110,1390.0,0.2954429491265671,0.001953125
12.56000089400004,110,1390.0,0.29041639116212536,0.0
12.58000090400003,110,1390.0,0.29041639116212536,0.0
12.600000859000033,110,1390.0,0.29041639116212536,0.0
12.620001074000015,110,1390.0,0.28047720160159884,0.00390625
12.640001103000031,110,1390.0,0.28047720160159884,0.00390625
12.660000873000058,110,1390.0,0.28047720160159884,0.00390625
12.68000112499999,110,1390.0,0.28047720160159884,0.00390625
12.70000106100008,110,1390.0,0.28047720160159884,0.00390625
12.720000701999993,110,1390.0,0.28052228284195735,0.0
12.740000785999996,110,1390.0,0.28052228284195735,0.0
12.760000927000078,110,1390.0,0.2756547534567346,-0.001953125
12.780001123000034,110,1390.0,0.2756547534567346,-0.001953125
12.800001318,110,1390.0,0.2706281689466721,-0.001953125
12.820001181000066,110,1390.0,0.2706281689466721,-0.001953125
12.840001228999995,110,1390.0,0.2706281689466721,-0.001953125
12.860000999000022,110,1390.0,0.2754506170915363,0.001953125
12.880000917000075,110,1390.0,0.2754506170915363,0.001953125
12.900000687000102,110,1390.0,0.2706281689466721,0.001953125
12.920000661000017,110,1390.0,0.2706281689466721,0.005859375
12.940001005,110,1390.0,0.2706281689466721,0.005859375
12.96000084900004,110,1390.0,0.2756157627399318,-0.00390625
12.980000969999992,110,1390.0,0.2756157627399318,-0.00390625
13.000000907000071,110,1390.0,0.2754558477402327,-0.00390625
13.02000143600003,110,1390.0,0.2754558477402327,-0.001953125
13.040000688000077,110,1390.0,0.2754558477402327,-0.001953125
13.06000081000002,110,1390.0,0.2704287960625038,0.001953125
13.080000765000023,110,1390.0,0.2704287960625038,0.001953125
13.100001331000044,110,1390.0,0.27066328712686527,0.001953125
13.120001008000031,110,1390.0,0.27066328712686527,0.001953125
13.140000927000074,110,1390.0,0.27066328712686527,0.001953125
13.160001141000066,110,1390.0,0.27564963933537,0.0
13.180000782000093,110,1390.0,0.27564963933537,0.0
13.200000810999995,110,1390.0,0.27541428838190996,0.0
13.220000804000051,110,1390.0,0.27541428838190996,0.0
13.240000796000004,110,1390.0,0.27541428838190996,0.0
13.260000974000036,110,1390.0,0.2806775600180913,0.001953125
13.2800006330001,110,1390.0,0.2806775600180913,0.001953125
13.300001014000031,110,1390.0,0.29057218533475293,0.001953125
13.320001007000087,110,1390.0,0.29057218533475293,0.0
13.340001055000016,110,1390.0,0.29057218533475293,0.0
13.360000899000056,110,1390.0,0.29543891065065964,0.00390625
13.380000965000022,110,1390.0,0.29543891065065964,0.00390625
13.400001032000091,110,1390.0,0.29560007960569123,0.00390625
13.420000839000068,110,1390.0,0.29560007960569123,-0.001953125
13.440000757999996,110,1390.0,0.29560007960569123,-0.001953125
13.460001232000081,110,1390.0,0.30034904843370214,0.0
13.480000817000018,110,1390.0,0.30034904843370214,0.0
13.500000642000032,110,1390.0,0.30051062325867406,0.0
13.520000727000024,110,1390.0,0.30051062325867406,0.001953125
13.54000088700002,110,1390.0,0.30051062325867406,0.001953125
13.560001026999998,110,1390.0,0.3054528553322484,0.001953125
13.580000890000065,110,1390.0,0.3054528553322484,0.001953125
13.600000642000055,110,1390.0,0.31052457508098996,0.001953125
13.6200010230001,110,1390.0,0.31052457508098996,0.0
13.640000997000016,110,1390.0,0.31052457508098996,0.0
13.660001193000085,110,1390.0,0.3054528553322484,-0.001953125
13.680000871000061,110,1390.0,0.3054528553322484,-0.001953125
13.700000715000101,110,1390.0,0.30549625298246497,-0.001953125
13.72000066999999,110,1390.0,0.30549625298246497,0.001953125
13.740001089000089,110,1390.0,0.30549625298246497,0.001953125
13.760000711000089,110,1390.0,0.3054528553322484,0.0
13.780000833000031,110,1390.0,0.3054528553322484,0.0
13.800001177000013,110,1390.0,0.3004679175584499,0.0
13.820001077000029,110,1390.0,0.3004679175584499,-0.00390625
13.840000809999992,110,1390.0,0.3004679175584499,-0.00390625
13.860000914000011,110,1390.0,0.2954395688863656,0.0
13.880000666,110,1390.0,0.2954395688863656,0.0
13.900001029000009,110,1390.0,0.29560201135677744,0.0
13.920000817000073,110,1390.0,0.29560201135677744,0.0
13.940000921000092,110,1390.0,0.29560201135677744,0.0
13.960000710000031,110,1390.0,0.29085581394440396,0.001953125
13.98000085000001,110,1390.0,0.29085581394440396,0.001953125
14.00000104600008,110,1390.0,0.2909313119185981,0.001953125
14.020001057000059,110,1390.0,0.2909313119185981,-0.00390625
14.040000939000038,110,1390.0,0.2909313119185981,-0.00390625
14.06000093099999,110,1390.0,0.2858270240383547,0.00390625
14.080000794000057,110,1390.0,0.2858270240383547,0.00390625
14.100001231000078,110,1390.0,0.2909313119185981,0.00390625
14.120001242000058,110,1390.0,0.2909313119185981,-0.001953125
14.140000994000047,110,1390.0,0.2909313119185981,-0.001953125
14.160001005000026,110,1390.0,0.28590208070113476,-0.001953125
14.180000979000056,110,1390.0,0.28590208070113476,-0.001953125
14.200001045000022,110,1390.0,0.2909755210355627,-0.001953125
14.220001260000004,110,1390.0,0.2909755210355627,0.001953125
14.240000846000044,110,1390.0,0.2909755210355627,0.001953125
14.26000087500006,110,1390.0,0.2861104560559511,0.001953125
14.280001109000068,110,1390.0,0.2861104560559511,0.001953125
14.300000750000095,110,1390.0,0.2909313119185981,0.001953125
14.320000854,110,1390.0,0.2909313119185981,0.0
14.34000082800003,110,1390.0,0.2909313119185981,0.0
14.360001097999998,110,1390.0,0.28606583383887596,0.001953125
14.38000101700004,110,1390.0,0.28606583383887596,0.001953125
14.400000787000067,110,1390.0,0.2910191125191659,0.001953125
14.420001150000076,110,1390.0,0.2910191125191659,-0.001953125
14.440000884000028,110,1390.0,0.2910191125191659,-0.001953125
14.460001080000097,110,1390.0,0.2812003633382574,-0.001953125
14.48000098,110,1390.0,0.2812003633382574,-0.001953125
14.500000918000069,110,1390.0,0.2810366026214126,-0.001953125
14.520001058000048,110,1390.0,0.2810366026214126,0.001953125
14.540000866000014,110,1390.0,0.2810366026214126,0.001953125
14.560000655000067,110,1390.0,0.2762161674361039,-0.001953125
14.580000981000012,110,1390.0,0.2762161674361039,-0.001953125
14.600001103000068,110,1390.0,0.2761266088915022,-0.001953125
14.620000596000068,110,1390.0,0.2761266088915022,-0.001953125
14.640001089000066,110,1390.0,0.2761266088915022,-0.001953125
14.660000822000029,110,1390.0,0.2761266088915022,0.001953125
14.680000704000008,110,1390.0,0.2761266088915022,0.001953125
14.70000091899999,110,1390.0,0.2811562946789081,0.001953125
14.720000652000067,110,1390.0,0.2811562946789081,0.0
14.740000960000089,110,1390.0,0.2811562946789081,0.0
14.760000915000091,110,1390.0,0.2811562946789081,-0.00390625
14.780000741000094,110,1390.0,0.2811562946789081,-0.00390625
14.800000790000013,110,1390.0,0.2812009093187555,-0.00390625
14.820001079000008,110,1390.0,0.2812009093187555,-0.001953125
14.840000775000021,110,1390.0,0.2812009093187555,-0.001953125
14.860000731000014,110,1390.0,0.2810358754809954,0.001953125
14.88000085300007,110,1390.0,0.2810358754809954,0.001953125
14.900001031000102,110,1390.0,0.2861406442898726,0.001953125
14.920000968000068,110,1390.0,0.2861406442898726,0.0
14.94000096100001,110,1390.0,0.2861406442898726,0.0
14.96000093500004,110,1390.0,0.2910053037446687,0.0
14.980000965000045,110,1390.0,0.2910053037446687,0.0
15.000000680000085,110,1390.0,0.2911707583624832,0.0
15.020001320999995,110,1390.0,0.2911707583624832,0.0
15.040001091000022,110,1390.0,0.2911707583624832,0.0
15.060000954000088,110,1390.0,0.29109523387467107,0.0
15.080000965000067,110,1390.0,0.29109523387467107,0.0
15.100001662000068,110,1390.0,0.29109523387467107,0.0
15.120001117000015,110,1390.0,0.29109523387467107,0.0
15.140000906000068,110,1390.0,0.29109523387467107,0.0
15.160000918000037,110,1390.0,0.2961248932224123,-0.001953125
15.18000087400003,110,1390.0,0.2961248932224123,-0.001953125
15.200000922000072,110,1390.0,0.29109523387467107,-0.001953125
15.220001489000083,110,1390.0,0.29109523387467107,0.00390625
15.2400012600001,110,1390.0,0.29109523387467107,0.00390625
15.260001160000002,110,1390.0,0.2962898872845301,0.0
15.280000820000055,110,1390.0,0.2962898872845301,0.0
15.300000905000047,110,1390.0,0.29126024127282335,0.0
15.320001195000032,110,1390.0,0.29126024127282335,-0.001953125
15.340001002000008,110,1390.0,0.29126024127282335,-0.001953125
15.360000847000038,110,1390.0,0.291336207223452,0.001953125
15.380000951000056,110,1390.0,0.291336207223452,0.001953125
15.400000685000009,110,1390.0,0.2914252429102362,0.001953125
15.420001363000097,110,1390.0,0.2914252429102362,-0.001953125
15.440001041000073,110,1390.0,0.2914252429102362,-0.001953125
15.460000701000013,110,1390.0,0.29138021524229885,-0.001953125
15.480000990000008,110,1390.0,0.29138021524229885,-0.001953125
15.500001020000013,110,1390.0,0.2962452726446827,-0.001953125
15.52000101300007,110,1390.0,0.2962452726446827,-0.00390625
15.540000839000072,110,1390.0,0.2962452726446827,-0.00390625
15.560000740000078,110,1390.0,0.29616887864821706,0.00390625
15.58000073300002,110,1390.0,0.29616887864821706,0.00390625
15.600001096000028,110,1390.0,0.29612425643114193,0.00390625
15.620001032999994,110,1390.0,0.29612425643114193,0.001953125
15.640000786000087,110,1390.0,0.29612425643114193,0.001953125
15.66000068599999,110,1390.0,0.2962879771504845,-0.00390625
15.680000975000098,110,1390.0,0.2962879771504845,-0.00390625
15.700000672000101,110,1390.0,0.2911824053440455,-0.00390625
15.720000665000043,110,1390.0,0.2911824053440455,0.0
15.740000973000065,110,1390.0,0.2911824053440455,0.0
15.760000929000057,110,1390.0,0.29106099519938766,0.0
15.78000088500005,110,1390.0,0.29106099519938766,0.0
15.800001192000082,110,1390.0,0.29106099519938766,0.0
15.82000098200001,110,1390.0,0.29106099519938766,0.001953125
15.840001067000003,110,1390.0,0.29106099519938766,0.001953125
15.860000967000019,110,1390.0,0.2908539193925037,-0.001953125
15.880000812000048,110,1390.0,0.2908539193925037,-0.001953125
15.90000067599999,110,1390.0,0.2858702213458173,-0.001953125
15.920000928000036,110,1390.0,0.2858702213458173,-0.00390625
15.940000902000065,110,1390.0,0.2858702213458173,-0.00390625
15.960000951000097,110,1390.0,0.2810043376768476,0.001953125
15.9800007770001,110,1390.0,0.2810043376768476,0.001953125
16.00000078900007,110,1390.0,0.2810043376768476,0.001953125
16.020000744000072,110,1390.0,0.2810043376768476,0.0
16.040000830000054,110,1390.0,0.2810043376768476,0.0
16.060000822999996,110,1390.0,0.2811213332307432,0.0
16.080000853,110,1390.0,0.2811213332307432,0.0
16.10000117900006,110,1390.0,0.28088381558646347,0.0
16.120001117000015,110,1390.0,0.28088381558646347,-0.00390625
16.140001387000098,110,1390.0,0.28088381558646347,-0.00390625
16.160001177000026,110,1390.0,0.28088381558646347,-0.001953125
16.180001059000006,110,1390.0,0.28088381558646347,-0.001953125
16.20000118200005,110,1390.0,0.2758559080709517,-0.001953125
16.220001045000004,110,1390.0,0.2758559080709517,-0.001953125
16.240000871999996,110,1390.0,0.2758559080709517,-0.001953125
16.26000079100004,110,1390.0,0.2758559080709517,0.00390625
16.280000932000007,110,1390.0,0.2758559080709517,0.00390625
16.300000648000037,110,1390.0,0.27613846165917266,0.00390625
16.320000771000082,110,1390.0,0.27613846165917266,0.00390625
16.3400008750001,110,1390.0,0.27613846165917266,0.00390625
16.36000088700007,110,1390.0,0.27613846165917266,0.001953125
16.380001121000078,110,1390.0,0.27613846165917266,0.001953125
16.400001262000046,110,1390.0,0.2812427230362857,0.001953125
16.420000885000036,110,1390.0,0.2812427230362857,-0.001953125
16.440001119000044,110,1390.0,0.2812427230362857,-0.001953125
16.460001038000087,110,1390.0,0.2762139463817732,0.0
16.48000077200004,110,1390.0,0.2762139463817732,0.0
16.50000095000007,110,1390.0,0.2811667970831593,0.0
16.520000721000088,110,1390.0,0.2811667970831593,0.001953125
16.54000097400001,110,1390.0,0.2811667970831593,0.001953125
16.560000633000072,110,1390.0,0.2811667970831593,0.001953125
16.580000830000017,110,1390.0,0.2811667970831593,0.001953125
16.600001157000065,110,1390.0,0.2763768547399934,0.001953125
16.62000131700006,110,1390.0,0.2763768547399934,0.001953125
16.640001143000063,110,1390.0,0.2763768547399934,0.001953125
16.66000069200004,110,1390.0,0.27127259336288034,0.001953125
16.680000926000048,110,1390.0,0.27127259336288034,0.001953125
16.700000808000027,110,1390.0,0.27609299780672814,0.001953125
16.720000875000096,110,1390.0,0.27609299780672814,0.00390625
16.740001054000004,110,1390.0,0.27609299780672814,0.00390625
16.76000104700006,110,1390.0,0.2811213332307432,0.00390625
16.780000836,110,1390.0,0.2811213332307432,0.00390625
16.800000682000018,110,1390.0,0.28607330155207933,0.00390625
16.82000086000005,110,1390.0,0.28607330155207933,0.005859375
16.84000109400006,110,1390.0,0.28607330155207933,0.005859375
16.860000882999998,110,1390.0,0.2812070200211849,0.0
16.880001099000083,110,1390.0,0.2812070200211849,0.0
16.900001055000075,110,1390.0,0.2809240497216763,0.0
16.920000974000004,110,1390.0,0.2809240497216763,0.001953125
16.94000100400001,110,1390.0,0.2809240497216763,0.001953125
16.96000096099999,110,1390.0,0.2809240497216763,0.0
16.980001009000034,110,1390.0,0.2809240497216763,0.0
17.000000706000037,110,1390.0,0.28602782997626264,0.0
17.020000811000045,110,1390.0,0.28602782997626264,-0.001953125
17.04000084100005,110,1390.0,0.28602782997626264,-0.001953125
17.060000871000057,110,1390.0,0.28602782997626264,0.00390625
17.080000642000073,110,1390.0,0.28602782997626264,0.00390625
17.10000139400006,110,1390.0,0.28607330155207933,0.00390625
17.120001536000018,110,1390.0,0.28607330155207933,0.0
17.140000844000042,110,1390.0,0.28607330155207933,0.0
17.16000068900007,110,1390.0,0.28607330155207933,-0.001953125
17.18000083100003,110,1390.0,0.28607330155207933,-0.001953125
17.200001028000088,110,1390.0,0.2812070200211849,-0.001953125
17.220001002999993,110,1390.0,0.2812070200211849,-0.001953125
17.24000120000005,110,1390.0,0.2812070200211849,-0.001953125
17.260000971000068,110,1390.0,0.2812070200211849,-0.001953125
17.28000083500001,110,1390.0,0.2812070200211849,-0.001953125
17.300000847000092,110,1390.0,0.2809240497216763,-0.001953125
17.32000076600002,110,1390.0,0.2809240497216763,0.001953125
17.340000926000016,110,1390.0,0.2809240497216763,0.001953125
17.36000092000006,110,1390.0,0.28108479476273374,0.0
17.380000784000003,110,1390.0,0.28108479476273374,0.0
17.400000666000096,110,1390.0,0.27605735488597816,0.0
17.420001178000007,110,1390.0,0.27605735488597816,-0.001953125
17.44000087500001,110,1390.0,0.27605735488597816,-0.001953125
17.460000869000055,110,1390.0,0.2758965965264508,0.001953125
17.48000076900007,110,1390.0,0.2758965965264508,0.001953125
17.500000948000093,110,1390.0,0.27585111722527245,0.001953125
17.520001108000088,110,1390.0,0.27585111722527245,0.001953125
17.54000093500008,110,1390.0,0.27585111722527245,0.001953125
17.560000762000072,110,1390.0,0.27601146220979444,0.0
17.58000086600009,110,1390.0,0.27601146220979444,0.0
17.600001119000012,110,1390.0,0.270984009014569,0.0
17.620001242000058,110,1390.0,0.270984009014569,-0.001953125
17.640000921000023,110,1390.0,0.270984009014569,-0.001953125
17.660000932999992,110,1390.0,0.2710299016907527,0.00390625
17.68000066700006,110,1390.0,0.2710299016907527,0.00390625
17.700000938000017,110,1390.0,0.2758965965264508,0.00390625
17.72000109800001,110,1390.0,0.2758965965264508,0.00390625
17.740001129000007,110,1390.0,0.2758965965264508,0.00390625
17.760000937000086,110,1390.0,0.2759720547563802,0.0
17.780001079000044,110,1390.0,0.2759720547563802,0.0
17.80000075700002,110,1390.0,0.26612333728579074,0.0
17.82000119500003,110,1390.0,0.26612333728579074,0.001953125
17.840000763000035,110,1390.0,0.26612333728579074,0.001953125
17.86000070099999,110,1390.0,0.26612333728579074,0.0
17.880000916000085,110,1390.0,0.26612333728579074,0.0
17.900000836000004,110,1390.0,0.26109541660304103,0.0
17.920000791999996,110,1390.0,0.26109541660304103,0.0
17.94000104500003,110,1390.0,0.26109541660304103,0.0
17.96000066800002,110,1390.0,0.26612333728579074,-0.00390625
17.980000958000005,110,1390.0,0.26612333728579074,-0.00390625
18.000001136000037,110,1390.0,0.26612333728579074,-0.00390625
18.02000096300003,110,1390.0,0.26612333728579074,-0.001953125
18.040000993000035,110,1390.0,0.26612333728579074,-0.001953125
18.060000654000078,110,1390.0,0.26133209386645717,0.001953125
18.08000099900005,110,1390.0,0.26133209386645717,0.001953125
18.100001381000084,110,1390.0,0.2663604425385415,0.001953125
18.12000119000004,110,1390.0,0.2663604425385415,-0.001953125
18.14000094200003,110,1390.0,0.2663604425385415,-0.001953125
18.160001047000037,110,1390.0,0.2663604425385415,0.001953125
18.18000096600008,110,1390.0,0.2663604425385415,0.001953125
18.200000997000075,110,1390.0,0.2711512448013025,0.0
18.220000861000017,110,1390.0,0.2711512448013025,0.0
18.240000799000086,110,1390.0,0.2711512448013025,0.0
18.260001034000084,110,1390.0,0.2711512448013025,0.001953125
18.280000991000065,110,1390.0,0.2711512448013025,0.001953125
18.300001225000074,110,1390.0,0.2711512448013025,0.001953125
18.32000086700009,110,1390.0,0.2711512448013025,0.001953125
18.340000637999992,110,1390.0,0.2711512448013025,0.001953125
18.360001113000067,110,1390.0,0.2711512448013025,0.001953125
18.38000084800001,110,1390.0,0.2711512448013025,0.001953125
18.400000712000065,110,1390.0,0.27625505169984876,-0.001953125
18.420001076000062,110,1390.0,0.27625505169984876,-0.001953125
18.44000086599999,110,1390.0,0.27625505169984876,-0.001953125
18.460000766999997,110,1390.0,0.2760175263321969,0.0
18.48000081600003,110,1390.0,0.2760175263321969,0.0
18.500000940000064,110,1390.0,0.2811213332307432,0.0
18.520001062999995,110,1390.0,0.2811213332307432,0.0
18.540000983000027,110,1390.0,0.2811213332307432,0.0
18.56000081000002,110,1390.0,0.28128337379837376,0.0
18.580000840000025,110,1390.0,0.28128337379837376,0.0
18.60000070500007,110,1390.0,0.2811213332307432,0.00390625
18.620001013000092,110,1390.0,0.2811213332307432,0.00390625
18.64000102500006,110,1390.0,0.2811213332307432,0.00390625
18.66000090800003,110,1390.0,0.2811213332307432,-0.001953125
18.68000099400001,110,1390.0,0.2811213332307432,-0.001953125
18.700001079999993,110,1390.0,0.28614965532926817,0.0
18.720000833000086,110,1390.0,0.28614965532926817,0.0
18.740000920000057,110,1390.0,0.28614965532926817,0.0
18.76000109900008,110,1390.0,0.28128337379837376,0.0
18.78000079600008,110,1390.0,0.28128337379837376,0.0
18.800001216000055,110,1390.0,0.2811213332307432,0.001953125
18.820000839000045,110,1390.0,0.2811213332307432,0.001953125
18.84000090699999,110,1390.0,0.2811213332307432,0.001953125
18.86000097400006,110,1390.0,0.2811213332307432,0.001953125
18.880000783000014,110,1390.0,0.2811213332307432,0.001953125
18.900001110000062,110,1390.0,0.2811213332307432,0.0
18.920000789000028,110,1390.0,0.2811213332307432,0.0
18.940000800999996,110,1390.0,0.2811213332307432,0.0
18.96000072100003,110,1390.0,0.2811667970831593,0.001953125
18.980000826000037,110,1390.0,0.2811667970831593,0.001953125
19.000000930000056,110,1390.0,0.2811667970831593,0.001953125
19.020000869,110,1390.0,0.2811667970831593,0.001953125
19.04000110300001,110,1390.0,0.2811667970831593,0.001953125
19.060000948000038,110,1390.0,0.2861951191816843,0.0
19.08000073800008,110,1390.0,0.2861951191816843,0.0
19.100001380000094,110,1390.0,0.2811667970831593,-0.001953125
19.120001393000052,110,1390.0,0.2811667970831593,-0.001953125
19.140000738000026,110,1390.0,0.2811667970831593,-0.001953125
19.160001065000074,110,1390.0,0.2861085990539607,-0.001953125
19.180000633000077,110,1390.0,0.2861085990539607,-0.001953125
19.2000006830001,110,1390.0,0.2861536420185473,-0.00390625
19.220001306000086,110,1390.0,0.2861536420185473,-0.00390625
19.24000087400009,110,1390.0,0.2861536420185473,-0.00390625
19.260000719999994,110,1390.0,0.29109505180124984,0.0
19.280000992000055,110,1390.0,0.29109505180124984,0.0
19.30000080100001,110,1390.0,0.2960806916125591,0.0
19.320000832000005,110,1390.0,0.2960806916125591,0.0
19.340000992,110,1390.0,0.2960806916125591,0.0
19.360001431,110,1390.0,0.3011545392341475,0.001953125
19.380000924,110,1390.0,0.3011545392341475,0.001953125
19.400001233000012,110,1390.0,0.2961248932224123,-0.00390625
19.420001098000057,110,1390.0,0.2961248932224123,-0.00390625
19.440001073000076,110,1390.0,0.2961248932224123,-0.00390625
19.46000075200004,110,1390.0,0.30601919868894356,-0.001953125
19.480001042000026,110,1390.0,0.30601919868894356,-0.001953125
19.500000888000045,110,1390.0,0.3009895526772084,0.001953125
19.52000101200008,110,1390.0,0.3009895526772084,0.001953125
19.54000100600001,110,1390.0,0.3062610206981162,0.001953125
19.560001055000043,110,1390.0,0.3062610206981162,0.001953125
19.58000104900009,110,1390.0,0.3062610206981162,0.001953125
19.600000821000094,110,1390.0,0.3063052148027907,0.0
19.62000098100009,110,1390.0,0.3063052148027907,0.0
19.640000735000058,110,1390.0,0.30609560609886444,0.0
19.660001117000093,110,1390.0,0.30609560609886444,0.001953125
19.68000087100006,110,1390.0,0.30609560609886444,0.001953125
19.700000864999993,110,1390.0,0.3063052148027907,-0.001953125
19.720000877000075,110,1390.0,0.3063052148027907,-0.001953125
19.74000081500003,110,1390.0,0.3012309466440968,-0.001953125
19.760000939000065,110,1390.0,0.3012309466440968,0.001953125
19.780000822000034,110,1390.0,0.3012309466440968,0.001953125
19.800001205000058,110,1390.0,0.30127514074877126,0.005859375
19.82000081000001,110,1390.0,0.30127514074877126,0.005859375
19.840000970000006,110,1390.0,0.31124632365600746,0.005859375
19.86000074200001,110,1390.0,0.31124632365600746,0.001953125
19.880000829000096,110,1390.0,0.31124632365600746,0.001953125
19.900000971000054,110,1390.0,0.31129009736574176,-0.001953125
19.92000074200007,110,1390.0,0.31129009736574176,-0.001953125
19.940000736000002,110,1390.0,0.3063360160259663,-0.001953125
19.96000084100001,110,1390.0,0.3063360160259663,0.0
19.980000965000045,110,1390.0,0.3063360160259663,0.0
20.000001070000053,150,1365.0,0.31136697322398277,-0.00390625
20.020000675000006,150,1350.0,0.31136697322398277,-0.00390625
20.040000910000003,150,1350.0,0.31170118733643903,-0.00390625
20.060000922000086,150,1350.0,0.31170118733643903,0.00390625
20.080001064000044,150,1350.0,0.31170118733643903,0.00390625
20.10000133599999,150,1350.0,0.3271734196605962,0.0078125
20.120000997000034,150,1350.0,0.3271734196605962,0.0078125
20.140001009000002,150,1350.0,0.3521601207496303,0.0078125
20.160000670000045,150,1350.0,0.3521601207496303,0.015625
20.180000756000027,150,1350.0,0.3521601207496303,0.015625
20.20000091700001,150,1350.0,0.40678565993181337,0.0234375
20.22000085600007,150,1350.0,0.40678565993181337,0.0234375
20.240000869000028,150,1350.0,0.48560836186814527,0.0234375
20.26000114100009,150,1350.0,0.48560836186814527,0.02734375
20.280001339000023,150,1350.0,0.48560836186814527,0.02734375
20.300001018000103,150,1350.0,0.5795226368393571,0.037109375
20.320000660000005,150,1350.0,0.5795226368393571,0.037109375
20.340000969000016,150,1350.0,0.6986852154019232,0.037109375
20.36000135200004,150,1350.0,0.6986852154019232,0.04296875
20.380001050000033,150,1350.0,0.6986852154019232,0.04296875
20.4000006550001,150,1350.0,0.8467717519274345,0.052734375
20.420001057000036,150,1350.0,0.8467717519274345,0.052734375
20.440000811000004,150,1350.0,1.0100743029223054,0.052734375
20.460001082000076,150,1350.0,1.0100743029223054,0.060546875
20.480001003000098,150,1350.0,1.0100743029223054,0.060546875
20.500000663000037,150,1350.0,1.208243778007386,0.064453125
20.520001084,150,1350.0,1.208243778007386,0.064453125
20.540000744000054,150,1350.0,1.420718757747494,0.064453125
20.560000998000078,150,1350.0,1.420718757747494,0.080078125
20.580001029000073,150,1350.0,1.420718757747494,0.080078125
20.600000857000055,150,1350.0,1.6632993633211868,0.0859375
20.620001073000026,150,1350.0,1.6632993633211868,0.0859375
20.640000826000005,150,1350.0,1.9258573470626175,0.0859375
20.660001006000016,150,1350.0,1.9258573470626175,0.095703125
20.68000090700002,150,1350.0,1.9258573470626175,0.095703125
20.700001050000083,150,1350.0,2.2227986460418663,0.103515625
20.720000822000088,150,1350.0,2.2227986460418663,0.103515625
20.740000723000094,150,1350.0,2.5294765105995225,0.103515625
20.760001051000017,150,1350.0,2.5294765105995225,0.111328125
20.780000674999997,150,1350.0,2.5294765105995225,0.111328125
20.800000854000018,150,1350.0,2.8711820172286764,0.12109375
20.820000922000077,150,1350.0,2.8711820172286764,0.12109375
20.84000095300007,150,1350.0,3.232654569324012,0.12109375
20.860000688000014,150,1350.0,3.232654569324012,0.1328125
20.88000068300005,150,1350.0,3.232654569324012,0.1328125
20.900000806000094,150,1350.0,3.623492984837327,0.142578125
20.920001004000028,150,1350.0,3.623492984837327,0.142578125
20.940000869000073,150,1350.0,4.044559072355611,0.142578125
20.96000097400008,150,1350.0,4.044559072355611,0.15234375
20.9800006910001,150,1350.0,4.044559072355611,0.15234375
21.00000083300006,150,1350.0,4.490387706988059,0.1640625
21.02000088300008,150,1350.0,4.490387706988059,0.1640625
21.040000710000072,150,1350.0,4.965555035692631,0.1640625
21.060000649000017,150,1350.0,4.965555035692631,0.16796875
21.08000099500009,150,1350.0,4.965555035692631,0.16796875
21.100001711000004,150,1350.0,5.456267269883313,0.17578125
21.12000072400008,150,1350.0,5.456267269883313,0.17578125
21.14000068100006,150,1350.0,5.971611752369455,0.17578125
21.160001082999997,150,1350.0,5.971611752369455,0.18359375
21.18000074400004,150,1350.0,5.971611752369455,0.18359375
21.20000062700001,150,1350.0,6.501549909242385,0.193359375
21.22000106600001,150,1350.0,6.501549909242385,0.193359375
21.240000708000025,150,1350.0,7.066777408155872,0.193359375
21.260000777000073,150,1350.0,7.066777408155872,0.201171875
21.28000069699999,150,1350.0,7.066777408155872,0.201171875
21.300000784000076,150,1350.0,7.647178741181534,0.208984375
21.320000964000087,150,1350.0,7.647178741181534,0.208984375
21.340000809999992,150,1350.0,8.252129368902189,0.208984375
21.36000097100009,150,1350.0,8.252129368902189,0.21875
21.380000910000035,150,1350.0,8.252129368902189,0.21875
21.400000922999993,150,1350.0,8.87732497376723,0.2265625
21.420000936000065,150,1350.0,8.87732497376723,0.2265625
21.440000727000097,150,1350.0,9.518179236359288,0.2265625
21.460000943000068,150,1350.0,9.518179236359288,0.232421875
21.480001067000103,150,1350.0,9.518179236359288,0.232421875
21.5000011730001,150,1350.0,10.17874068043875,0.23828125
21.52000070400004,150,1350.0,10.17874068043875,0.23828125
21.54000075400006,150,1350.0,10.859731057301246,0.23828125
21.560000693000006,150,1350.0,10.859731057301246,0.244140625
21.58000068800004,150,1350.0,10.859731057301246,0.244140625
21.600001034,150,1350.0,11.561341226147391,0.248046875
21.62000062100003,150,1350.0,11.561341226147391,0.248046875
21.640000634000103,150,1350.0,12.272269079678352,0.248046875
21.66000138800007,150,1350.0,12.272269079678352,0.25390625
21.680001012000048,150,1350.0,12.272269079678352,0.25390625
21.700001043000043,150,1350.0,12.989071052909537,0.255859375
21.720000964000064,150,1350.0,12.989071052909537,0.255859375
21.740001069000073,150,1350.0,13.717197374503314,0.255859375
21.760001138000007,150,1350.0,13.717197374503314,0.2578125
21.780000836,150,1350.0,13.717197374503314,0.2578125
21.800000775000058,150,1350.0,14.465522527961099,0.263671875
21.82000086200003,150,1350.0,14.465522527961099,0.263671875
21.840001078,150,1350.0,15.208698110288822,0.263671875
21.86000105400001,150,1350.0,15.208698110288822,0.267578125
21.880001030000017,150,1350.0,15.208698110288822,0.267578125
21.900001024000062,150,1350.0,15.968309818279579,0.265625
21.92000103700002,150,1350.0,15.968309818279579,0.265625
21.940000661,150,1350.0,16.72339778496854,0.265625
21.960000785000034,150,1350.0,16.72339778496854,0.26953125
21.980001001999995,150,1350.0,16.72339778496854,0.26953125
22.00000108900008,150,1350.0,17.49457157428992,0.267578125
22.020001065000088,150,1350.0,17.49457157428992,0.267578125
22.040000819000056,150,1350.0,18.26539658247529,0.267578125
22.060001091000004,150,1350.0,18.26539658247529,0.265625
22.080001030000062,150,1350.0,18.26539658247529,0.265625
22.100001432,150,1350.0,19.032622862532037,0.26953125
22.120000796,150,1350.0,19.032622862532037,0.26953125
22.140001050000023,150,1350.0,19.801344364897147,0.26953125
22.160000989000082,150,1350.0,19.801344364897147,0.26953125
22.180001058000016,150,1350.0,19.801344364897147,0.26953125
22.200000867000085,150,1350.0,20.570426467850638,0.26953125
22.220001214000035,150,1350.0,20.570426467850638,0.26953125
22.240001097000004,150,1350.0,21.34507071882797,0.26953125
22.260000814000023,150,1350.0,21.34507071882797,0.26953125
22.280001290000087,150,1350.0,21.34507071882797,0.26953125
22.300001044000055,150,1350.0,22.11288588159624,0.267578125
22.320001057000013,150,1350.0,22.11288588159624,0.267578125
22.340001145000087,150,1350.0,22.873887392832245,0.267578125
22.36000088000003,150,1350.0,22.873887392832245,0.265625
22.38000093000005,150,1350.0,22.873887392832245,0.265625
22.400001277,150,1350.0,23.622361651468538,0.263671875
22.420001290000073,150,1350.0,23.622361651468538,0.263671875
22.440000988000065,150,1350.0,24.37675529194226,0.263671875
22.46000063100007,150,1350.0,24.37675529194226,0.259765625
22.480001033000008,150,1350.0,24.37675529194226,0.259765625
22.500001009000016,150,1350.0,25.110628691761292,0.255859375
22.52000078200001,150,1350.0,25.110628691761292,0.255859375
22.540000813000006,150,1350.0,25.836996799459,0.255859375
22.560000697000078,150,1350.0,25.836996799459,0.25
22.58000108100009,150,1350.0,25.836996799459,0.25
22.600001149000036,150,1350.0,26.548687998929495,0.248046875
22.62000082899999,150,1350.0,26.548687998929495,0.248046875
22.640001046000066,150,1350.0,27.25581269183712,0.248046875
22.66000081800007,150,1350.0,27.25581269183712,0.23828125
22.680000980000045,150,1350.0,27.25581269183712,0.23828125
22.700000863000014,150,1350.0,27.938811213623268,0.236328125
22.720001173000014,150,1350.0,27.938811213623268,0.236328125
22.74000151900009,150,1350.0,28.60752774063897,0.236328125
22.760001070000044,150,1350.0,28.60752774063897,0.232421875
22.78000084200005,150,1350.0,28.60752774063897,0.232421875
22.800000726000007,150,1350.0,29.27131944377848,0.22265625
22.820000850000042,150,1350.0,29.27131944377848,0.22265625
22.84000099299999,150,1350.0,29.89662218399289,0.22265625
22.860001080000075,150,1350.0,29.89662218399289,0.21875
22.88000076000003,150,1350.0,29.89662218399289,0.21875
22.900001180000004,150,1350.0,30.517453538625062,0.212890625
22.920000768000023,150,1350.0,30.517453538625062,0.212890625
22.940001058999997,150,1350.0,31.122679889187452,0.212890625
22.960000887000092,150,1350.0,31.122679889187452,0.20703125
22.980001048000076,150,1350.0,31.122679889187452,0.20703125
23.000000857000032,150,1350.0,31.70394315373241,0.197265625
23.02000096300003,150,1350.0,31.70394315373241,0.197265625
23.040000810000038,150,1350.0,32.26008738702805,0.197265625
23.06000076700002,150,1350.0,32.26008738702805,0.189453125
23.080000928999993,150,1350.0,32.26008738702805,0.189453125
23.100001460000044,150,1350.0,32.80673057719372,0.181640625
23.12000110300005,150,1350.0,32.80673057719372,0.181640625
23.140000764000092,150,1350.0,32.91403741989993,0.181640625
23.16000087000009,150,1350.0,32.91403741989993,0.173828125
23.180001198000014,150,1350.0,32.91403741989993,0.173828125
23.200000953000085,150,1350.0,33.20791189898546,0.169921875
23.22000072500009,150,1350.0,33.20791189898546,0.169921875
23.24000081300005,150,1350.0,33.63671353422535,0.169921875
23.26000069700001,150,1350.0,33.63671353422535,0.158203125
23.280001043000084,150,1350.0,33.63671353422535,0.158203125
23.30000105700003,150,1350.0,34.06580647803631,0.150390625
23.32000077400005,150,1350.0,34.06580647803631,0.150390625
23.340000787000008,150,1350.0,34.48514059021852,0.150390625
23.360001041000032,150,1350.0,34.48514059021852,0.142578125
23.38000088800004,150,1350.0,34.48514059021852,0.142578125
23.400001013000065,150,1350.0,34.88450257968333,0.1328125
23.420000971000036,150,1350.0,34.88450257968333,0.1328125
23.440001114000097,150,1350.0,35.25860360430522,0.1328125
23.46000081200009,150,1350.0,35.25860360430522,0.126953125
23.480000732999997,150,1350.0,35.25860360430522,0.126953125
23.500000709000005,150,1350.0,35.610690629804225,0.1171875
23.52000092600008,150,1350.0,35.610690629804225,0.1171875
23.540000940000027,150,1350.0,35.943932774806854,0.1171875
23.560001027,150,1350.0,35.943932774806854,0.109375
23.580001096000046,150,1350.0,35.943932774806854,0.109375
23.60000099900003,150,1350.0,36.246030531753775,0.09765625
23.62000084500005,150,1350.0,36.246030531753775,0.09765625
23.640000711000084,150,1350.0,36.52759994850598,0.09765625
23.660000631999992,150,1350.0,36.52759994850598,0.091796875
23.680000719000077,150,1350.0,36.52759994850598,0.091796875
23.700001251000003,150,1350.0,36.782359871055604,0.08203125
23.720000968000022,150,1350.0,36.782359871055604,0.08203125
23.740000889000044,150,1350.0,37.032845238659775,0.08203125
23.760000810000065,150,1350.0,37.032845238659775,0.072265625
23.78000071200006,150,1350.0,37.032845238659775,0.072265625
23.800000984999997,150,1350.0,37.2611347268888,0.068359375
23.82000103500002,150,1350.0,37.2611347268888,0.068359375
23.840001104000066,150,1350.0,37.4770448270269,0.068359375
23.860001062000038,150,1350.0,37.4770448270269,0.052734375
23.880001057000072,150,1350.0,37.4770448270269,0.052734375
23.900000867000017,150,1350.0,37.675656355201966,0.046875
23.920001139000078,150,1350.0,37.675656355201966,0.046875
23.940001042000063,150,1350.0,37.85233372101408,0.046875
23.96000079600003,150,1350.0,37.85233372101408,0.0390625
23.980000791000066,150,1350.0,37.85233372101408,0.0390625
24.000000748000048,150,1350.0,38.00878816437941,0.03125
24.02000100300006,150,1350.0,38.00878816437941,0.03125
24.040000812000017,150,1350.0,38.13581005559888,0.03125
24.06000080700005,150,1350.0,38.13581005559888,0.017578125
24.080000932000075,150,1350.0,38.13581005559888,0.017578125
24.100001149000036,150,1350.0,38.2388092504502,0.0078125
24.12000082899999,150,1350.0,38.2388092504502,0.0078125
24.14000099000009,150,1350.0,38.31398624785925,0.0078125
24.16000107800005,150,1350.0,38.31398624785925,0.0
24.180000851000045,150,1350.0,38.31398624785925,0.0
24.200001161000046,150,1350.0,38.376347043162525,-0.005859375
24.22000089700009,150,1350.0,38.376347043162525,-0.005859375
24.24000078100005,150,1350.0,38.41688877708924,-0.005859375
24.260000887000047,150,1350.0,38.41688877708924,-0.001953125
24.28000091900003,150,1350.0,38.41688877708924,-0.001953125
24.300000785000066,150,1350.0,38.470124818542814,0.0
24.320001002000026,150,1350.0,38.470124818542814,0.0
24.340001497000003,150,1350.0,38.527749432473286,0.0
24.3600011960001,150,1350.0,38.527749432473286,0.0
24.38000106100003,150,1350.0,38.527749432473286,0.0
24.40000087100009,150,1350.0,38.58572153260275,0.0
24.4200009220001,150,1350.0,38.58572153260275,0.0
24.440001195000036,150,1350.0,38.637212557508064,0.0
24.460000801000092,150,1350.0,38.637212557508064,-0.001953125
24.480001184999992,150,1350.0,38.637212557508064,-0.001953125
24.500001069000064,150,1350.0,38.68584929964669,-0.001953125
24.520001008999998,150,1350.0,38.68584929964669,-0.001953125
24.540000708000093,150,1350.0,38.73107453977212,-0.001953125
24.56000085100004,150,1350.0,38.73107453977212,0.00390625
24.580000883000025,150,1350.0,38.73107453977212,0.00390625
24.60000091500001,150,1350.0,38.779494103237965,0.0
24.620001040000034,150,1350.0,38.779494103237965,0.0
24.64000101700003,150,1350.0,38.81538429793994,0.0
24.660000623000087,150,1350.0,38.81538429793994,0.0
24.680001025000024,150,1350.0,38.81538429793994,0.0
24.700001039000085,150,1350.0,38.856000393344004,-0.00390625
24.720000886000093,150,1350.0,38.856000393344004,-0.00390625
24.740000807,150,1350.0,38.88255909203127,-0.00390625
24.760000765000086,150,1350.0,38.88255909203127,0.005859375
24.780001038000023,150,1350.0,38.88255909203127,0.005859375
24.800000922000095,150,1350.0,38.92187454097228,-0.001953125
24.820000917000016,150,1350.0,38.92187454097228,-0.001953125
24.84000091200005,150,1350.0,38.957887593332316,-0.001953125
24.860001204000014,150,1350.0,38.957887593332316,0.0
24.88000097700001,150,1350.0,38.957887593332316,0.0
24.900001102000033,150,1350.0,38.98917405939079,-0.001953125
24.920000763000075,150,1350.0,38.98917405939079,-0.001953125
24.940001203000065,150,1350.0,39.0140942306395,-0.001953125
24.960000734999994,150,1350.0,39.0140942306395,0.001953125
24.98000069300008,150,1350.0,39.0140942306395,0.001953125
25.000000725000064,150,1350.0,39.04220241813505,0.001953125
25.020001017000027,150,1350.0,39.04220241813505,0.001953125
25.040001197000038,150,1350.0,39.06699800172831,0.001953125
25.060001080999996,150,1350.0,39.06699800172831,-0.001953125
25.08000085399999,150,1350.0,39.06699800172831,-0.001953125
25.100001182000028,150,1350.0,39.082469819375035,0.0
25.120001011,150,1350.0,39.082469819375035,0.0
25.140000858000008,150,1350.0,39.10915540237474,0.001953125
25.160001222999995,150,1350.0,39.10915540237474,0.001953125
25.18000083000004,150,1350.0,39.10915540237474,0.001953125
25.200000992000014,150,1350.0,39.124749993140625,-0.001953125
25.2200008210001,150,1350.0,39.124749993140625,-0.001953125
25.240000964000046,150,1350.0,39.140440561392865,0.001953125
25.26000083000008,150,1350.0,39.140440561392865,0.001953125
25.280000788000052,150,1350.0,39.140440561392865,0.001953125
25.300001006000002,150,1350.0,39.15448299222405,0.0
25.32000168600007,150,1350.0,39.15448299222405,0.0
25.340001311000037,150,1350.0,39.171847721454355,0.001953125
25.36000088100002,150,1350.0,39.171847721454355,0.001953125
25.380001117000006,150,1350.0,39.171847721454355,0.001953125
25.400000686,150,1350.0,39.1873194115862,0.001953125
25.42000095900005,150,1350.0,39.1873194115862,0.001953125
25.440000955000073,150,1350.0,39.19819254589987,0.0
25.46000093200007,150,1350.0,39.19819254589987,0.0
25.48000107500002,150,1350.0,39.19819254589987,0.0
25.500001274000056,150,1350.0,39.2140050033164,0.001953125
25.520000973000037,150,1350.0,39.2140050033164,0.001953125
25.54000089500005,150,1350.0,39.21872515262956,0.0
25.56000081600007,150,1350.0,39.21872515262956,0.0
25.580000978000044,150,1350.0,39.21872515262956,0.0
25.600000899000065,150,1350.0,39.23609216917629,0.0
25.620000820000087,150,1350.0,39.23609216917629,0.0
25.640001149,150,1350.0,39.245289223080476,-0.001953125
25.66000107000002,150,1350.0,39.245289223080476,-0.001953125
25.680000844000006,150,1350.0,39.245289223080476,-0.001953125
25.70000096900003,150,1350.0,39.254606981895336,-0.001953125
25.720001094000054,150,1350.0,39.254606981895336,-0.001953125
25.740001107000012,150,1350.0,39.26088212576744,0.001953125
25.76000091800006,150,1350.0,39.26088212576744,0.001953125
25.78000087600003,150,1350.0,39.26088212576744,0.001953125
25.800000649000026,150,1350.0,39.27197509081944,-0.001953125
25.820000922000077,150,1350.0,39.27197509081944,-0.001953125
25.840000992,150,1350.0,39.28284886640512,0.001953125
25.860000728000045,150,1350.0,39.28284886640512,0.001953125
25.88000111200006,150,1350.0,39.28284886640512,0.001953125
25.900000737000028,150,1350.0,39.28756763645566,-0.001953125
25.92000102899999,150,1350.0,39.28756763645566,-0.001953125
25.940000857000086,150,1350.0,39.292286113892516,-0.001953125
25.960001093000074,150,1350.0,39.292286113892516,-0.001953125
25.98000094100007,150,1350.0,39.29890155838268,-0.001953125
26.000001010000005,150,1350.0,39.29890155838268,0.001953125
26.02000091299999,150,1350.0,39.29890155838268,0.001953125
26.04000083400001,150,1350.0,39.30977478062684,0.0
26.06000077400006,150,1350.0,39.30977478062684,0.0
26.080001046999996,150,1350.0,39.31909080377005,0.0
26.100001561,150,1350.0,39.31909080377005,0.001953125
26.12000122300003,150,1350.0,39.31909080377005,0.001953125
26.140000885000063,150,1350.0,39.32346848294418,-0.001953125
26.1600010840001,150,1350.0,39.32346848294418,-0.001953125
26.180001024000035,150,1350.0,39.32996417053343,-0.001953125
26.200001001000032,150,1350.0,39.32996417053343,0.0
26.220001088999993,150,1350.0,39.32996417053343,0.0
26.24000086300009,150,1350.0,39.34105873433583,0.0
26.260000673000036,150,1350.0,39.34105873433583,0.0
26.28000105800004,150,1350.0,39.345656694141155,0.0
26.300000739000097,150,1350.0,39.345656694141155,0.001953125
26.32000093800002,150,1350.0,39.345656694141155,0.001953125
26.340000711000016,150,1350.0,39.345656694141155,0.001953125
26.360001076999993,150,1350.0,39.345656694141155,0.001953125
26.380000647000088,150,1350.0,39.35497149798388,0.001953125
26.40000106800005,150,1350.0,39.35497149798388,0.0
26.420000860000073,150,1350.0,39.35497149798388,0.0
26.440001041000073,150,1350.0,39.35968829913355,0.0
26.46000088800008,150,1350.0,39.35968829913355,0.0
26.480000680000103,150,1350.0,39.36146855806902,0.0
26.50000082400004,150,1350.0,39.36146855806902,-0.00390625
26.520000820000064,150,1350.0,39.36146855806902,-0.00390625
26.540000759999998,150,1350.0,39.36146855806902,-0.001953125
26.560000848000072,150,1350.0,39.36146855806902,-0.001953125
26.58000086200002,150,1350.0,39.37078285854682,-0.001953125
26.600000894999994,150,1350.0,39.37078285854682,0.0
26.620001038000055,150,1350.0,39.37078285854682,0.0
26.640000960000066,150,1350.0,39.3677445154768,0.0
26.660000844000024,150,1350.0,39.3677445154768,0.0
26.68000071000006,150,1350.0,39.36584520146178,0.0
26.700001002000022,150,1350.0,39.36584520146178,0.0
26.720000998000046,150,1350.0,39.36584520146178,0.0
26.740000790000067,150,1350.0,39.36762546039728,0.001953125
26.760000767000065,150,1350.0,39.36762546039728,0.001953125
26.780000985000015,150,1350.0,39.37705884926217,0.001953125
26.800000999000076,150,1350.0,39.37705884926217,0.0
26.820000883000034,150,1350.0,39.37705884926217,0.0
26.840001138000048,150,1350.0,39.37705884926217,-0.00390625
26.860000911000043,150,1350.0,39.37705884926217,-0.00390625
26.880000833000054,150,1350.0,39.37683761764862,-0.00390625
26.90000097699999,150,1350.0,39.37683761764862,-0.001953125
26.920000769000012,150,1350.0,39.37683761764862,-0.001953125
26.9400010600001,150,1350.0,39.375277924479064,0.001953125
26.960001463000026,150,1350.0,39.375277924479064,0.001953125
26.980000663000055,150,1350.0,39.3832164045611,0.001953125
27.00000069500004,150,1350.0,39.3832164045611,0.0
27.020000672000037,150,1350.0,39.3832164045611,0.0
27.0400008900001,150,1350.0,39.3833347970465,0.0
27.06000101500001,150,1350.0,39.3833347970465,0.0
27.080000937000023,150,1350.0,39.3816563849158,0.0
27.100001303,150,1350.0,39.3816563849158,0.0
27.120001465000087,150,1350.0,39.3816563849158,0.0
27.140001016000042,150,1350.0,39.381553539443075,0.001953125
27.160000771,150,1350.0,39.381553539443075,0.001953125
27.18000091500005,150,1350.0,39.38615140157248,0.001953125
27.200001374000067,150,1350.0,39.38615140157248,0.001953125
27.220000833000086,150,1350.0,39.38615140157248,0.001953125
27.240001477000078,150,1350.0,39.387711671607406,-0.001953125
27.260000991000084,150,1350.0,39.387711671607406,-0.001953125
27.28000070900009,150,1350.0,39.38615140157248,-0.001953125
27.300000668000052,150,1350.0,39.38615140157248,0.0
27.320000886000003,150,1350.0,39.38615140157248,0.0
27.340000808000013,150,1350.0,39.38615140157248,0.0
27.360000952000064,150,1350.0,39.38615140157248,0.0
27.3800010220001,150,1350.0,39.39074901331219,0.0
27.400000888000022,150,1350.0,39.39074901331219,0.0
27.42000069800008,150,1350.0,39.39074901331219,0.0
27.440000935000057,150,1350.0,39.39880682876145,0.0
27.460000690000015,150,1350.0,39.39880682876145,0.0
27.480000964000055,150,1350.0,39.39253027091564,0.0
27.500000756000077,150,1350.0,39.39253027091564,0.0
27.520000900000014,150,1350.0,39.39253027091564,0.0
27.540001025000038,150,1350.0,39.39253027091564,0.001953125
27.560000743000046,150,1350.0,39.39253027091564,0.001953125
27.580000758000097,150,1350.0,39.39702523840663,0.001953125
27.600000883000007,150,1350.0,39.39702523840663,0.0
27.620000897000068,150,1350.0,39.39702523840663,0.0
27.640001226000095,150,1350.0,39.39690729751359,-0.001953125
27.660000630000013,150,1350.0,39.39690729751359,-0.001953125
27.680000940000014,150,1350.0,39.39242730021033,-0.001953125
27.70000101000005,150,1350.0,39.39242730021033,-0.001953125
27.720001099,150,1350.0,39.39242730021033,-0.001953125
27.74000094600001,150,1350.0,39.39242730021033,0.00390625
27.760000719999994,150,1350.0,39.39242730021033,0.00390625
27.78000104900002,150,1350.0,39.39714263558517,0.00390625
27.80000076700003,150,1350.0,39.39714263558517,0.001953125
27.82000107800002,150,1350.0,39.39714263558517,0.001953125
27.840000814000064,150,1350.0,39.403418198177974,-0.001953125
27.86000092100005,150,1350.0,39.403418198177974,-0.001953125
27.880000695000035,150,1350.0,39.401636235828335,-0.001953125
27.900000782999996,150,1350.0,39.401636235828335,0.005859375
27.920000668000057,150,1350.0,39.401636235828335,0.005859375
27.940000867000094,150,1350.0,39.40791142311767,-0.001953125
27.960001067000007,150,1350.0,39.40791142311767,-0.001953125
27.98000098900002,150,1350.0,39.40141533769906,-0.001953125
28.00000100300008,150,1350.0,39.40141533769906,0.0
28.02000122100003,150,1350.0,39.40141533769906,0.0
28.040001198000027,150,1350.0,39.4076904430805,-0.001953125
28.06000063900001,150,1350.0,39.4076904430805,-0.001953125
28.08000082000001,150,1350.0,39.40297635925094,-0.001953125
28.100001038000073,150,1350.0,39.40297635925094,-0.001953125
28.120001348000073,150,1350.0,39.40297635925094,-0.001953125
28.14000073300008,150,1350.0,39.40590873469114,0.0
28.160001785000077,150,1350.0,39.40590873469114,0.0
28.180001206000043,150,1350.0,39.407470006864685,0.0
28.20000088800009,150,1350.0,39.407470006864685,-0.001953125
28.22000084700005,150,1350.0,39.407470006864685,-0.001953125
28.2400009910001,150,1350.0,39.398156760380374,0.0
28.260000635000097,150,1350.0,39.398156760380374,0.0
28.280000909000023,150,1350.0,39.396480938807855,0.0
28.30000101600001,150,1350.0,39.396480938807855,0.0
28.320000864000008,150,1350.0,39.396480938807855,0.0
28.340000897000095,150,1350.0,39.396480938807855,0.0
28.36000080100007,150,1350.0,39.396480938807855,0.0
28.38000066699999,150,1350.0,39.396480938807855,0.0
28.40000081100004,150,1350.0,39.396480938807855,0.0
28.420000918000028,150,1350.0,39.396480938807855,0.0
28.440000766000026,150,1350.0,39.396480938807855,0.0
28.46000111400008,150,1350.0,39.396480938807855,0.0
28.480000981000103,150,1350.0,39.396480938807855,0.0
28.50000077300001,150,1350.0,39.396480938807855,0.0
28.52000091700006,150,1350.0,39.396480938807855,0.0
28.540000913000085,150,1350.0,39.396480938807855,0.0
28.560000928000022,150,1350.0,39.396480938807855,0.0
28.58000099800006,150,1350.0,39.396480938807855,0.0
28.60000169800003,150,1350.0,39.396480938807855,0.0
28.620000953000044,150,1350.0,39.396480938807855,0.0
28.640001227000084,150,1350.0,39.396480938807855,0.0
28.66000100100007,150,1350.0,39.396480938807855,0.0
28.68000105200008,150,1350.0,39.398261982258134,0.0
28.7000008440001,150,1350.0,39.398261982258134,0.0
28.720000989000027,150,1350.0,39.398261982258134,0.0
28.74000078100005,150,1350.0,39.40297635925094,0.0
28.760000944000012,150,1350.0,39.40297635925094,0.0
28.780001051,150,1350.0,39.40119498329665,0.0
28.800000880000084,150,1350.0,39.40119498329665,0.0
28.82000124700005,150,1350.0,39.40119498329665,0.0
28.840000983000095,150,1350.0,39.40119498329665,0.0
28.860000998000032,150,1350.0,39.40119498329665,0.0
28.880001087000096,150,1350.0,39.402756255470166,0.0
28.900001083000006,150,1350.0,39.402756255470166,0.0
28.92000091200009,150,1350.0,39.402756255470166,0.0
28.94000100100004,150,1350.0,39.402756255470166,0.0
28.960000867000076,150,1350.0,39.402756255470166,0.0
28.980000845000063,150,1350.0,39.402756255470166,0.0
29.000001137000027,150,1350.0,39.402756255470166,0.0
29.02000087400006,150,1350.0,39.402756255470166,0.0
29.040001074000088,150,1350.0,39.41206925127477,0.0
29.060000847000083,150,1350.0,39.41206925127477,0.0
29.080001066000023,150,1350.0,39.41206925127477,0.0
29.100001098999996,150,1350.0,39.41206925127477,0.0
29.12000135400001,150,1350.0,39.41206925127477,0.0
29.140001165000058,150,1350.0,39.41206925127477,0.0
29.160000939000042,150,1350.0,39.41206925127477,0.0
29.180000768000014,150,1350.0,39.41363110077836,0.0
29.20000106100008,150,1350.0,39.41363110077836,0.0
29.22000111300008,150,1350.0,39.41363110077836,0.0
29.24000107200004,150,1350.0,39.4118496855198,0.0
29.26000101300008,150,1350.0,39.4118496855198,0.0
29.280000657000073,150,1350.0,39.41656281145379,0.0
29.300000913000076,150,1350.0,39.41656281145379,0.0
29.320000890000074,150,1350.0,39.41656281145379,0.0
29.340000720000035,150,1350.0,39.41656281145379,0.0
29.360001253000064,150,1350.0,39.41656281145379,0.0
29.38000089800005,150,1350.0,39.41656281145379,0.0
29.4000010420001,150,1350.0,39.41656281145379,0.0
29.420000963999996,150,1350.0,39.41656281145379,0.0
29.44000122,150,1350.0,39.41656281145379,0.0
29.46000088300002,150,1350.0,39.41656281145379,0.0
29.480000842000095,150,1350.0,39.41363110077836,0.0
29.500000949000082,150,1350.0,39.41363110077836,0.0
29.52000105700006,150,1350.0,39.41363110077836,0.0
29.54000066399999,150,1350.0,39.41363110077836,0.0
29.56000071599999,150,1350.0,39.41363110077836,0.0
29.580000935000044,150,1350.0,39.41206925127477,0.0
29.600000931000068,150,1350.0,39.41206925127477,0.0
29.620000779000065,150,1350.0,39.41206925127477,0.0
29.64000090500008,150,1350.0,39.41206925127477,0.0
29.66000095700008,150,1350.0,39.41206925127477,0.0
29.680000934000077,150,1350.0,39.41206925127477,0.0
29.700000857000077,150,1350.0,39.41206925127477,0.0
29.72000089000005,150,1350.0,39.41206925127477,0.0
29.74000099700004,150,1350.0,39.41206925127477,0.0
29.76000114200008,150,1350.0,39.41206925127477,0.0
29.78000106400009,150,1350.0,39.41206925127477,0.0
29.800000690000047,150,1350.0,39.41206925127477,0.0
29.820001353000066,150,1350.0,39.41206925127477,0.0
29.840001182000037,150,1350.0,39.41206925127477,0.0
29.860001011999998,150,1350.0,39.41206925127477,0.0
29.88000067500002,150,1350.0,39.40735549988028,0.0
29.9000011710001,150,1350.0,39.40735549988028,0.0
29.920001019000097,150,1350.0,39.40735549988028,0.0
29.940001015999997,150,1350.0,39.40735549988028,0.0
29.96000084500008,150,1350.0,39.40735549988028,0.0
29.980000638000092,150,1350.0,39.40579390109514,0.0
30.00000087500007,190,1325.0,39.40579390109514,0.0
30.02000109300002,190,1310.0,39.40579390109514,0.0
30.040001200999995,190,1310.0,39.40119498329665,0.0
30.060001012000043,190,1310.0,39.40119498329665,0.0
30.080000675000065,190,1310.0,39.40757527704943,0.0
30.100001152000004,190,1310.0,39.40757527704943,0.01171875
30.120001333999994,190,1310.0,39.40757527704943,0.01171875
30.140001181999992,190,1310.0,39.4498363341784,0.033203125
30.16000121500008,190,1310.0,39.4498363341784,0.033203125
30.180000804000088,190,1310.0,39.5546605991712,0.033203125
30.20000093100009,190,1310.0,39.5546605991712,0.05859375
30.220000816000038,190,1310.0,39.5546605991712,0.05859375
30.24000094200005,190,1310.0,39.74470854506279,0.080078125
30.260000976000015,190,1310.0,39.74470854506279,0.080078125
30.28000110200003,190,1310.0,39.98720836877766,0.080078125
30.300000839000063,190,1310.0,39.98720836877766,0.09765625
30.320000835000087,190,1310.0,39.98720836877766,0.09765625
30.34000099900004,190,1310.0,40.291789353574785,0.125
30.3600008840001,190,1310.0,40.291789353574785,0.125
30.38000084400005,190,1310.0,40.670907870225136,0.125
30.400000747000036,190,1310.0,40.670907870225136,0.162109375
30.420001318000004,190,1310.0,40.670907870225136,0.162109375
30.440001111000015,190,1310.0,41.151257039921916,0.19140625
30.460000996000076,190,1310.0,41.151257039921916,0.19140625
30.480000789000087,190,1310.0,41.72686650851654,0.19140625
30.500000748000048,190,1310.0,41.72686650851654,0.22265625
30.520000707999998,190,1310.0,41.72686650851654,0.22265625
30.540000704000022,190,1310.0,42.371899166480716,0.244140625
30.560000701000035,190,1310.0,42.371899166480716,0.244140625
30.580000716000086,190,1310.0,43.0718404793908,0.244140625
30.600000694000073,190,1310.0,43.0718404793908,0.265625
30.620000968,190,1310.0,43.0718404793908,0.265625
30.640000815999997,190,1310.0,43.843516765709296,0.291015625
30.6600008690001,190,1310.0,43.843516765709296,0.291015625
30.680000790999998,190,1310.0,44.69736283258786,0.291015625
30.700000824000085,190,1310.0,44.69736283258786,0.3203125
30.72000072800006,190,1310.0,44.69736283258786,0.3203125
30.7400010770001,190,1310.0,45.63535659482676,0.349609375
30.760001036000062,190,1310.0,45.63535659482676,0.349609375
30.780001033000076,190,1310.0,46.66277606862232,0.349609375
30.800000788000034,190,1310.0,46.66277606862232,0.380859375
30.820001415000092,190,1310.0,46.66277606862232,0.380859375
30.84000078100007,190,1310.0,47.778411783282706,0.40234375
30.860000685000045,190,1310.0,47.778411783282706,0.40234375
30.88000094100005,190,1310.0,48.94447286129787,0.40234375
30.900001049000025,190,1310.0,48.94447286129787,0.42578125
30.920000804000097,190,1310.0,48.94447286129787,0.42578125
30.940000894000036,190,1310.0,50.16487205878414,0.44140625
30.960000705000084,190,1310.0,50.16487205878414,0.44140625
30.980000646000008,190,1310.0,51.44411160678874,0.44140625
31.000000939000074,190,1310.0,51.44411160678874,0.46484375
31.02000091700006,190,1310.0,51.44411160678874,0.46484375
31.040001265,190,1310.0,52.787307169164535,0.48828125
31.060001002000035,190,1310.0,52.787307169164535,0.48828125
31.0800010910001,190,1310.0,54.20767731690469,0.48828125
31.100001699000018,190,1310.0,54.20767731690469,0.5078125
31.120001084000023,190,1310.0,54.20767731690469,0.5078125
31.14000102500006,190,1310.0,55.679322337496075,0.537109375
31.160001096000087,190,1310.0,55.679322337496075,0.537109375
31.180001574000016,190,1310.0,57.22735118837613,0.537109375
31.20000097800005,190,1310.0,57.22735118837613,0.55859375
31.22000067800002,190,1310.0,57.22735118837613,0.55859375
31.240000785999996,190,1310.0,58.842796311262646,0.572265625
31.260000950000062,190,1310.0,58.842796311262646,0.572265625
31.280000909000023,190,1310.0,60.48956842301061,0.572265625
31.30000072100006,190,1310.0,60.48956842301061,0.58984375
31.320001051000077,190,1310.0,60.48956842301061,0.58984375
31.34000112199999,190,1310.0,62.19580120269157,0.609375
31.36000117399999,190,1310.0,62.19580120269157,0.609375
31.38000083700001,190,1310.0,63.95090226186542,0.609375
31.400000797000075,190,1310.0,63.95090226186542,0.630859375
31.420001146000004,190,1310.0,63.95090226186542,0.630859375
31.44000105000009,190,1310.0,65.76262865473484,0.65234375
31.46000080600004,190,1310.0,65.76262865473484,0.65234375
31.4800006910001,190,1310.0,67.65837323087621,0.66015625
31.5000006140001,190,1310.0,67.65837323087621,0.66015625
31.5200006660001,190,1310.0,67.65837323087621,0.66015625
31.54000101500003,190,1310.0,69.54698535354257,0.671875
31.560000752000064,190,1310.0,69.54698535354257,0.671875
31.58000089699999,190,1310.0,71.46361887687297,0.677734375
31.600001152999994,190,1310.0,71.46361887687297,0.677734375
31.62000092800008,190,1310.0,71.46361887687297,0.677734375
31.64000136900006,190,1310.0,73.43013529157403,0.701171875
31.66000142100006,190,1310.0,73.43013529157403,0.701171875
31.680000973000006,190,1310.0,75.44061445329737,0.703125
31.70000106300006,190,1310.0,75.44061445329737,0.703125
31.720000800000093,190,1310.0,75.44061445329737,0.703125
31.740000667000004,190,1310.0,77.44396492845755,0.70703125
31.760000775000094,190,1310.0,77.44396492845755,0.70703125
31.780000679000068,190,1310.0,79.47039069086361,0.71484375
31.800001027999997,190,1310.0,79.47039069086361,0.71484375
31.820001098000034,190,1310.0,79.47039069086361,0.71484375
31.840001114000074,190,1310.0,81.52919781727644,0.728515625
31.860000721999995,190,1310.0,81.52919781727644,0.728515625
31.8800012370001,190,1310.0,83.62688823685465,0.73828125
31.90000077100001,190,1310.0,83.62688823685465,0.73828125
31.92000082300001,190,1310.0,83.62688823685465,0.73828125
31.940000690000034,190,1310.0,85.7632449393301,0.755859375
31.96000115000004,190,1310.0,85.7632449393301,0.755859375
31.98000098,190,1310.0,87.91662438039606,0.75
32.000000976000024,190,1310.0,87.91662438039606,0.75
32.02000091800005,190,1310.0,87.91662438039606,0.75
32.040000914000075,190,1310.0,90.0646421145508,0.75390625
32.06000094800004,190,1310.0,90.0646421145508,0.75390625
32.08000109300008,190,1310.0,92.2185551584613,0.76953125
32.10000131200002,190,1310.0,92.2185551584613,0.76953125
32.12000110500003,190,1310.0,92.2185551584613,0.76953125
32.140000916000076,190,1310.0,94.43295596515316,0.779296875
32.160000932,190,1310.0,94.43295596515316,0.779296875
32.18000074300005,190,1310.0,96.65757611218658,0.771484375
32.20000085100003,190,1310.0,96.65757611218658,0.771484375
32.220001256000046,190,1310.0,96.65757611218658,0.771484375
32.240001753,190,1310.0,98.86293244352578,0.787109375
32.26000087900002,190,1310.0,98.86293244352578,0.787109375
32.28000083900008,190,1310.0,101.11344722168758,0.77734375
32.300000836000095,190,1310.0,101.11344722168758,0.77734375
32.32000087000006,190,1310.0,101.11344722168758,0.77734375
32.340000811000095,190,1310.0,103.33917584773587,0.79296875
32.36000097500005,190,1310.0,103.33917584773587,0.79296875
32.38000115700004,190,1310.0,105.59881234683968,0.783203125
32.400000969000075,190,1310.0,105.59881234683968,0.783203125
32.420001058000025,190,1310.0,105.59881234683968,0.783203125
32.440001241000004,190,1310.0,107.85424625266745,0.796875
32.46000096,190,1310.0,107.85424625266745,0.796875
32.480001309000045,190,1310.0,110.11474036771006,0.783203125
32.50000078700009,190,1310.0,110.11474036771006,0.783203125
32.52000087600004,190,1310.0,110.11474036771006,0.783203125
32.54000072500003,190,1310.0,112.36143016862957,0.79296875
32.560000704000004,190,1310.0,112.36143016862957,0.79296875
32.580000627000004,190,1310.0,114.62210923529528,0.79296875
32.6000010680001,190,1310.0,114.62210923529528,0.79296875
32.62000080600001,190,1310.0,114.62210923529528,0.79296875
32.640000988,190,1310.0,116.89138398494418,0.783203125
32.66000126200004,190,1310.0,116.89138398494418,0.783203125
32.68000064800003,190,1310.0,119.13772003452789,0.791015625
32.700000997000075,190,1310.0,119.13772003452789,0.791015625
32.7200008640001,190,1310.0,121.40809757763498,0.791015625
32.74000095400004,190,1310.0,121.40809757763498,0.79296875
32.76000065400001,190,1310.0,121.40809757763498,0.79296875
32.78000074400006,190,1310.0,123.67017205329137,0.7890625
32.80000079700005,190,1310.0,123.67017205329137,0.7890625
32.820000923000066,190,1310.0,125.93128586949234,0.7890625
32.84000071600008,190,1310.0,125.93128586949234,0.802734375
32.860000806000016,190,1310.0,125.93128586949234,0.802734375
32.88000102500007,190,1310.0,128.21954646464803,0.794921875
32.90000107700007,190,1310.0,128.21954646464803,0.794921875
32.9200010190001,190,1310.0,130.49803826283107,0.794921875
32.940001016,190,1310.0,130.49803826283107,0.802734375
32.96000077200006,190,1310.0,130.49803826283107,0.802734375
32.980000880000034,190,1310.0,132.7951575999072,0.814453125
33.000000896000074,190,1310.0,132.7951575999072,0.814453125
33.02000067000006,190,1310.0,135.106611969585,0.814453125
33.04000111200003,190,1310.0,135.106611969585,0.8046875
33.060001090000014,190,1310.0,135.106611969585,0.8046875
33.080000735,190,1310.0,137.41627648637814,0.810546875
33.100001714000086,190,1310.0,137.41627648637814,0.810546875
33.120001303000095,190,1310.0,139.7514203033034,0.810546875
33.14000107800007,190,1310.0,139.7514203033034,0.830078125
33.160001556,190,1310.0,139.7514203033034,0.830078125
