t,ref,angle,err,u,pwm,rate
1.5370000028269715e-06,0.0,0.0055278593468699455,-0.0055278593468699455,-0.00019353756845718784,1500,0.0
0.020001930000034918,0.0,0.0055278593468699455,-0.0055278593468699455,-0.000194116444534328,1500,0.0
0.040001230000029864,0.0,0.0055278593468699455,-0.0055278593468699455,-0.00019469532061146814,1500,0.0
0.06000075199995081,0.0,0.0055278593468699455,-0.0055278593468699455,-0.00019527419668860827,1500,0.0
0.08000149700001202,0.0,0.0055278593468699455,-0.0055278593468699455,-0.00019585307276574843,1500,0.0
0.10000127800003611,0.0,0.0055278593468699455,-0.0055278593468699455,-0.00019643194884288857,1500,0.0
0.12000141199996506,0.0,0.0055278593468699455,-0.0055278593468699455,-0.0001970108249200287,1500,0.0
0.1400007669999468,0.0,0.003105326274038589,-0.003105326274038589,-0.00011277365720828715,1500,0.0
0.1600013449999551,0.0,0.003105326274038589,-0.003105326274038589,-0.00011309884621527112,1500,0.0
0.18000097799995274,0.0,0.007235789366234258,-0.007235789366234258,-0.0002580369374876416,1500,0.0
0.20000085300000592,0.0,0.007235789366234258,-0.007235789366234258,-0.00025879466757817114,1500,0.0
0.22000081900000623,0.0,0.007235789366234258,-0.007235789366234258,-0.0002595523976687006,1500,0.0
0.24000089699995897,0.0,0.009658127106632719,-0.009658127106632719,-0.00034511933270476734,1500,0.0
0.26000095599999895,0.0,0.009658127106632719,-0.009658127106632719,-0.00034613072941028846,1500,0.0
0.280000700999949,0.0,0.009658127106632719,-0.009658127106632719,-0.0003471421261158096,1500,0.0
0.3000008899999784,0.0,0.009658127106632719,-0.009658127106632719,-0.00034815352282133074,1500,0.0
0.32000080099999195,0.0,0.009658127106632719,-0.009658127106632719,-0.00034916491952685186,1500,0.0
0.34000091600000815,0.0,0.009658127106632719,-0.009658127106632719,-0.000350176316232373,1500,0.0
0.36000091999994766,0.0,0.009658127106632719,-0.009658127106632719,-0.0003511877129378941,1500,0.0
0.38000086800002464,0.0,0.009658127106632719,-0.009658127106632719,-0.0003521991096434152,1500,0.0
0.40000098300004083,0.0,0.009658127106632719,-0.009658127106632719,-0.0003532105063489364,1500,0.0
0.4200009679999539,0.0,0.009658127106632719,-0.009658127106632719,-0.0003542219030544575,1500,0.0
0.44000100899995687,0.0,0.013299178866816419,-0.013299178866816419,-0.00048271127271016416,1500,0.0
0.4600009380000074,0.0,0.013299178866816419,-0.013299178866816419,-0.0004841039594643897,1500,0.0
0.4800006640000447,0.0,0.015721167380604584,-0.015721167380604584,-0.0005702936242848569,1500,0.0
0.5000007610000239,0.0,0.015721167380604584,-0.015721167380604584,-0.0005719399410831491,1500,0.0
0.5200010419999899,0.0,0.015721167380604584,-0.015721167380604584,-0.0005735862578814411,1500,0.0
0.5400008420000404,0.0,0.013299178866816419,-0.013299178866816419,-0.0004904355966134916,1500,0.0
0.5600007900000037,0.0,0.013299178866816419,-0.013299178866816419,-0.0004918282833677171,1500,0.0
0.5800010350000093,0.0,0.013299178866816419,-0.013299178866816419,-0.0004932209701219427,1500,0.0
0.6000008539999726,0.0,0.013299178866816419,-0.013299178866816419,-0.0004946136568761683,1500,0.0
0.6200007649999861,0.0,0.013299178866816419,-0.013299178866816419,-0.0004960063436303939,1500,0.0
0.6400009169999521,0.0,0.013299178866816419,-0.013299178866816419,-0.0004973990303846194,1500,0.0
0.6600012909999577,0.0,0.013299178866816419,-0.013299178866816419,-0.000498791717138845,1500,0.0
0.6800010539999448,0.0,0.013299178866816419,-0.013299178866816419,-0.0005001844038930706,1500,0.0
0.7000011510000377,0.0,0.013299178866816419,-0.013299178866816419,-0.0005015770906472961,1500,0.0
0.7200007100000221,0.0,0.013299178866816419,-0.013299178866816419,-0.0005029697774015218,1500,0.0
0.7400009179999643,0.0,0.015721167380604584,-0.015721167380604584,-0.000589159442221989,1500,0.0
0.7600014399999964,0.0,0.015721167380604584,-0.015721167380604584,-0.000590805759020281,1500,0.0
0.780001054999957,0.0,0.015721167380604584,-0.015721167380604584,-0.0005924520758185731,1500,0.0
0.8000010219999467,0.0,0.015721167380604584,-0.015721167380604584,-0.0005940983926168653,1500,0.0
0.8200008029999708,0.0,0.015721167380604584,-0.015721167380604584,-0.0005957447094151573,1500,0.0
0.8400009549999368,0.0,0.015721167380604584,-0.015721167380604584,-0.0005973910262134494,1500,0.0
0.860000940999953,0.0,0.015721167380604584,-0.015721167380604584,-0.0005990373430117415,1500,0.0
0.8800008150000167,0.0,0.01159109495466737,-0.01159109495466737,-0.0004560844352800949,1500,0.0
0.9000008000000435,0.0,0.01159109495466737,-0.01159109495466737,-0.00045729825190531635,1500,0.0
0.9200013779999381,0.0,0.01159109495466737,-0.01159109495466737,-0.00045851206853053786,1500,0.0
0.940001307999978,0.0,0.01159109495466737,-0.01159109495466737,-0.0004597258851557593,1500,0.0
0.9600009409999757,0.0,0.01159109495466737,-0.01159109495466737,-0.0004609397017809808,1500,0.0
0.9800008339999522,0.0,0.007991676159406325,-0.007991676159406325,-0.0003361331698804437,1500,0.0
1.000001042000008,0.0,0.007991676159406325,-0.007991676159406325,-0.0003369700562508524,1500,0.0
1.0200010270000348,0.0,0.007991676159406325,-0.007991676159406325,-0.00033780694262126106,1500,0.0
1.040000735000035,0.0,0.007991676159406325,-0.007991676159406325,-0.0003386438289916697,1500,0.0
1.0600007389999746,0.0,0.007991676159406325,-0.007991676159406325,-0.00033948071536207835,1500,0.0
1.0800013529999433,0.0,0.007991676159406325,-0.007991676159406325,-0.000340317601732487,1500,0.0
1.100001376000023,0.0,0.007991676159406325,-0.007991676159406325,-0.00034115448810289565,1500,0.0
1.1200013430000126,0.0,0.007991676159406325,-0.007991676159406325,-0.00034199137447330435,1500,0.0
1.1400014580000288,0.0,0.007991676159406325,-0.007991676159406325,-0.000342828260843713,1500,0.0
1.1600013129999525,0.0,0.007991676159406325,-0.007991676159406325,-0.00034366514721412164,1500,0.0
1.1800003910000214,0.0,0.007991676159406325,-0.007991676159406325,-0.0003445020335845303,1500,0.0
1.2000007279999636,0.0,0.007991676159406325,-0.007991676159406325,-0.000345338919954939,1500,0.0
1.2200003619999507,0.0,0.007991676159406325,-0.007991676159406325,-0.00034617580632534764,1500,0.0
1.2400002550000409,0.0,0.0038619528918388824,-0.0038619528918388824,-0.00020242569265592337,1500,0.0
1.2600003510000306,0.0,0.0038619528918388824,-0.0038619528918388824,-0.00020283011541704038,1500,0.0
1.280000298999994,0.0,0.00026207656389942713,-0.00026207656389942713,-7.71981708363413e-05,1500,0.0
1.3000006370000392,0.0,0.00026207656389942713,-0.00026207656389942713,-7.722561542993545e-05,1500,0.0
1.320000825999955,0.0,0.00026207656389942713,-0.00026207656389942713,-7.72530600235296e-05,1500,0.0
1.3400002920000134,0.0,0.00026207656389942713,-0.00026207656389942713,-7.728050461712375e-05,1500,0.0
1.360000369999966,0.0,0.00026207656389942713,-0.00026207656389942713,-7.73079492107179e-05,1500,0.0
1.3800002629999426,0.0,0.00026207656389942713,-0.00026207656389942713,-7.733539380431207e-05,1500,0.0
1.4000003779999588,0.0,0.00026207656389942713,-0.00026207656389942713,-7.736283839790622e-05,1500,0.0
1.4200003449999485,0.0,0.00026207656389942713,-0.00026207656389942713,-7.739028299150037e-05,1500,0.0
1.4400006820000044,0.0,0.00026207656389942713,-0.00026207656389942713,-7.741772758509452e-05,1500,0.0
1.4600003159999915,0.0,0.00026207656389942713,-0.00026207656389942713,-7.744517217868867e-05,1500,0.0
1.4800004859999945,0.0,0.00026207656389942713,-0.00026207656389942713,-7.747261677228283e-05,1500,0.0
1.5000005639999472,0.0,0.00026207656389942713,-0.00026207656389942713,-7.750006136587698e-05,1500,0.0
1.520000309000011,0.0,0.00026207656389942713,-0.00026207656389942713,-7.752750595947113e-05,1500,0.0
1.5400004050000007,0.0,0.00026207656389942713,-0.00026207656389942713,-7.755495055306528e-05,1500,0.0
1.5600002789999508,0.0,0.00026207656389942713,-0.00026207656389942713,-7.758239514665943e-05,1500,0.0
1.580000616999996,0.0,0.00026207656389942713,-0.00026207656389942713,-7.760983974025359e-05,1500,0.0
1.600000786999999,0.0,0.00026207656389942713,-0.00026207656389942713,-7.763728433384774e-05,1500,0.0
1.6200004019999596,0.0,0.00026207656389942713,-0.00026207656389942713,-7.766472892744189e-05,1500,0.0
1.6400004429999626,0.0,-0.003867297546634063,0.003867297546634063,6.688260207545982e-05,1500,0.0
1.6600004289999788,0.0,-0.003867297546634063,0.003867297546634063,6.728758452751819e-05,1500,0.0
1.680000376999942,0.0,-0.003867297546634063,0.003867297546634063,6.769256697957657e-05,1500,0.0
1.7000008439999874,0.0,-0.003867297546634063,0.003867297546634063,6.809754943163495e-05,1500,0.0
1.7200007740000274,0.0,-0.003867297546634063,0.003867297546634063,6.850253188369333e-05,1500,0.0
1.7400004810000382,0.0,-0.002689995533387446,0.002689995533387446,0.0017855011347141997,1500,-0.001953125
1.760000319000028,0.0,-0.002689995533387446,0.002689995533387446,0.0024889078303877293,1500,-0.001953125
1.7800003969999807,0.0,-0.0002674212186946079,0.0002674212186946079,0.002685622038340994,1500,-0.001953125
1.8000006229999599,0.0,-0.0002674212186946079,0.0002674212186946079,-0.0024752874573744704,1500,0.00390625
1.8200004789999866,0.0,-0.0002674212186946079,0.0002674212186946079,-0.004539634453089935,1500,0.00390625
1.8400006120000398,0.0,0.0033740933353101354,-0.0033740933353101354,-0.00021941312477111093,1500,-0.001953125
1.860000412999966,0.0,0.0033740933353101354,-0.0033740933353101354,0.0015593085410010646,1500,-0.001953125
1.8800003979999929,0.0,0.0033740933353101354,-0.0033740933353101354,0.0022705852067732403,1500,-0.001953125
1.900000271999943,0.0,0.0033740933353101354,-0.0033740933353101354,0.0007970713725454158,1500,0.0
1.920000257999959,0.0,0.0033740933353101354,-0.0033740933353101354,0.00020745383831759123,1500,0.0
1.9400003729999753,0.0,0.009925497403429517,-0.009925497403429517,0.003257646619425595,1500,-0.00390625
1.960000339999965,0.0,0.009925497403429517,-0.009925497403429517,0.004568574951768067,1500,-0.00390625
1.980000288000042,0.0,0.009438290637888258,-0.009438290637888258,0.0051093803918770934,1500,-0.00390625
2.000000550999971,-60.0,0.009438290637888258,-60.00943829063789,-2.101008734570642,1900.0,0.0
2.02000074099999,-60.0,0.009438290637888258,-60.00943829063789,-2.107292908253306,1900.0,0.0
2.0400003190000007,-60.0,0.009438290637888258,-60.00943829063789,-2.1118192694359696,1900.0,-0.001953125
2.0600003780000407,-60.0,0.009438290637888258,-60.00943829063789,-2.117400318118634,1900.0,-0.001953125
2.0800002900000436,-60.0,0.0099676038041423,-60.00996760380414,-2.123421773745893,1900.0,-0.001953125
2.1000003860000334,-60.0,0.0099676038041423,-60.00996760380414,-2.1331091278581025,1900.0,0.001953125
2.12000027900001,-60.0,0.0099676038041423,-60.00996760380414,-2.1407546069703116,1900.0,0.001953125
2.1400002829999494,-60.0,0.011994222199973592,-60.011994222199974,-2.1423808531368804,1900.0,-0.00390625
2.160000545999992,-60.0,0.011994222199973592,-60.011994222199974,-2.1467737194760717,1900.0,-0.00390625
2.180000661000008,-60.0,-0.006979324728717984,-59.99302067527128,-2.1516372421807,1900.0,-0.00390625
2.2000004059999583,-60.0,-0.006979324728717984,-59.99302067527128,-2.148827982114703,1900.0,-0.013671875
2.220000390999985,-60.0,-0.006979324728717984,-59.99302067527128,-2.151473750748706,1900.0,-0.013671875
2.2400005060000012,-60.0,-0.05779621007891933,-59.94220378992108,-2.13167080290098,1900.0,-0.0390625
2.260000307000041,-60.0,-0.05779621007891933,-59.94220378992108,-2.1282254410751937,1900.0,-0.0390625
2.280000384999994,-60.0,-0.17192345666379083,-59.82807654333621,-2.1266178322706093,1900.0,-0.0390625
2.300000389000047,-60.0,-0.17192345666379083,-59.82807654333621,-2.1295696021390276,1900.0,-0.041015625
2.3200002439999707,-60.0,-0.17192345666379083,-59.82807654333621,-2.134509419001334,1900.0,-0.041015625
2.340000248000024,-60.0,-0.3039273466608279,-59.69607265333917,-2.1057400137343834,1900.0,-0.07421875
2.360000381999953,-60.0,-0.3039273466608279,-59.69607265333917,-2.0998261884982314,1900.0,-0.07421875
2.3800002560000166,-60.0,-0.5005593731551983,-59.4994406268448,-2.094327129457634,1900.0,-0.07421875
2.400000445000046,-60.0,-0.5005593731551983,-59.4994406268448,-2.1021270919744715,1900.0,-0.0703125
2.420000468000012,-60.0,-0.5005593731551983,-59.4994406268448,-2.1089855370925266,1900.0,-0.0703125
2.440000509000015,-60.0,-0.6767286216908985,-59.3232713783091,-2.123361959995078,1900.0,-0.0546875
2.460000308999952,-60.0,-0.6767286216908985,-59.3232713783091,-2.1349246148628587,1900.0,-0.0546875
2.480000423999968,-60.0,-0.806805580015407,-59.19319441998459,-2.1326742438643893,1900.0,-0.0546875
2.500000299000021,-60.0,-0.806805580015407,-59.19319441998459,-2.123043437427995,1900.0,-0.06640625
2.5200004140000374,-60.0,-0.806805580015407,-59.19319441998459,-2.1191911148534377,1900.0,-0.06640625
2.5400003620000007,-60.0,-0.9695733691505382,-59.03042663084946,-2.115484143150415,1900.0,-0.0625
2.56000042200003,-60.0,-0.9695733691505382,-59.03042663084946,-2.116274021538486,1900.0,-0.0625
2.5800007589999723,-60.0,-1.1418027733631106,-58.85819722663689,-2.1105780325491983,1900.0,-0.0625
2.600000669999986,-60.0,-1.1418027733631106,-58.85819722663689,-2.1194934755912898,1900.0,-0.052734375
2.6200006189999385,-60.0,-1.1418027733631106,-58.85819722663689,-2.1230596528081263,1900.0,-0.052734375
2.640000418999989,-60.0,-1.2632106128290275,-58.73678938717097,-2.092123190622035,1900.0,-0.083984375
2.660000330999992,-60.0,-1.2632106128290275,-58.73678938717097,-2.081443778976729,1900.0,-0.083984375
2.680000261000032,-60.0,-1.4572872562270334,-58.54271274377297,-2.070397461461578,1900.0,-0.083984375
2.7000002649999715,-60.0,-1.4572872562270334,-58.54271274377297,-2.082751255598329,1900.0,-0.068359375
2.720000528000014,-60.0,-1.4572872562270334,-58.54271274377297,-2.0876927732530297,1900.0,-0.068359375
2.740000476999967,-60.0,-1.6431931275017746,-58.356806872498225,-2.086695666209844,1900.0,-0.064453125
2.7600003510000306,-60.0,-1.6431931275017746,-58.356806872498225,-2.088892559034596,1900.0,-0.064453125
2.7800003180000203,-60.0,-1.8287321218095087,-58.17126787819049,-2.067474470981479,1900.0,-0.08203125
2.800000563000026,-60.0,-1.8287321218095087,-58.17126787819049,-2.0614978488334392,1900.0,-0.08203125
2.8200005109999893,-60.0,-1.8287321218095087,-58.17126787819049,-2.0591071999742234,1900.0,-0.08203125
2.840000293000003,-60.0,-2.017536081899067,-57.98246391810093,-2.0480448139418037,1900.0,-0.0859375
2.8600003159999687,-60.0,-2.017536081899067,-57.98246391810093,-2.046256060124329,1900.0,-0.0859375
2.8800002640000457,-60.0,-2.2612348247031946,-57.738765175296805,-2.038791680207533,1900.0,-0.083984375
2.9000002679999852,-60.0,-2.2612348247031946,-57.738765175296805,-2.0392086045967375,1900.0,-0.083984375
2.9200003280000146,-60.0,-2.2612348247031946,-57.738765175296805,-2.039375374352419,1900.0,-0.083984375
2.9400003690000176,-60.0,-2.5106883856941806,-57.48931161430582,-2.006125135314458,1900.0,-0.111328125
2.960000280000031,-60.0,-2.5106883856941806,-57.48931161430582,-1.9963080684753667,1900.0,-0.111328125
2.9800003770000103,-60.0,-2.800517753154054,-57.199482246845946,-1.9857799132774354,1900.0,-0.107421875
3.00000025199995,-60.0,-2.800517753154054,-57.199482246845946,-1.985615432583181,1900.0,-0.107421875
3.0200004219999528,-60.0,-2.800517753154054,-57.199482246845946,-1.985549640305479,1900.0,-0.107421875
3.040000297000006,-60.0,-3.0896674028523137,-56.910332597147686,-1.9683988465579527,1900.0,-0.115234375
3.060000356000046,-60.0,-3.0896674028523137,-56.910332597147686,-1.9655758197935205,1900.0,-0.115234375
3.0800002490000224,-60.0,-3.4321116542760137,-56.567888345723986,-1.945461799704006,1900.0,-0.123046875
3.100000326999975,-60.0,-3.4321116542760137,-56.567888345723986,-1.9421976154216969,1900.0,-0.123046875
3.120000349999941,-60.0,-3.4321116542760137,-56.567888345723986,-1.940891941708773,1900.0,-0.123046875
3.1400003170000446,-60.0,-3.762325646288531,-56.23767435371147,-1.9235695919300582,1900.0,-0.12890625
3.160000320999984,-60.0,-3.762325646288531,-56.23767435371147,-1.9212513091359904,1900.0,-0.12890625
3.180000251000024,-60.0,-4.121759363158731,-55.87824063684127,-1.9060195799142314,1900.0,-0.130859375
3.200000384999953,-60.0,-4.121759363158731,-55.87824063684127,-1.9049455296671804,1900.0,-0.130859375
3.220000443999993,-60.0,-4.121759363158731,-55.87824063684127,-1.9045159095683601,1900.0,-0.130859375
3.240000319000046,-60.0,-4.481636864739073,-55.51836313526093,-1.8935397794159758,1900.0,-0.12890625
3.2600002670000094,-60.0,-4.481636864739073,-55.51836313526093,-1.8941741652001647,1900.0,-0.12890625
3.280000327000039,-60.0,-4.846618483342979,-55.15338151665702,-1.8799298451060473,1900.0,-0.130859375
3.3000003869999546,-60.0,-4.846618483342979,-55.15338151665702,-1.8793282218315175,1900.0,-0.130859375
3.320000316000005,-60.0,-5.190059732731186,-54.809940267268814,-1.8670992113437315,1900.0,-0.130859375
3.340000228000008,-60.0,-5.190059732731186,-54.809940267268814,-1.8810654516198064,1900.0,-0.115234375
3.360000269000011,-60.0,-5.190059732731186,-54.809940267268814,-1.8866519477302366,1900.0,-0.115234375
3.3800003290000404,-60.0,-5.5267315834608155,-54.473268416539184,-1.8542829190863788,1900.0,-0.140625
3.4000002589999667,-60.0,-5.5267315834608155,-54.473268416539184,-1.8460361334640474,1900.0,-0.140625
3.420000373999983,-60.0,-5.9402705422285464,-54.059729457771454,-1.828302186383583,1900.0,-0.140625
3.4400003590000097,-60.0,-5.9402705422285464,-54.059729457771454,-1.8146780131840101,1900.0,-0.154296875
3.460000251999986,-60.0,-5.9402705422285464,-54.059729457771454,-1.8092283439041807,1900.0,-0.154296875
3.4800003120000156,-60.0,-6.363217352062605,-53.636782647937395,-1.8186520349074282,1900.0,-0.125
3.500000259999979,-60.0,-6.363217352062605,-53.636782647937395,-1.8283269628226555,1900.0,-0.125
3.520000245999995,-60.0,-6.689286741544663,-53.31071325845534,-1.8208149651158871,1900.0,-0.125
3.5400003060000245,-60.0,-6.689286741544663,-53.31071325845534,-1.8223629535823234,1900.0,-0.125
3.560000383999977,-60.0,-6.689286741544663,-53.31071325845534,-1.822982148968898,1900.0,-0.125
3.5800005730000066,-60.0,-7.007926469477127,-52.99207353052287,-1.7962868898633666,1900.0,-0.142578125
3.6000004109999963,-60.0,-7.007926469477127,-52.99207353052287,-1.7900578361252184,1900.0,-0.142578125
3.6200004519999993,-60.0,-7.457978653508718,-52.54202134649128,-1.771856429795674,1900.0,-0.142578125
3.640000418999989,-60.0,-7.457978653508718,-52.54202134649128,-1.7550394686975703,1900.0,-0.16015625
3.660000349000029,-60.0,-7.457978653508718,-52.54202134649128,-1.7483126842583288,1900.0,-0.16015625
3.6800002979999817,-60.0,-7.911521490851385,-52.088478509148615,-1.7473684638616989,1900.0,-0.140625
3.7000003570000217,-60.0,-7.911521490851385,-52.088478509148615,-1.7533234283514203,1900.0,-0.140625
3.7200003980000247,-60.0,-8.261079290632864,-51.738920709367136,-1.743503545082881,1900.0,-0.140625
3.74000055099998,-60.0,-8.261079290632864,-51.738920709367136,-1.7391829019012364,1900.0,-0.146484375
3.760000425000044,-60.0,-8.261079290632864,-51.738920709367136,-1.7374546446285786,1900.0,-0.146484375
3.780000337000047,-60.0,-8.689624428867688,-51.31037557113231,-1.6971949194082916,1900.0,-0.173828125
3.8000004149999995,-60.0,-8.689624428867688,-51.31037557113231,-1.6870746482446664,1900.0,-0.173828125
3.820000307999976,-60.0,-9.21646557155475,-50.78353442844525,-1.6646363146294993,1900.0,-0.173828125
3.8400004420000187,-60.0,-9.21646557155475,-50.78353442844525,-1.6735639462433192,1900.0,-0.162109375
3.860000445999958,-60.0,-9.21646557155475,-50.78353442844525,-1.6771349988888473,1900.0,-0.162109375
3.880000265000035,-60.0,-9.680142586748701,-50.3198574132513,-1.63776866378515,1900.0,-0.189453125
3.9000002509999376,-60.0,-9.680142586748701,-50.3198574132513,-1.6284962822084346,1900.0,-0.189453125
3.9200004030000173,-60.0,-10.174594019096048,-49.82540598090395,-1.6075277186064216,1900.0,-0.189453125
3.9400003329999436,-60.0,-10.174594019096048,-49.82540598090395,-1.6078019500541472,1900.0,-0.1875
3.9600002629999835,-60.0,-10.174594019096048,-49.82540598090395,-1.6079116426332374,1900.0,-0.1875
3.9800002489999997,-60.0,-10.716717077025919,-49.28328292297408,-1.5802427925411613,1900.0,-0.197265625
4.000000345999979,-60.0,-10.716717077025919,-49.28328292297408,-1.5767447183538157,1900.0,-0.197265625
4.020000405000019,-60.0,-11.316315044863757,-48.68368495513624,-1.5544155712248027,1900.0,-0.197265625
4.040000243000009,-60.0,-11.316315044863757,-48.68368495513624,-1.5468246293548273,1900.0,-0.205078125
4.0600002659999745,-60.0,-11.316315044863757,-48.68368495513624,-1.5437882526068374,1900.0,-0.205078125
4.0800003069999775,-60.0,-11.884977037401086,-48.115022962598914,-1.5104189662061858,1900.0,-0.21875
4.100000292000004,-60.0,-11.884977037401086,-48.115022962598914,-1.505011270926507,1900.0,-0.21875
4.12000027800002,-60.0,-12.490541112538239,-47.50945888746176,-1.4817100189287604,1900.0,-0.21875
4.14000028199996,-60.0,-12.490541112538239,-47.50945888746176,-1.480844787684012,1900.0,-0.21875
4.160000416000003,-60.0,-12.490541112538239,-47.50945888746176,-1.4804986951861125,1900.0,-0.21875
4.180000382999992,-60.0,-13.143102973821527,-46.85689702617847,-1.441761239582281,1900.0,-0.236328125
4.2000003870000455,-60.0,-13.143102973821527,-46.85689702617847,-1.435377739782617,1900.0,-0.236328125
4.220000280000022,-60.0,-13.796052739003727,-46.20394726099627,-1.4100320933576453,1900.0,-0.236328125
4.240000302999988,-60.0,-13.796052739003727,-46.20394726099627,-1.426588858389699,1900.0,-0.216796875
4.260000251999941,-60.0,-13.796052739003727,-46.20394726099627,-1.4332115644025205,1900.0,-0.216796875
4.280000330000007,-60.0,-14.38390476199777,-45.61609523800223,-1.4100673026761381,1900.0,-0.22265625
4.300000333999947,-60.0,-14.38390476199777,-45.61609523800223,-1.4090175606381896,1900.0,-0.22265625
4.320000357000026,-60.0,-15.043454789798346,-44.956545210201654,-1.3855750246895298,1900.0,-0.22265625
4.340000379000003,-60.0,-15.043454789798346,-44.956545210201654,-1.367828940963458,1900.0,-0.2421875
4.360000365000019,-60.0,-15.043454789798346,-44.956545210201654,-1.3607305074730294,1900.0,-0.2421875
4.3800002579999955,-60.0,-15.766081066463556,-44.233918933536444,-1.336182343498387,1900.0,-0.23828125
4.400000280999961,-60.0,-15.766081066463556,-44.233918933536444,-1.3364528441399184,1900.0,-0.23828125
4.420000395999978,-60.0,-16.420302399248754,-43.579697600751246,-1.3137244118087565,1900.0,-0.23828125
4.440000362999967,-60.0,-16.420302399248754,-43.579697600751246,-1.3014630044114015,1900.0,-0.251953125
4.460000255999944,-60.0,-16.420302399248754,-43.579697600751246,-1.2965584414524596,1900.0,-0.251953125
4.480000315999973,-60.0,-17.096351744011855,-42.903648255988145,-1.27802929232475,1900.0,-0.244140625
4.5000003019999895,-60.0,-17.096351744011855,-42.903648255988145,-1.2800570622513194,1900.0,-0.244140625
4.520000342999992,-60.0,-17.81430166966814,-42.18569833033186,-1.2558069900876454,1900.0,-0.244140625
4.540000364999969,-60.0,-17.81430166966814,-42.18569833033186,-1.2561314332758966,1900.0,-0.244140625
4.5600002579999455,-60.0,-17.81430166966814,-42.18569833033186,-1.256261210551197,1900.0,-0.244140625
4.580000651999967,-60.0,-18.537143511031502,-41.4628564889685,-1.197682743755379,1900.0,-0.28125
4.600000582000007,-60.0,-18.537143511031502,-41.4628564889685,-1.184344133119427,1900.0,-0.28125
4.620000381999944,-60.0,-19.29244759965937,-40.70755240034063,-1.1526436024643836,1900.0,-0.28125
4.64000033100001,-60.0,-19.29244759965937,-40.70755240034063,-1.1645719247626312,1900.0,-0.265625
4.660000706000005,-60.0,-19.29244759965937,-40.70755240034063,-1.1693432536819302,1900.0,-0.265625
4.6800004140000055,-60.0,-20.040458821979684,-39.95954117802032,-1.1556881429069361,1900.0,-0.25390625
4.700000287999956,-60.0,-20.040458821979684,-39.95954117802032,-1.1606703055340242,1900.0,-0.25390625
4.7200003670000115,-60.0,-20.781625201656652,-39.21837479834335,-1.1367915833239604,1900.0,-0.25390625
4.74000062999994,-60.0,-20.781625201656652,-39.21837479834335,-1.1112215418442946,1900.0,-0.283203125
4.760000300999991,-60.0,-20.781625201656652,-39.21837479834335,-1.100993525252428,1900.0,-0.283203125
4.780000378999944,-60.0,-21.558376307714553,-38.44162369228545,-1.0820932775772454,1900.0,-0.26953125
4.800000549999936,-60.0,-21.558376307714553,-38.44162369228545,-1.0853786699225467,1900.0,-0.26953125
4.820000350999976,-60.0,-22.33042419044523,-37.66957580955477,-1.0597432717872646,1900.0,-0.26953125
4.8400004290000425,-60.0,-22.33042419044523,-37.66957580955477,-1.0637845595625128,1900.0,-0.265625
4.860000396000032,-60.0,-22.33042419044523,-37.66957580955477,-1.0654010746726121,1900.0,-0.265625
4.880000308000035,-60.0,-23.058348847636353,-36.94165115236365,-1.0441539417677794,1900.0,-0.26171875
4.900000256999988,-60.0,-23.058348847636353,-36.94165115236365,-1.0458188341853953,1900.0,-0.26171875
4.9200003910000305,-60.0,-23.79382328101221,-36.20617671898779,-1.0208118902991452,1900.0,-0.26171875
4.940000338999994,-60.0,-23.79382328101221,-36.20617671898779,-0.9982267105859637,1899.5744105406313,-0.287109375
4.96000032500001,-60.0,-23.79382328101221,-36.20617671898779,-0.9891926387006911,1897.4062332881658,-0.287109375
4.980000311000026,-60.0,-24.626529804850946,-35.37347019514905,-0.9600276938589367,1890.4066465261449,-0.283203125
5.0000007600000345,-60.0,-24.626529804850946,-35.37347019514905,-0.959988492357293,1890.3972381657504,-0.283203125
5.020000355999969,-60.0,-25.44184982603494,-34.55815017396506,-0.9315127741024546,1883.563065784589,-0.283203125
5.040000267999972,-60.0,-25.44184982603494,-34.55815017396506,-0.9332643143621917,1883.983435446926,-0.28125
5.060000382999988,-60.0,-25.44184982603494,-34.55815017396506,-0.9339649304660864,1884.1515833118608,-0.28125
5.080000258000041,-60.0,-26.23490794216255,-33.76509205783745,-0.8696481638354636,1868.7155593205111,-0.322265625
5.1000003729999435,-60.0,-26.23490794216255,-33.76509205783745,-0.8549946374120868,1865.1987129789009,-0.322265625
5.120000267000023,-60.0,-27.204476063276843,-32.79552393672316,-0.8152889147710969,1855.6693395450634,-0.322265625
5.140000308000026,-60.0,-27.204476063276843,-32.79552393672316,-0.7566943505433567,1841.6066441304056,-0.384765625
5.160000256999979,-60.0,-27.204476063276843,-32.79552393672316,-0.7332565248522606,1835.9815659645426,-0.384765625
5.180000297999982,-60.0,-28.397998592029666,-31.602001407970334,-0.625969598928891,1810.2327037429338,-0.447265625
5.200000302000035,-60.0,-28.397998592029666,-31.602001407970334,-0.5997195468183156,1803.9326912363958,-0.447265625
5.220000344000027,-60.0,-29.712740031754038,-30.287259968245962,-0.5433263921028838,1790.3983341046921,-0.447265625
5.24000032899994,-60.0,-29.712740031754038,-30.287259968245962,-0.4916654462651918,1777.999707103646,-0.5
5.26000038899997,-60.0,-29.712740031754038,-30.287259968245962,-0.471001067930115,1773.0402563032276,-0.5
5.280000300999973,-60.0,-31.131253460815117,-28.868746539184883,-0.37982141945434256,1751.1571406690423,-0.537109375
5.300000435000015,-60.0,-31.131253460815117,-28.868746539184883,-0.36315574392073025,1747.1573785409753,-0.537109375
5.320000253999979,-60.0,-32.70349462391624,-27.296505376083758,-0.3016079038442856,1732.3858969226285,-0.537109375
5.340000388000021,-60.0,-32.70349462391624,-27.296505376083758,-0.27257420825890777,1725.417809982138,-0.56640625
5.3600005030000375,-60.0,-32.70349462391624,-27.296505376083758,-0.2609607300247566,1722.6305752059416,-0.56640625
5.380000396000014,-60.0,-34.3516431854292,-25.648356814570803,-0.1776903508102774,1702.6456841944666,-0.58984375
5.40000041899998,-60.0,-34.3516431854292,-25.648356814570803,-0.16739469429281328,1700.1747266302752,-0.58984375
5.420000275000007,-60.0,-36.01504694555345,-23.98495305444655,-0.10521268687738317,1685.251044850572,-0.58984375
5.440000426999973,-60.0,-36.01504694555345,-23.98495305444655,-0.09477631933458885,1682.7463166403013,-0.599609375
5.460000338999976,-60.0,-36.01504694555345,-23.98495305444655,-0.09060177231747124,1681.744425356193,-0.599609375
5.480000288000042,-60.0,-37.71625627749248,-22.283743722507523,-0.027790732794646056,1500,-0.6015625
5.500000311000008,-60.0,-37.71625627749248,-22.283743722507523,-0.02641968027190722,1500,-0.6015625
5.520000352000011,-60.0,-39.476572506641816,-20.523427493358184,0.03557536888708235,1500,-0.6015625
5.540000338000027,-60.0,-39.476572506641816,-20.523427493358184,0.037552549790720646,1500,-0.603515625
5.560000396999953,-60.0,-39.476572506641816,-20.523427493358184,0.0383434221521759,1500,-0.603515625
5.5800006429999485,-60.0,-41.186702309287455,-18.813297690712545,0.08956549998205243,1500,-0.59375
5.6000005910000255,-60.0,-41.186702309287455,-18.813297690712545,0.08617641455988534,1500,-0.59375
5.620000391999952,-60.0,-42.84915349968708,-17.150846500312923,0.14285127424336352,1500,-0.59375
5.6400003589999415,-60.0,-42.84915349968708,-17.150846500312923,0.13351995807581674,1500,-0.583984375
5.660000289999971,-60.0,-42.84915349968708,-17.150846500312923,0.12978743160879802,1500,-0.583984375
5.680000256999961,-60.0,-44.515581181532525,-15.484418818467475,0.1776746581111499,1500,-0.57421875
5.7000002979999635,-60.0,-44.515581181532525,-15.484418818467475,0.1735618288764268,1500,-0.57421875
5.720000321000043,-60.0,-46.17964084524806,-13.82035915475194,0.23000333734546896,1500,-0.57421875
5.740000418000022,-60.0,-46.17964084524806,-13.82035915475194,0.22231403466791333,1500,-0.56640625
5.760000534000028,-60.0,-46.17964084524806,-13.82035915475194,0.21923831359689117,1320.2685517762798,-0.56640625
5.780000297000015,-60.0,-47.767096621779075,-12.232903378220925,0.26638943522902125,1316.024950829388,-0.55859375
5.800000523999984,-60.0,-47.767096621779075,-12.232903378220925,0.26308481985765764,1316.3223662128107,-0.55859375
5.820000399000037,-60.0,-49.34772954597088,-10.652270454029122,0.3169374712942581,1311.4756275835168,-0.55859375
5.84000044000004,-60.0,-49.34772954597088,-10.652270454029122,0.30234623283483997,1312.7888390448643,-0.54296875
5.8600002780000295,-60.0,-49.34772954597088,-10.652270454029122,0.29650973745107256,1313.3141236294034,-0.54296875
5.8800003009999955,-60.0,-50.91208961025529,-9.087910389744707,0.331203481914512,1310.1916866276938,-0.5234375
5.900000286000022,-60.0,-50.91208961025529,-9.087910389744707,0.32323839265310916,1310.9085446612203,-0.5234375
5.920000493999964,-60.0,-52.39933132572254,-7.600668674277458,0.3719668863643725,1306.5229802272065,-0.5234375
5.940000388000044,-60.0,-52.39933132572254,-7.600668674277458,0.34959872208254816,1308.5361150125707,-0.5
5.960000261999994,-60.0,-52.39933132572254,-7.600668674277458,0.3406514563698183,1309.3413689267163,-0.5
5.980000452000013,-60.0,-53.76729212934352,-6.232707870656483,0.34966714020755363,1308.5299573813202,-0.4609375
6.000000438000029,-60.0,-53.76729212934352,-6.232707870656483,0.3341730776935168,1309.9244230075835,-0.4609375
6.020000386999982,-60.0,-55.04399463184235,-4.956005368157648,0.37254077716201384,1306.4713300554188,-0.4609375
6.040000447000011,-60.0,-55.04399463184235,-4.956005368157648,0.31556953965976786,1311.598741430621,-0.400390625
6.060000394999975,-60.0,-55.04399463184235,-4.956005368157648,0.29278104465886956,1313.6497059807018,-0.400390625
6.0800004179999405,-60.0,-56.14997753064107,-3.850022469358933,0.2572326702680878,1316.849059675872,-0.328125
6.100000274999957,-60.0,-56.14997753064107,-3.850022469358933,0.22757088606794407,1319.518620253885,-0.328125
6.1200007049999385,-60.0,-57.00816139290136,-2.991838607098643,0.24566244035573376,1317.8903803679839,-0.328125
6.140000412999939,-60.0,-57.00816139290136,-2.991838607098643,0.17411967988371074,1324.329228810466,-0.25390625
6.160000731999958,-60.0,-57.00816139290136,-2.991838607098643,0.1455025756949015,1326.9047681874588,-0.25390625
6.1800010509999765,-60.0,-57.6735237258591,-2.3264762741409015,0.09575782337710459,1331.3817958960606,-0.185546875
6.20000092600003,-60.0,-57.6735237258591,-2.3264762741409015,0.06656971170689513,1500,-0.185546875
6.220000726999956,-60.0,-58.14974915265725,-1.8502508473427497,0.0715178703974973,1500,-0.185546875
6.240000879000036,-60.0,-58.14974915265725,-1.8502508473427497,-0.0017069149697362396,1500,-0.109375
6.260000957999978,-60.0,-58.14974915265725,-1.8502508473427497,-0.030996829116629654,1500,-0.109375
6.280000758000028,-60.0,-58.431879129531,-1.5681208704690022,-0.06450522574534229,1500,-0.07421875
6.300015411000004,-60.0,-58.431879129531,-1.5681208704690022,-0.08184786200884525,1500,-0.07421875
6.320001007999963,-60.0,-58.616595575298575,-1.3834044247014248,-0.08233709619179486,1500,-0.07421875
6.340000679000013,-60.0,-58.616595575298575,-1.3834044247014248,-0.11323691799395534,1500,-0.04296875
6.360000998000032,-60.0,-58.616595575298575,-1.3834044247014248,-0.12559684671481952,1500,-0.04296875
6.380000742999982,-60.0,-58.7461689965764,-1.253831003423599,-0.14711160255442174,1500,-0.01953125
6.4000008399999615,-60.0,-58.7461689965764,-1.253831003423599,-0.15752669114976,1500,-0.01953125
6.420000863000041,-60.0,-58.804878166387056,-1.1951218336129443,-0.15964338995927857,1500,-0.01953125
6.440000701000031,-60.0,-58.804878166387056,-1.1951218336129443,-0.1788879291345327,1500,0.0
6.460000889999947,-60.0,-58.804878166387056,-1.1951218336129443,-0.18658574480463433,1500,0.0
6.480000765,-60.0,-58.785511403145975,-1.214488596854025,-0.20791902364069711,1709.9005656737672,0.01953125
6.5000006210000265,-60.0,-58.785511403145975,-1.214488596854025,-0.21618192414791337,1711.8836617954992,0.01953125
6.520001106999985,-60.0,-58.74153680937887,-1.2584631906211285,-0.22102208724772576,1713.0453009394541,0.01953125
6.540000778000035,-60.0,-58.74153680937887,-1.2584631906211285,-0.21707071382888035,1712.0969713189313,0.013671875
6.560000985999977,-60.0,-58.74153680937887,-1.2584631906211285,-0.2154901644613422,1711.7176394707221,0.013671875
6.580001398000036,-60.0,-58.74056939812003,-1.25943060187997,-0.19907140123770223,1707.7771362970486,-0.00390625
6.600001253999949,-60.0,-58.74056939812003,-1.25943060187997,-0.19249038833889612,1706.1976932013351,-0.00390625
6.620001109999976,-60.0,-58.76935519109797,-1.2306448089020279,-0.18885316944884858,1705.3247606677237,-0.00390625
6.640001095999992,-60.0,-58.76935519109797,-1.2306448089020279,-0.1807689573850396,1703.3845497724096,-0.01171875
6.660001211999997,-60.0,-58.76935519109797,-1.2306448089020279,-0.177535272559516,1702.6084654142837,-0.01171875
6.680000994000011,-60.0,-58.83471302461464,-1.1652869753853565,-0.15989787985563414,1698.3754911653523,-0.02734375
6.70000118400003,-60.0,-58.83471302461464,-1.1652869753853565,-0.15375549028355034,1696.9013176680521,-0.02734375
6.720001317999959,-60.0,-58.94259626644603,-1.0574037335539686,-0.14753269889935083,1695.4078477358441,-0.02734375
6.740001229999962,-60.0,-58.94259626644603,-1.0574037335539686,-0.14127647906781743,1693.9063549762761,-0.033203125
6.760001270999965,-60.0,-58.94259626644603,-1.0574037335539686,-0.13877399113520408,1693.305757872449,-0.033203125
6.780000701999938,-60.0,-59.06279995459764,-0.9372000454023635,-0.12478803319958674,1689.9491279679007,-0.04296875
6.800001206000047,-60.0,-59.06279995459764,-0.9372000454023635,-0.1208720101303686,1689.0092824312885,-0.04296875
6.820001210999976,-60.0,-59.179761405272444,-0.8202385947275559,-0.11522287607831266,1687.653490258795,-0.04296875
6.840000973999963,-60.0,-59.179761405272444,-0.8202385947275559,-0.11283849988723776,1687.081239972937,-0.044921875
6.860000645000014,-60.0,-59.179761405272444,-0.8202385947275559,-0.1118847494108078,1686.852339858594,-0.044921875
6.880000909000046,-60.0,-59.32601719802683,-0.6739828019731675,-0.10112452145287873,1684.269885148691,-0.05078125
6.900001024999938,-60.0,-59.32601719802683,-0.6739828019731675,-0.09886254637664993,1683.727011130396,-0.05078125
6.9200007880000385,-60.0,-59.50688217383831,-0.49311782616169353,-0.09164437768725815,1681.9946506449419,-0.05078125
6.940000922999957,-60.0,-59.50688217383831,-0.49311782616169353,-0.08776683667506155,1681.0640408020147,-0.0546875
6.96000096399996,-60.0,-59.50688217383831,-0.49311782616169353,-0.0862158202701829,1680.6917968648438,-0.0546875
6.980000765,-60.0,-59.71326049714715,-0.28673950285285343,-0.07311801371526222,1500,-0.060546875
7.000001046999955,-60.0,-59.71326049714715,-0.28673950285285343,-0.07076047609048164,1500,-0.060546875
7.020000792000019,-60.0,-59.92997543057406,-0.07002456942593938,-0.062252682787489466,1500,-0.060546875
7.04000118600004,-60.0,-59.92997543057406,-0.07002456942593938,-0.06539110176752458,1500,-0.056640625
7.060000911999964,-60.0,-59.92997543057406,-0.07002456942593938,-0.06664646935953862,1500,-0.056640625
7.080000806000044,-60.0,-60.13145780145429,0.13145780145428887,-0.06889085115439872,1500,-0.046875
7.100001068999973,-60.0,-60.13145780145429,0.13145780145428887,-0.07259356874034412,1500,-0.046875
7.120000944000026,-60.0,-60.302729127726394,0.30272912772639415,-0.06806996343069852,1500,-0.046875
7.140001225999981,-60.0,-60.302729127726394,0.30272912772639415,-0.07214852412093098,1500,-0.04296875
7.1600008049999815,-60.0,-60.302729127726394,0.30272912772639415,-0.07376092736495012,1500,-0.04296875
7.180000642999971,-60.0,-60.43098170024257,0.4309817002425689,-0.08044345272337645,1679.3064286536103,-0.03125
7.2000010919999795,-60.0,-60.43098170024257,0.4309817002425689,-0.08488012721952876,1680.371230532687,-0.03125
7.220000910999943,-60.0,-60.53987491773697,0.5398749177369666,-0.08281522401131815,1679.8756537627164,-0.03125
7.240001044999985,-60.0,-60.53987491773697,0.5398749177369666,-0.09402265252921951,1682.5654366070128,-0.01953125
7.260000882999975,-60.0,-60.53987491773697,0.5398749177369666,-0.09847170259487167,1683.6332086227692,-0.01953125
7.280000961000042,-60.0,-60.62250678017939,0.6225067801793926,-0.10962903945787333,1686.3109694698896,-0.005859375
7.3000008730000445,-60.0,-60.62250678017939,0.6225067801793926,-0.11520661940186587,1687.6495886564478,-0.005859375
7.3200008779999735,-60.0,-60.64820391876181,0.6482039187618085,-0.116498847773646,1687.959723465675,-0.005859375
7.340001012000016,-60.0,-60.64820391876181,0.6482039187618085,-0.11557599851025739,1687.7382396424618,-0.0078125
7.360001015999956,-60.0,-60.64820391876181,0.6482039187618085,-0.1151661309515177,1687.6398714283641,-0.0078125
7.380000836000022,-60.0,-60.7069917412032,0.706991741203197,-0.10938759270490749,1686.2530222491778,-0.01171875
7.400000969999951,-60.0,-60.7069917412032,0.706991741203197,-0.10785258865440119,1685.8846212770563,-0.01171875
7.420000845000004,-60.0,-60.78328475858048,0.7832847585804785,-0.10452304734786569,1685.0855313634877,-0.01171875
7.440000756000018,-60.0,-60.78328475858048,0.7832847585804785,-0.09717601707199885,1683.3222440972797,-0.01953125
7.460001150000039,-60.0,-60.78328475858048,0.7832847585804785,-0.09418798972878761,1682.605117534909,-0.01953125
7.480000858000039,-60.0,-60.85986365251347,0.859863652513468,-0.09202024906228624,1682.0848597749487,-0.017578125
7.500000696000029,-60.0,-60.85986365251347,0.859863652513468,-0.09216836903834215,1682.120408569202,-0.017578125
7.520001071000024,-60.0,-60.93425355737543,0.9342535573754276,-0.0895691025692944,1681.4965846166306,-0.017578125
7.540000630999998,-60.0,-60.93425355737543,0.9342535573754276,-0.08775156161549572,1681.060374787719,-0.01953125
7.56000102400003,-60.0,-60.93425355737543,0.9342535573754276,-0.08696584435172743,1680.8718026444146,-0.01953125
7.580001250999999,-60.0,-61.030554509209935,1.030554509209935,-0.08146342208724412,1679.5512213009386,-0.021484375
7.600000995999949,-60.0,-61.030554509209935,1.030554509209935,-0.08054231647779896,1679.3301559546717,-0.021484375
7.620000871000002,-60.0,-61.206335078141876,1.2063350781418762,-0.07395481550859996,1500,-0.021484375
7.640000801000042,-60.0,-61.206335078141876,1.2063350781418762,-0.07194056610364816,1500,-0.0234375
7.6600007869999445,-60.0,-61.206335078141876,1.2063350781418762,-0.0710590700732823,1500,-0.0234375
7.680001292000043,-60.0,-61.35030075940536,1.350300759405357,-0.07086368654601431,1500,-0.017578125
7.7000009629999795,-60.0,-61.35030075940536,1.350300759405357,-0.072710831354529,1500,-0.017578125
7.7200007640000194,-60.0,-61.46086112540253,1.4608611254025305,-0.0694939847068427,1500,-0.017578125
7.740001213000028,-60.0,-61.46086112540253,1.4608611254025305,-0.07844823386326714,1500,-0.0078125
7.760001087999967,-60.0,-61.46086112540253,1.4608611254025305,-0.08193814491424731,1679.6651547794195,-0.0078125
7.780000721999954,-60.0,-61.54024476842278,1.540244768422781,-0.09100987080152982,1681.842368992367,0.00390625
7.800001005000013,-60.0,-61.54024476842278,1.540244768422781,-0.09565018947780364,1682.956045474673,0.00390625
7.8200009539999655,-60.0,-61.571721480331874,1.571721480331874,-0.09630749976073516,1683.1137999425764,0.00390625
7.8400008840000055,-60.0,-61.571721480331874,1.571721480331874,-0.10042679250919809,1684.1024302022074,0.0078125
7.8600007960000084,-60.0,-61.571721480331874,1.571721480331874,-0.10197575543546127,1684.4741813045107,0.0078125
7.880000725999935,-60.0,-61.58811731639764,1.5881173163976428,-0.09664910931897694,1683.1957862365543,0.001953125
7.900000860999967,-60.0,-61.58811731639764,1.5881173163976428,-0.09464759557687046,1682.715422938449,0.001953125
7.920000975999983,-60.0,-61.64840070891535,1.6484007089153465,-0.09163660549662887,1681.992785319191,0.001953125
7.940000907000012,-60.0,-61.64840070891535,1.6484007089153465,-0.0788656648403511,1500,-0.01171875
7.960000910999952,-60.0,-61.64840070891535,1.6484007089153465,-0.07365371650669396,1500,-0.01171875
7.980000767999968,-60.0,-61.7358193542603,1.7358193542603004,-0.06313128676514633,1500,-0.017578125
8.000001235000013,-60.0,-61.7358193542603,1.7358193542603004,-0.06003384467302336,1500,-0.017578125
8.02000099899999,-60.0,-61.81034138246119,1.8103413824611891,-0.05607668964626475,1500,-0.017578125
8.040000652000003,-60.0,-61.81034138246119,1.8103413824611891,-0.06420966683770435,1500,-0.0078125
8.060000916000035,-60.0,-61.81034138246119,1.8103413824611891,-0.06734911061052762,1500,-0.0078125
8.080000845999962,-60.0,-61.85223224602635,1.8522322460263467,-0.07757136222349857,1500,0.00390625
8.100000869000041,-60.0,-61.85223224602635,1.8522322460263467,-0.08212879048092235,1679.7109097154214,0.00390625
8.120000799999957,-60.0,-61.884892126282054,1.884892126282054,-0.08269191757735375,1679.8460602185648,0.00390625
8.140000934,-60.0,-61.884892126282054,1.884892126282054,-0.0850125676058069,1680.4030162253937,0.005859375
8.160001012999942,-60.0,-61.884892126282054,1.884892126282054,-0.08582239635205341,1680.5973751244928,0.005859375
8.180000942999982,-60.0,-61.90710857514628,1.9071085751462817,-0.08173444472276914,1679.6162667334645,0.001953125
8.200000891999935,-60.0,-61.90710857514628,1.9071085751462817,-0.08028963704989525,1679.269512891975,0.001953125
8.22000087799995,-60.0,-62.32816999033807,2.3281699903380684,-0.06484997727026381,1500,0.001953125
8.240001122999956,-60.0,-62.32816999033807,2.3281699903380684,-0.05386008156221502,1500,-0.009765625
8.260001108999973,-60.0,-62.32816999033807,2.3281699903380684,-0.04931784004423641,1500,-0.009765625
8.280000855000026,-60.0,-62.945085256641065,2.9450852566410646,-0.03278690178105924,1500,-0.001953125
8.300000841000042,-60.0,-62.945085256641065,2.9450852566410646,-0.03460324339390311,1500,-0.001953125
8.32000097499997,-60.0,-63.30886958549843,3.308869585498428,-0.02240817085763955,1500,-0.001953125
8.34000129399999,-60.0,-63.30886958549843,3.308869585498428,-0.025917251880079387,1500,0.001953125
8.36000100299998,-60.0,-63.30886958549843,3.308869585498428,-0.027112981881425573,1500,0.001953125
8.380001043999982,-60.0,-63.545357504299176,3.545357504299176,-0.020861433368864594,1500,0.00390625
8.400000975000012,-60.0,-63.545357504299176,3.545357504299176,-0.021440046841452724,1500,0.00390625
8.420000997999978,-60.0,-63.710912801012185,3.710912801012185,-0.01565242389504401,1500,0.00390625
8.440000705999978,-60.0,-63.710912801012185,3.710912801012185,-0.018931424206011585,1500,0.0078125
8.460001062999936,-60.0,-63.710912801012185,3.710912801012185,-0.020009860802523195,1500,0.0078125
8.480000937,-60.0,-63.854858725407155,3.854858725407155,-0.008137087280261142,1500,0.0
8.500000830999966,-60.0,-63.854858725407155,3.854858725407155,-0.005155634214724256,1500,0.0
8.520000742999969,-60.0,-63.976360175624876,3.976360175624876,0.0005330792351457125,1500,0.0
8.540000858999974,-60.0,-63.976360175624876,3.976360175624876,0.008393176411611318,1500,-0.0078125
8.56000101099994,-60.0,-63.976360175624876,3.976360175624876,0.011787057360512982,1500,-0.0078125
8.580001422999999,-60.0,-64.03859531314416,4.038595313144157,0.00854213518703572,1500,0.0
8.600001186999975,-60.0,-64.03859531314416,4.038595313144157,0.006628952296862403,1500,0.0
8.620000729000026,-60.0,-64.08760908011125,4.08760908011125,0.007833467502561276,1500,0.0
8.640000641000029,-60.0,-64.08760908011125,4.08760908011125,0.00612993184807251,1500,0.001953125
8.660000996999997,-60.0,-64.08760908011125,4.08760908011125,0.005705349639413517,1500,0.001953125
8.68000068699996,-60.0,-64.13578529425503,4.1357852942550295,0.00923687342634377,1500,0.0
8.70000087699998,-60.0,-64.13578529425503,4.1357852942550295,0.010236675148697144,1500,0.0
8.720001011000022,-60.0,-64.18133172092193,4.181331720921932,0.012491094717941943,1500,0.0
8.740001015999951,-60.0,-64.18133172092193,4.181331720921932,0.013019635279688793,1500,0.0
8.760000780000041,-60.0,-64.18133172092193,4.181331720921932,0.01349377232472094,1500,0.0
8.78000074800002,-60.0,-64.22369912615048,4.223699126150478,0.013671673600897397,1500,0.001953125
8.800001271000042,-60.0,-64.22369912615048,4.223699126150478,0.013416656380869895,1500,0.001953125
8.82000068299999,-60.0,-64.26541048225526,4.2654104822552625,0.015040401337770296,1500,0.001953125
8.840001168999947,-60.0,-64.26541048225526,4.2654104822552625,0.01537550256564218,1500,0.001953125
8.860000765999985,-60.0,-64.26541048225526,4.2654104822552625,0.01577754670150288,1500,0.001953125
8.880000641000038,-60.0,-64.31714951275205,4.317149512752053,0.02153344396708036,1500,-0.001953125
8.900000757000043,-60.0,-64.31714951275205,4.317149512752053,0.02338464423001858,1500,-0.001953125
8.920000872999935,-60.0,-64.35529565970732,4.355295659707323,0.025731925216874146,1500,-0.001953125
8.940000970000028,-60.0,-64.35529565970732,4.355295659707323,0.024654055719536067,1500,0.0
8.960000659999992,-60.0,-64.35529565970732,4.355295659707323,0.02449655921757582,1500,0.0
8.980000665000034,-60.0,-64.38106262105121,4.381062621051214,0.022093721851018752,1500,0.00390625
9.000000706000037,-60.0,-64.38106262105121,4.381062621051214,0.021048082536352163,1500,0.00390625
9.02000061800004,-60.0,-64.42155274267095,4.421552742670954,0.022322709082605367,1500,0.00390625
9.040000974999998,-60.0,-64.42155274267095,4.421552742670954,0.027818462803945412,1500,-0.001953125
9.060000849999938,-60.0,-64.42155274267095,4.421552742670954,0.030294578644758152,1500,-0.001953125
9.080000835999954,-60.0,-64.45718898511433,4.457188985114328,0.031052698179293608,1500,0.0
9.100000933000047,-60.0,-64.45718898511433,4.457188985114328,0.031138423625593086,1500,0.0
9.120000807999986,-60.0,-64.48111414453544,4.481114144535439,0.028774793296300456,1500,0.00390625
9.140001091000045,-60.0,-64.48111414453544,4.481114144535439,0.02777683962534046,1500,0.00390625
9.160000891999971,-60.0,-64.48111414453544,4.481114144535439,0.02765921486248385,1500,0.00390625
9.180001062999963,-60.0,-64.50149882675083,4.501498826750833,0.0338808534850611,1500,-0.001953125
9.200001216000032,-60.0,-64.50149882675083,4.501498826750833,0.03636772258967219,1500,-0.001953125
9.22000085000002,-60.0,-64.53722248843206,4.537222488432064,0.03889603975191715,1500,-0.001953125
9.240001002999975,-60.0,-64.53722248843206,4.537222488432064,0.03969365229979754,1500,-0.001953125
9.260000914999978,-60.0,-64.53722248843206,4.537222488432064,0.0402977794156969,1500,-0.001953125
9.280000790000031,-60.0,-64.56000545398881,4.560005453988808,0.03986436121004512,1500,0.0
9.30000062800002,-60.0,-64.56000545398881,4.560005453988808,0.039659397310609114,1500,0.0
9.320000891999939,-60.0,-64.57973214506958,4.579732145069585,0.040554582537552335,1500,0.0
9.340000860000032,-60.0,-64.57973214506958,4.579732145069585,0.04092497311767013,1500,0.0
9.36000099399996,-60.0,-64.57973214506958,4.579732145069585,0.04136088240696444,1500,0.0
9.380000999000004,-60.0,-64.59795962307861,4.597959623078609,0.044218979468147575,1500,-0.001953125
9.400000836999993,-60.0,-64.59795962307861,4.597959623078609,0.04539661301161428,1500,-0.001953125
9.420000785999946,-60.0,-64.61578986627893,4.615789866278931,0.04678082483172387,1500,-0.001953125
9.440000809000026,-60.0,-64.61578986627893,4.615789866278931,0.04737557103023445,1500,-0.001953125
9.460000868999941,-60.0,-64.61578986627893,4.615789866278931,0.04790348814032702,1500,-0.001953125
9.480000725999957,-60.0,-64.63727691375978,4.637276913759777,0.047399150683549045,1500,0.0
9.500001064000003,-60.0,-64.63727691375978,4.637276913759777,0.04718876862247794,1500,0.0
9.52000069799999,-60.0,-64.64970863634085,4.649708636340847,0.04958904782816089,1500,-0.001953125
9.540001017000009,-60.0,-64.64970863634085,4.649708636340847,0.05066772972771194,1500,-0.001953125
9.560000706999972,-60.0,-64.64970863634085,4.649708636340847,0.05139135229739759,1500,-0.001953125
9.58000141599996,-60.0,-64.67007076445805,4.670070764458046,0.05268585580892332,1500,-0.001953125
9.60000108700001,-60.0,-64.67007076445805,4.670070764458046,0.05321277747095449,1500,-0.001953125
9.620000720999997,-60.0,-64.68614996782678,4.686149967826779,0.05252211672587784,1500,0.0
9.64000072600004,-60.0,-64.68614996782678,4.686149967826779,0.052315783882192365,1500,0.0
9.660000915999944,-60.0,-64.68614996782678,4.686149967826779,0.05252769023096906,1500,0.0
9.680000827999947,-60.0,-64.69547101078462,4.695471010784615,0.053233234132734786,1500,0.0
9.700001333000046,-60.0,-64.69547101078462,4.695471010784615,0.05368033052662631,1500,0.0
9.720000690000006,-60.0,-64.71118097830661,4.711180978306615,0.05646203319006781,1500,-0.001953125
9.740001305999954,-60.0,-64.71118097830661,4.711180978306615,0.0576513739595558,1500,-0.001953125
9.760001217999957,-60.0,-64.71118097830661,4.711180978306615,0.0584231224983746,1500,-0.001953125
9.780000851999944,-60.0,-64.72219482813524,4.722194828135244,0.05765563089824227,1500,0.0
9.800000985999986,-60.0,-64.72219482813524,4.722194828135244,0.057491556155543286,1500,0.0
9.820000917000016,-60.0,-64.7351115079212,4.735111507921204,0.05817486032300723,1500,0.0
9.840000755000005,-60.0,-64.7351115079212,4.735111507921204,0.05856534694798444,1500,0.0
9.860000852999974,-60.0,-64.7351115079212,4.735111507921204,0.0590190574285196,1500,0.0
9.880000764999977,-60.0,-64.74687034577396,4.7468703457739565,0.06166756220737573,1500,-0.001953125
9.900000695000017,-60.0,-64.74687034577396,4.7468703457739565,0.06286103442964378,1500,-0.001953125
9.920001015000025,-60.0,-64.75684445127077,4.756844451270766,0.06574369692627384,1500,-0.00390625
9.940001001000041,-60.0,-64.75684445127077,4.756844451270766,0.06705637849188503,1500,-0.00390625
9.960000727999955,-60.0,-64.7665307023076,4.766530702307605,0.0682194607571489,1500,-0.00390625
9.980000826000037,-60.0,-64.7665307023076,4.766530702307605,0.06357550054178997,1500,0.001953125
10.000001404000045,0.0,-64.7665307023076,64.7665307023076,2.2658029344336215,1500,0.001953125
10.020000761000006,0.0,-64.77943593377661,64.77943593377661,2.274091786161129,1500,0.0
10.040000839999948,0.0,-64.77943593377661,64.77943593377661,2.281297347828904,1500,0.0
10.06000110399998,0.0,-64.79725195695508,64.79725195695508,2.288873546714415,1500,0.0
10.080000720000044,0.0,-64.79725195695508,64.79725195695508,2.299242224071774,1500,-0.00390625
10.100000983999962,0.0,-64.79725195695508,64.79725195695508,2.3074610264291335,1500,-0.00390625
10.120000876999939,0.0,-64.80362591861574,64.80362591861574,2.3115274145009455,1500,0.0
10.140000716000031,0.0,-64.80362591861574,64.80362591861574,2.317136704338009,1500,0.0
10.160001017000013,0.0,-64.8115586408917,64.8115586408917,2.3237298871325303,1500,0.0
10.180001094999966,0.0,-64.8115586408917,64.8115586408917,2.3320864413823283,1250.0,-0.001953125
10.200000915000032,0.0,-64.8115586408917,64.8115586408917,2.3395012934121255,1250.0,-0.001953125
10.220000883000012,0.0,-64.8208034464716,64.8208034464716,2.3468631372598514,1250.0,-0.001953125
10.240000665000025,0.0,-64.8208034464716,64.8208034464716,2.3537516041602258,1250.0,-0.001953125
10.26000081799998,0.0,-64.82937466367063,64.82937466367063,2.3608798916163396,1250.0,-0.001953125
10.280000970999936,0.0,-64.82937466367063,64.82937466367063,2.362411442073568,1250.0,0.00390625
10.300000678999936,0.0,-64.82937466367063,64.82937466367063,2.367097412000063,1250.0,0.00390625
10.320001091999984,0.0,-64.83188911443057,64.83188911443057,2.3696175589162136,1250.0,0.0078125
10.340000651999958,0.0,-64.83188911443057,64.83188911443057,2.3746640170581665,1250.0,0.0078125
10.360000990000003,0.0,-64.80903528481144,64.80903528481144,2.3799559656516243,1250.0,0.0078125
10.380000864999943,0.0,-64.80903528481144,64.80903528481144,2.3794326665305823,1250.0,0.015625
10.400000795999972,0.0,-64.80903528481144,64.80903528481144,2.383295418664906,1250.0,0.015625
10.420000911999978,0.0,-64.74220663244934,64.74220663244934,2.3461431454844863,1250.0,0.060546875
10.440000713000018,0.0,-64.74220663244934,64.74220663244934,2.3302021759636617,1250.0,0.060546875
10.460000939999986,0.0,-64.51012997611899,64.51012997611899,2.3154452842367985,1250.0,0.060546875
10.48000062999995,0.0,-64.51012997611899,64.51012997611899,2.23895480396204,1250.0,0.142578125
10.500001022999982,0.0,-64.51012997611899,64.51012997611899,2.208358611852137,1250.0,0.142578125
10.520000750000008,0.0,-64.0146909036777,64.0146909036777,2.087419798893921,1250.0,0.244140625
10.54000082899995,0.0,-64.0146909036777,64.0146909036777,2.0459619081563365,1250.0,0.244140625
10.560000778000017,0.0,-63.23004669862355,63.23004669862355,2.001989502191526,1250.0,0.244140625
10.580001376000041,0.0,-63.23004669862355,63.23004669862355,1.9039499896735124,1250.0,0.345703125
10.600001102999954,0.0,-63.23004669862355,63.23004669862355,1.864734184666307,1250.0,0.345703125
10.620000719000018,0.0,-62.14029026398842,62.14029026398842,1.7125706870050699,1250.0,0.455078125
10.640000871999973,0.0,-62.14029026398842,62.14029026398842,1.666921158203917,1250.0,0.455078125
10.660001154000042,0.0,-60.74550499209961,60.74550499209961,1.599974155977888,1250.0,0.455078125
10.680000919000008,0.0,-60.74550499209961,60.74550499209961,1.4924749188697035,1250.0,0.56640625
10.700000885999998,0.0,-60.74550499209961,60.74550499209961,1.4494752240264297,1250.0,0.56640625
10.72000089100004,0.0,-59.02985035323512,59.02985035323512,1.273950201538521,1250.0,0.67578125
10.740001043999996,0.0,-59.02985035323512,59.02985035323512,1.2276952503635972,1250.0,0.67578125
10.760000901000012,0.0,-57.005618264064765,57.005618264064765,1.1385342403325354,1250.0,0.67578125
10.780001108999954,0.0,-57.005618264064765,57.005618264064765,1.0309381356445475,1250.0,0.787109375
10.800001039999984,0.0,-57.005618264064765,57.005618264064765,0.9878996937693525,1251.0890275607583,0.787109375
10.820000916000026,0.0,-54.666759292658725,54.666759292658725,0.7906052374375878,1268.845528630617,0.896484375
10.84000069800004,0.0,-54.666759292658725,54.666759292658725,0.7443440867375566,1273.00903219362,0.896484375
10.860001109999985,0.0,-52.000996447186935,52.000996447186935,0.6327869489959128,1283.0491745903678,0.896484375
10.880000708000011,0.0,-52.000996447186935,52.000996447186935,0.5287054773839079,1292.4165070354484,1.00390625
10.90000115700002,0.0,-52.000996447186935,52.000996447186935,0.4870728887391058,1296.1634400134806,1.00390625
10.920001180999975,0.0,-49.05654408231811,49.05654408231811,0.28853751391099625,1314.0316237480104,1.091796875
10.940001056000028,0.0,-49.05654408231811,49.05654408231811,0.2502356747278278,1317.4787892744955,1.091796875
10.960000838000042,0.0,-45.85735785576898,45.85735785576898,0.12324227297908963,1328.908195431882,1.091796875
10.980000880000034,0.0,-45.85735785576898,45.85735785576898,0.046801478709782574,1500,1.169921875
11.000001181000016,0.0,-45.85735785576898,45.85735785576898,0.01622516100205984,1500,1.169921875
11.020000686000003,0.0,-42.47626710246925,42.47626710246925,-0.15094176048866048,1500,1.2109375
11.040001210000014,0.0,-42.47626710246925,42.47626710246925,-0.17059959632189603,1500,1.2109375
11.060000676999948,0.0,-39.01418726456669,39.01418726456669,-0.299312114931813,1500,1.2109375
11.080001089999996,0.0,-39.01418726456669,39.01418726456669,-0.3006995561651309,1500,1.208984375
11.10000087200001,0.0,-39.01418726456669,39.01418726456669,-0.3012545326584579,1500,1.208984375
11.120000859000015,0.0,-35.569427489147586,35.569427489147586,-0.4199635107984361,1500,1.20703125
11.140001455999936,0.0,-35.569427489147586,35.569427489147586,-0.4193491820373685,1500,1.20703125
11.16000120199999,0.0,-32.12411554111557,32.12411554111557,-0.5393675250358585,1500,1.20703125
11.180000984000003,0.0,-32.12411554111557,32.12411554111557,-0.5287223574340876,1500,1.1953125
11.200001045000022,0.0,-32.12411554111557,32.12411554111557,-0.5244642903933792,1785.871429694411,1.1953125
11.220000938999988,0.0,-28.712234291730795,28.712234291730795,-0.6330691240547401,1811.9365897731377,1.185546875
11.24000107300003,0.0,-28.712234291730795,28.712234291730795,-0.628872208328227,1810.9293299987744,1.185546875
11.26000104100001,0.0,-25.33951085425801,25.33951085425801,-0.7449236995237838,1838.7816878857082,1.185546875
11.280001063999975,0.0,-25.33951085425801,25.33951085425801,-0.7249162555075415,1833.9799013218098,1.1640625
11.300001457999997,0.0,-25.33951085425801,25.33951085425801,-0.7169132779010448,1832.059186696251,1.1640625
11.320000740999944,0.0,-22.032892742059005,22.032892742059005,-0.8045254581863496,1853.0861099647238,1.13671875
11.340001023000013,0.0,-22.032892742059005,22.032892742059005,-0.7934012317693101,1850.4162956246344,1.13671875
11.360000990999993,0.0,-18.794562333841498,18.794562333841498,-0.9019905969841893,1876.4777432762053,1.13671875
11.380001106999998,0.0,-18.794562333841498,18.794562333841498,-0.8668122832574634,1868.0349479817912,1.099609375
11.400000740999985,0.0,-18.794562333841498,18.794562333841498,-0.8527409577667726,1864.6578298640254,1.099609375
11.420000746000028,0.0,-15.689007841920613,15.689007841920613,-0.9133292295387347,1879.1990150892964,1.052734375
11.440001066000036,0.0,-15.689007841920613,15.689007841920613,-0.8942028174602241,1874.608676190454,1.052734375
11.460001125999952,0.0,-12.741207054540752,12.741207054540752,-0.98944991149414,1897.4679787585937,1.052734375
11.480000891000032,0.0,-12.741207054540752,12.741207054540752,-0.9055303105615784,1877.3272745347788,0.962890625
11.500000839999984,0.0,-12.741207054540752,12.741207054540752,-0.8719624701885536,1869.2709928452527,0.962890625
11.520000771000014,0.0,-10.060696577243476,10.060696577243476,-0.8624543634654279,1866.9890472317027,0.86328125
11.54000101600002,0.0,-10.060696577243476,10.060696577243476,-0.8212241340057441,1857.0937921613786,0.86328125
11.560000705999983,0.0,-7.663759808166191,7.663759808166191,-0.8884009193868976,1873.2162206528556,0.86328125
11.580001229999993,0.0,-7.663759808166191,7.663759808166191,-0.7956712701733482,1850.9611048416036,0.767578125
11.600001290000023,0.0,-7.663759808166191,7.663759808166191,-0.7585794104879284,1842.0590585171028,0.767578125
11.620001016999936,0.0,-5.5268273233566845,5.5268273233566845,-0.7409919321192597,1837.8380637086225,0.681640625
11.640000892999979,0.0,-5.5268273233566845,5.5268273233566845,-0.7041197345695926,1828.9887362967022,0.681640625
11.660001063999971,0.0,-3.6455571784488257,3.6455571784488257,-0.7550395718459517,1841.2094972430284,0.681640625
11.680000866,0.0,-3.6455571784488257,3.6455571784488257,-0.6700384577380049,1820.8092298571212,0.59375
11.70000118500002,0.0,-3.6455571784488257,3.6455571784488257,-0.6360380120948262,1812.6491229027583,0.59375
11.720001078999985,0.0,-2.0080860238329024,2.0080860238329024,-0.6092838599465168,1806.2281263871641,0.515625
11.740001010000015,0.0,-2.0080860238329024,2.0080860238329024,-0.5757187886436081,1798.172509274466,0.515625
11.760000848000004,0.0,-0.5630681846123196,0.5630681846123196,-0.6127333982113512,1807.0560155707244,0.515625
11.780000815999983,0.0,-0.5630681846123196,0.5630681846123196,-0.5405661118028857,1789.7358668326926,0.44140625
11.800000913999952,0.0,-0.5630681846123196,0.5630681846123196,-0.5116991972394996,1782.80780733748,0.44140625
11.82000110399997,0.0,0.6819748846326092,-0.6819748846326092,-0.48919186193198116,1777.4060468636756,0.380859375
11.84000090500001,0.0,0.6819748846326092,-0.6819748846326092,-0.4628476968447559,1771.0834472427414,0.380859375
11.860000668999987,0.0,1.7444510542853493,-1.7444510542853493,-0.48955155756875846,1777.492373816502,0.380859375
11.880000821999943,0.0,1.7444510542853493,-1.7444510542853493,-0.43453118054315876,1764.287483330358,0.32421875
11.900000771999999,0.0,1.7444510542853493,-1.7444510542853493,-0.41263263682525275,1759.0318328380606,0.32421875
11.92000085099994,0.0,2.6411810884116846,-2.6411810884116846,-0.3879175774740576,1753.100218593774,0.271484375
11.940001152000036,0.0,2.6411810884116846,-2.6411810884116846,-0.36567679075804205,1747.7624297819302,0.271484375
11.960000693999973,0.0,3.3944614133744153,-3.3944614133744153,-0.3833197534270704,1751.996740822497,0.271484375
11.980000699000016,0.0,3.3944614133744153,-3.3944614133744153,-0.33436931630659084,1740.248635913582,0.220703125
12.000000611000019,0.0,3.3944614133744153,-3.3944614133744153,-0.315002421759182,1735.6005812222038,0.220703125
12.02000091299999,0.0,4.0016382201250735,-4.0016382201250735,-0.29005512148660745,1729.6132291567858,0.177734375
12.040000935999956,0.0,4.0016382201250735,-4.0016382201250735,-0.2718498441866355,1725.2439626047926,0.177734375
12.060000940999998,0.0,4.491983321693311,-4.491983321693311,-0.2819867854170841,1727.6768285001,0.177734375
12.080000760999951,0.0,4.491983321693311,-4.491983321693311,-0.24432104235061966,1718.6370501641486,0.138671875
12.100001024999983,0.0,4.491983321693311,-4.491983321693311,-0.22953698476010345,1715.0888763424248,0.138671875
12.120000771000036,0.0,4.873794853780737,-4.873794853780737,-0.20387488378412774,1708.9299721081907,0.1015625
12.140000868000016,0.0,4.873794853780737,-4.873794853780737,-0.18858517827028465,1705.2604427848682,0.1015625
12.160000946999958,0.0,5.148845045217286,-5.148845045217286,-0.19240539171321203,1706.177294011171,0.1015625
12.180001582000045,0.0,5.148845045217286,-5.148845045217286,-0.15526031340670676,1697.2624752176096,0.0625
12.200000975999956,0.0,5.148845045217286,-5.148845045217286,-0.14072579355947518,1693.774190454274,0.0625
12.220000887999959,0.0,5.311242370603395,-5.311242370603395,-0.11631186435293994,1687.9148474447056,0.03515625
12.240000948999977,0.0,5.311242370603395,-5.311242370603395,-0.10461251345104816,1685.1070032282516,0.03515625
12.260000841999954,0.0,5.396668622983498,-5.396668622983498,-0.10325737285012482,1684.78176948403,0.03515625
12.280000940000036,0.0,5.396668622983498,-5.396668622983498,-0.071978811302414,1500,0.001953125
12.300000982000029,0.0,5.396668622983498,-5.396668622983498,-0.05980646937332614,1500,0.001953125
12.320000801999981,0.0,5.406608493346766,-5.406608493346766,-0.041562123122598715,1500,-0.013671875
12.34000112199999,0.0,5.406608493346766,-5.406608493346766,-0.034465305080730084,1500,-0.013671875
12.360000940999953,0.0,5.386750049155751,-5.386750049155751,-0.031271015052127045,1500,-0.013671875
12.380000742999982,0.0,5.386750049155751,-5.386750049155751,-0.0393980972166743,1500,-0.00390625
12.400001081000028,0.0,5.386750049155751,-5.386750049155751,-0.04298738957011625,1500,-0.00390625
12.420000660000028,0.0,5.894985822890533,-5.894985822890533,-0.06782900108107034,1500,0.001953125
12.440000886999997,0.0,5.894985822890533,-5.894985822890533,-0.07103972846606187,1500,0.001953125
12.460001003000002,0.0,6.367299908869484,-6.367299908869484,-0.08923074472632651,1681.4153787343184,0.001953125
12.480000692999965,0.0,6.367299908869484,-6.367299908869484,-0.0920702842596663,1682.09686822232,0.00390625
12.500000808999971,0.0,6.367299908869484,-6.367299908869484,-0.09360616932534034,1682.4654806380818,0.00390625
12.52000099899999,0.0,6.656513948009319,-6.656513948009319,-0.10298854097926778,1684.7172498350242,0.001953125
12.540000985999995,0.0,6.656513948009319,-6.656513948009319,-0.10312154096640493,1684.7491698319373,0.001953125
12.560001064999938,0.0,6.858788304305847,-6.858788304305847,-0.11067487120812289,1686.5619690899496,0.001953125
12.58000106999998,0.0,6.858788304305847,-6.858788304305847,-0.11306068337601555,1687.1345640102438,0.00390625
12.600001259999999,0.0,6.858788304305847,-6.858788304305847,-0.1144459586221593,1687.4670300693183,0.00390625
12.620001117000015,0.0,7.015652154761568,-7.015652154761568,-0.10686052717922705,1685.6465265230145,-0.01171875
12.640000806999979,0.0,7.015652154761568,-7.015652154761568,-0.10207692849319826,1684.4984628383677,-0.01171875
12.66000123799995,0.0,7.0801585288305375,-7.0801585288305375,-0.10286274776792692,1684.6870594643024,-0.01171875
12.680000854000014,0.0,7.0801585288305375,-7.0801585288305375,-0.10447906856540562,1685.0749764556974,-0.009765625
12.700000877999969,0.0,7.0801585288305375,-7.0801585288305375,-0.1055704563648056,1685.3369095275534,-0.009765625
12.720000715999959,0.0,7.12504684038484,-7.12504684038484,-0.10978128182253499,1686.3475076374084,-0.0078125
12.740001443999972,0.0,7.12504684038484,-7.12504684038484,-0.11128653283600459,1686.708767880641,-0.0078125
12.760000986000023,0.0,7.176002351708036,-7.176002351708036,-0.11412033207551897,1687.3888796981246,-0.0078125
12.780001157000015,0.0,7.176002351708036,-7.176002351708036,-0.12202451014102846,1689.2858824338468,0.0
12.800000698999952,0.0,7.176002351708036,-7.176002351708036,-0.12563706289263765,1690.152895094233,0.0
12.820001112,0.0,7.244838247609437,-7.244838247609437,-0.13345862505092798,1692.0300700122227,0.00390625
12.840000839000027,0.0,7.244838247609437,-7.244838247609437,-0.13608132610491522,1692.6595182651797,0.00390625
12.860000696000043,0.0,7.295960604312938,-7.295960604312938,-0.13937547355119814,1693.4501136522877,0.00390625
12.880000682999935,0.0,7.295960604312938,-7.295960604312938,-0.13340649849773506,1692.0175596394565,-0.00390625
12.900001039000017,0.0,7.295960604312938,-7.295960604312938,-0.13147732720105762,1691.554558528254,-0.00390625
12.920000896000033,0.0,7.326918960934307,-7.326918960934307,-0.12697453236671769,1690.4738877680122,-0.009765625
12.94000079,0.0,7.326918960934307,-7.326918960934307,-0.1252015181253645,1690.0483643500875,-0.009765625
12.960000925000031,0.0,7.359360442431978,-7.359360442431978,-0.12608849492116217,1690.2612387810789,-0.009765625
12.980000855999947,0.0,7.359360442431978,-7.359360442431978,-0.13699959436041512,1692.8799026464997,0.001953125
13.000001009000016,0.0,7.359360442431978,-7.359360442431978,-0.1418264363901376,1694.038344733633,0.001953125
13.020000736000043,0.0,7.406036515617302,-7.406036515617302,-0.14761157818097326,1695.4267787634335,0.00390625
13.040001203999964,0.0,7.406036515617302,-7.406036515617302,-0.14973924896831253,1695.937419752395,0.00390625
13.060000727999977,0.0,7.444171684630874,-7.444171684630874,-0.15239081430718507,1696.5737954337244,0.00390625
13.080001196000012,0.0,7.444171684630874,-7.444171684630874,-0.14459764163619096,1694.7034339926859,-0.005859375
13.100000979000015,0.0,7.444171684630874,-7.444171684630874,-0.14194810366932326,1694.0675448806376,-0.005859375
13.120000853999954,0.0,7.478392685788407,-7.478392685788407,-0.14958539148602285,1695.9004939566455,0.001953125
13.140001396000002,0.0,7.478392685788407,-7.478392685788407,-0.15263237256832712,1696.6317694163986,0.001953125
13.160000994000029,0.0,7.51991467453297,-7.51991467453297,-0.1557747852753262,1697.3859484660784,0.001953125
13.18000133199996,0.0,7.51991467453297,-7.51991467453297,-0.15868229669961362,1698.0837512079072,0.00390625
13.200001208000003,0.0,7.51991467453297,-7.51991467453297,-0.16031779144327127,1698.4762699463852,0.00390625
13.22000074999994,0.0,7.553937005556975,-7.553937005556975,-0.15912002071599507,1698.1888049718389,0.0
13.240000754999983,0.0,7.553937005556975,-7.553937005556975,-0.15864049892867352,1698.0737197428816,0.0
13.260001223000017,0.0,7.581044000873277,-7.581044000873277,-0.15987236934888752,1698.369368643733,0.0
13.280000986999994,0.0,7.581044000873277,-7.581044000873277,-0.1569473385048931,1697.6673612411744,-0.00390625
13.300000733000047,0.0,7.581044000873277,-7.581044000873277,-0.15625365721008896,1697.5008777304213,-0.00390625
13.320000793999952,0.0,7.614041701096596,-7.614041701096596,-0.16288124577501395,1699.0914989860034,0.001953125
13.340000891000045,0.0,7.614041701096596,-7.614041701096596,-0.16554995073884335,1699.7319881773224,0.001953125
13.360000877999937,0.0,7.642658044339669,-7.642658044339669,-0.16809773258922267,1700.3434558214135,0.001953125
13.380001067999956,0.0,7.642658044339669,-7.642658044339669,-0.16568186316911634,1699.7636471605879,-0.001953125
13.400000814000009,0.0,7.642658044339669,-7.642658044339669,-0.16519571776839378,1699.6469722644144,-0.001953125
13.420000985000001,0.0,7.667186898040171,-7.667186898040171,-0.16809806164860502,1700.3435347956652,0.0
13.44000091600003,0.0,7.667186898040171,-7.667186898040171,-0.16939825535429023,1700.6555812850297,0.0
13.460000717999947,0.0,7.703684915437464,-7.703684915437464,-0.171677919608726,1701.2027007060942,0.0
13.480001001000005,0.0,7.703684915437464,-7.703684915437464,-0.17432202614999212,1701.8372862759982,0.001953125
13.500000987000021,0.0,7.703684915437464,-7.703684915437464,-0.17586370556521677,1702.2072893356521,0.001953125
13.520001029000014,0.0,7.743422040745941,-7.743422040745941,-0.17835566273587725,1702.8053590566105,0.001953125
13.54000079399998,0.0,7.743422040745941,-7.743422040745941,-0.1792841442225501,1703.028194613412,0.001953125
13.560000669000033,0.0,7.771252474387154,-7.771252474387154,-0.181116450167946,1703.467948040307,0.001953125
13.580001340999956,0.0,7.771252474387154,-7.771252474387154,-0.17667563108032136,1702.402151459277,-0.00390625
13.60000108700001,0.0,7.771252474387154,-7.771252474387154,-0.17538758563892598,1702.0930205533423,-0.00390625
13.620000850999986,0.0,7.800311949973462,-7.800311949973462,-0.17989368481295764,1703.1744843551098,0.0
13.640000930000042,0.0,7.800311949973462,-7.800311949973462,-0.18178048571461802,1703.6273165715083,0.0
13.660000657999944,0.0,7.837941619299897,-7.837941619299897,-0.1843427779517602,1704.2422667084224,0.0
13.680001163000043,0.0,7.837941619299897,-7.837941619299897,-0.18885038294187984,1705.324091906051,0.00390625
13.700001037999982,0.0,7.837941619299897,-7.837941619299897,-0.19114589733413687,1705.8750153601927,0.00390625
13.720000988000038,0.0,7.874727299065739,-7.874727299065739,-0.1903288651336222,1705.6789276320694,0.0
13.74000103000003,0.0,7.874727299065739,-7.874727299065739,-0.18998321097845317,1705.5959706348287,0.0
13.760000719999994,0.0,7.895981465280585,-7.895981465280585,-0.19108386911653252,1705.860128587968,0.0
13.780000836999989,0.0,7.895981465280585,-7.895981465280585,-0.18996567487487626,1705.5917619699703,-0.001953125
13.800000952999994,0.0,7.895981465280585,-7.895981465280585,-0.19001451632549787,1705.6034839181195,-0.001953125
13.820001143000013,0.0,7.932241134929114,-7.932241134929114,-0.1970731078988616,1707.2975458957267,0.00390625
13.84000077799999,0.0,7.932241134929114,-7.932241134929114,-0.19988866144088516,1707.9732787458124,0.00390625
13.860000913000022,0.0,7.9639967574862,-7.9639967574862,-0.2026250860475158,1708.6300206514038,0.00390625
13.880001214000004,0.0,7.9639967574862,-7.9639967574862,-0.2002610314285853,1708.0626475428605,0.0
13.90000097799998,0.0,7.9639967574862,-7.9639967574862,-0.19981580225514375,1707.9557925412346,0.0
13.920000798000046,0.0,7.980929958021676,-7.980929958021676,-0.19897314420500029,1707.7535546092001,-0.001953125
13.940000803999965,0.0,7.980929958021676,-7.980929958021676,-0.19890110552164603,1707.736265325195,-0.001953125
13.96000101200002,0.0,7.997519591579874,-7.997519591579874,-0.19995457138374648,1707.9890971320992,-0.001953125
13.98000075799996,0.0,7.997519591579874,-7.997519591579874,-0.20064682172267173,1708.1552372134413,-0.001953125
14.000000892999992,0.0,7.997519591579874,-7.997519591579874,-0.2014262208341588,1708.3422930001982,-0.001953125
14.020000824000022,0.0,8.018367630291522,-8.018367630291522,-0.20648602149238218,1709.5566451581717,0.001953125
14.04000082899995,0.0,8.018367630291522,-8.018367630291522,-0.20872265711801247,1710.093437708323,0.001953125
14.060000870999943,0.0,8.035306710304553,-8.035306710304553,-0.21071417955836994,1710.5714030940087,0.001953125
14.080000931999962,0.0,8.035306710304553,-8.035306710304553,-0.2100213350703327,1710.4051204168798,0.0
14.100000937000004,0.0,8.035306710304553,-8.035306710304553,-0.21024907048572644,1710.4597769165744,0.0
14.120000813000047,0.0,8.051301681305432,-8.051301681305432,-0.21140504266739163,1710.737210240174,0.0
14.140001040000016,0.0,8.051301681305432,-8.051301681305432,-0.21214997781815315,1710.9159946763568,0.0
14.160001082000008,0.0,8.060462188332565,-8.060462188332565,-0.21327455138633802,1711.185892332721,0.0
14.180000995,0.0,8.060462188332565,-8.060462188332565,-0.21586074228249957,1711.8065781477999,0.001953125
14.20000070399999,0.0,8.060462188332565,-8.060462188332565,-0.21740167241687228,1712.1764013800494,0.001953125
14.220001042000035,0.0,8.073118297702905,-8.073118297702905,-0.2172097926492133,1712.1303502358112,0.0
14.240001214000017,0.0,8.073118297702905,-8.073118297702905,-0.21746357710165828,1712.1912585043979,0.0
14.26000086700003,0.0,8.079548075009996,-8.079548075009996,-0.21829745475841134,1712.3913891420189,0.0
14.280000797999946,0.0,8.079548075009996,-8.079548075009996,-0.21553325717130511,1711.7279817211133,-0.00390625
14.300001081000005,0.0,8.079548075009996,-8.079548075009996,-0.21493523111399815,1711.5844554673595,-0.00390625
14.32000097499997,0.0,8.087738327162924,-8.087738327162924,-0.21900605008308505,1712.5614520199404,0.0
14.340000906,0.0,8.087738327162924,-8.087738327162924,-0.2210281877636655,1713.0467650632797,0.0
14.360001077999982,0.0,8.095141044995273,-8.095141044995273,-0.22260438923249296,1713.4250534157984,0.0
14.380001009000011,0.0,8.095141044995273,-8.095141044995273,-0.22364014109294206,1713.6736338623061,0.0
14.400000754999951,0.0,8.095141044995273,-8.095141044995273,-0.22456307454985633,1713.8951378919655,0.0
14.420000759999994,0.0,8.098253663926187,-8.098253663926187,-0.22379204499545755,1713.7100907989097,-0.001953125
14.440001025000015,0.0,8.098253663926187,-8.098253663926187,-0.22394900109908447,1713.7477602637803,-0.001953125
14.460000882000031,0.0,8.095141044995273,-8.095141044995273,-0.22441163497478428,1713.8587923939483,-0.001953125
14.480001053000024,0.0,8.095141044995273,-8.095141044995273,-0.22690659409676228,1714.457582583223,0.0
14.500000966000016,0.0,8.095141044995273,-8.095141044995273,-0.2284132104582881,1714.8191705099891,0.0
14.520001008000008,0.0,8.099234363841788,-8.099234363841788,-0.2314256146493915,1715.542147515854,0.001953125
14.540000883999937,0.0,8.099234363841788,-8.099234363841788,-0.2330823127164113,1715.9397550519386,0.001953125
14.560000833000004,0.0,8.093964338929226,-8.093964338929226,-0.23406937139827114,1716.1766491355852,0.001953125
14.580001337999988,0.0,8.093964338929226,-8.093964338929226,-0.22977289957823613,1715.1454958987767,-0.00390625
14.600000972999965,0.0,8.093964338929226,-8.093964338929226,-0.22856286962833408,1714.8550887108001,-0.00390625
14.620000978999997,0.0,8.079149063560948,-8.079149063560948,-0.2298265268049445,1715.1583664331868,-0.001953125
14.640000910000026,0.0,8.079149063560948,-8.079149063560948,-0.2310464778503083,1715.451154684074,-0.001953125
14.660000971000045,0.0,8.077214002478087,-8.077214002478087,-0.23197433716199164,1715.6738409188779,-0.001953125
14.680000809000035,0.0,8.077214002478087,-8.077214002478087,-0.2346378182597966,1716.3130763823513,0.0
14.700000813999964,0.0,8.077214002478087,-8.077214002478087,-0.23621071702235177,1716.6905720853645,0.0
14.720000874999982,0.0,8.072925156932655,-8.072925156932655,-0.23543941227219717,1716.5054589453273,-0.001953125
14.740001176999954,0.0,8.072925156932655,-8.072925156932655,-0.23569801080015715,1716.5675225920377,-0.001953125
14.760000719000004,0.0,8.070006321017502,-8.070006321017502,-0.2362064948047891,1716.6895587531494,-0.001953125
14.780000927999936,0.0,8.070006321017502,-8.070006321017502,-0.24047332149572842,1717.7135971589748,0.001953125
14.800000858999965,0.0,8.070006321017502,-8.070006321017502,-0.2426871056235548,1718.2449053496532,0.001953125
14.820000864000008,0.0,8.063975195400047,-8.063975195400047,-0.2438685151488863,1718.5284436357326,0.001953125
14.840000777,0.0,8.063975195400047,-8.063975195400047,-0.24493196386337165,1718.7836713272093,0.001953125
14.860000912000032,0.0,8.063198569922605,-8.063198569922605,-0.24583682718251548,1719.0008385238036,0.001953125
14.880000954000025,0.0,8.063198569922605,-8.063198569922605,-0.24144280445531607,1717.9462730692758,-0.00390625
14.900000773999977,0.0,8.063198569922605,-8.063198569922605,-0.24019182107227044,1717.646037057345,-0.00390625
14.920001038999999,0.0,8.051701813704312,-8.051701813704312,-0.24331116199077377,1718.3946788777857,0.0
14.940000932999965,0.0,8.051701813704312,-8.051701813704312,-0.24522532670295835,1718.85407840871,0.0
14.960000827000044,0.0,8.044895362932664,-8.044895362932664,-0.24625859321063034,1719.1020623705513,0.0
14.980000795000024,0.0,8.044895362932664,-8.044895362932664,-0.24903022397819302,1719.7672537547664,0.001953125
15.000000763000003,0.0,8.044895362932664,-8.044895362932664,-0.2506443519686399,1720.1546444724736,0.001953125
15.020000898000035,0.0,8.045087256270818,-8.045087256270818,-0.24828657228439063,1719.5887773482536,-0.001953125
15.040001236999956,0.0,8.045087256270818,-8.045087256270818,-0.24784626881467597,1719.4831045155222,-0.001953125
15.060000779000006,0.0,8.04001938510234,-8.04001938510234,-0.24799820238508444,1719.5195685724202,-0.001953125
15.080000895000012,0.0,8.04001938510234,-8.04001938510234,-0.25039271846031247,1720.094252430475,0.0
15.100000788999978,0.0,8.04001938510234,-8.04001938510234,-0.2518556942071028,1720.4453666097047,0.0
15.12000070199997,0.0,8.04079769010454,-8.04079769010454,-0.25297330329617357,1720.7135927910817,0.0
15.14000072600004,0.0,8.04079769010454,-8.04079769010454,-0.25391469796294813,1720.9395275111076,0.0
15.160001027000021,0.0,8.04079769010454,-8.04079769010454,-0.2547964740487026,1721.1511537716885,0.0
15.180000810000024,0.0,8.04079769010454,-8.04079769010454,-0.2538965902020491,1720.9351816484918,-0.001953125
15.200000723000016,0.0,8.04079769010454,-8.04079769010454,-0.2540418548824323,1720.9700451717838,-0.001953125
15.220001099000001,0.0,8.04079769010454,-8.04079769010454,-0.2546051789736303,1721.1052429536712,-0.001953125
15.240001104000044,0.0,8.04079769010454,-8.04079769010454,-0.25533572682915423,1721.280574438997,-0.001953125
15.26000099800001,0.0,8.033187479264,-8.033187479264,-0.25586672077911604,1721.4080129869878,-0.001953125
15.280000798999936,0.0,8.033187479264,-8.033187479264,-0.2584479295032468,1722.0275030807793,0.0
15.300001007999981,0.0,8.033187479264,-8.033187479264,-0.2599851530482944,1722.3964367315907,0.0
15.320000958000037,0.0,8.029300282798289,-8.029300282798289,-0.2609686867014497,1722.632484808348,0.0
15.340000759999953,0.0,8.029300282798289,-8.029300282798289,-0.2619208714799487,1722.8610091551877,0.0
15.360000913000022,0.0,8.03358952844195,-8.03358952844195,-0.26295641329355735,1723.1095391904537,0.0
15.380000658999961,0.0,8.03358952844195,-8.03358952844195,-0.265573318668764,1723.7375964805033,0.001953125
15.40000094200002,0.0,8.03358952844195,-8.03358952844195,-0.26712484613573684,1724.1099630725769,0.001953125
15.420000780999999,0.0,8.029300282798289,-8.029300282798289,-0.2663422378528453,1723.9221370846828,0.0
15.440000803999965,0.0,8.029300282798289,-8.029300282798289,-0.26659357952245366,1723.9824590853889,0.0
15.460000809999997,0.0,8.033187479264,-8.033187479264,-0.26733470782619434,1724.1603298782866,0.0
15.48000094400004,0.0,8.033187479264,-8.033187479264,-0.266323811201487,1723.917714688357,-0.001953125
15.500000857000032,0.0,8.033187479264,-8.033187479264,-0.2664241926069994,1723.9418062256798,-0.001953125
15.520001009999987,0.0,8.022091978794833,-8.022091978794833,-0.27009624227582046,1724.823098146197,0.001953125
15.540000738000003,0.0,8.022091978794833,-8.022091978794833,-0.27222402746016383,1725.3337665904394,0.001953125
15.560000761999959,0.0,8.02383088443841,-8.02383088443841,-0.2736400657939383,1725.6736157905452,0.001953125
15.580001433999996,0.0,8.02383088443841,-8.02383088443841,-0.2729285410875625,1725.502849861015,0.0
15.60000082800002,0.0,8.02383088443841,-8.02383088443841,-0.27314808336821617,1725.555540008372,0.0
15.620001295999941,0.0,8.018367932878164,-8.018367932878164,-0.27354878738152544,1725.6517089715662,0.0
15.640001135000034,0.0,8.018367932878164,-8.018367932878164,-0.2742891550959659,1725.8293972230317,0.0
15.660000973000024,0.0,8.0201079218823,-8.0201079218823,-0.27515003038294017,1726.0360072919057,0.0
15.680000905000043,0.0,8.0201079218823,-8.0201079218823,-0.2759740039106409,1726.2337609385538,0.0
15.700000965999948,0.0,8.0201079218823,-8.0201079218823,-0.2768075115642889,1726.4338027754293,0.0
15.72000074899995,0.0,8.0201079218823,-8.0201079218823,-0.2758870203683157,1726.2128848883958,-0.001953125
15.740001271999972,0.0,8.0201079218823,-8.0201079218823,-0.2760227421324941,1726.2454581117986,-0.001953125
15.760000815000012,0.0,8.012497561356525,-8.012497561356525,-0.2798301254287654,1727.1592301029036,0.001953125
15.780000690999941,0.0,8.012497561356525,-8.012497561356525,-0.281962779495538,1727.6710670789291,0.001953125
15.800001028999986,0.0,8.012497561356525,-8.012497561356525,-0.28331928119176036,1727.9966274860226,0.001953125
15.820001183000045,0.0,8.018526597304088,-8.018526597304088,-0.28281859385494273,1727.8764625251863,0.0
15.840000724999982,0.0,8.018526597304088,-8.018526597304088,-0.28303795658282493,1727.929109579878,0.0
15.860000748999937,0.0,8.016785604454185,-8.016785604454185,-0.281810753627678,1727.6345808706428,-0.001953125
15.880000735999943,0.0,8.016785604454185,-8.016785604454185,-0.28184789078681394,1727.6434937888353,-0.001953125
15.900000796999961,0.0,8.016785604454185,-8.016785604454185,-0.2823664551456755,1727.767949234962,-0.001953125
15.920000708999964,0.0,8.008610151467138,-8.008610151467138,-0.2827913571080605,1727.8699257059345,-0.001953125
15.940000973999986,0.0,8.008610151467138,-8.008610151467138,-0.28357866456733366,1728.05887949616,-0.001953125
15.960000776000015,0.0,8.008610151467138,-8.008610151467138,-0.2861545958673891,1728.6771030081734,0.0
15.980000762000032,0.0,8.008610151467138,-8.008610151467138,-0.2876881642037576,1729.0451594089018,0.0
16.000000656999987,0.0,8.008610151467138,-8.008610151467138,-0.28880478735465126,1729.3131489651164,0.0
16.020000772999992,0.0,8.014079328316143,-8.014079328316143,-0.28818830294899334,1729.1651927077585,-0.001953125
16.04000096300001,0.0,8.014079328316143,-8.014079328316143,-0.2883688845268814,1729.2085322864516,-0.001953125
16.06000080199999,0.0,8.015259690737935,-8.015259690737935,-0.29074379514141707,1729.7785108339401,0.0
16.08000089999996,0.0,8.015259690737935,-8.015259690737935,-0.2921808920379504,1730.123414089108,0.0
16.100000905,0.0,8.015259690737935,-8.015259690737935,-0.29325934441578444,1730.3822426597883,0.0
16.120001040000034,0.0,8.015259690737935,-8.015259690737935,-0.2941943389861388,1730.6066413566732,0.0
16.140001083000016,0.0,8.015259690737935,-8.015259690737935,-0.29507195043350126,1730.8172681040403,0.0
16.160001087999945,0.0,8.009230977830128,-8.009230977830128,-0.29571553552653024,1730.9717285263673,0.0
16.180001242000003,0.0,8.009230977830128,-8.009230977830128,-0.29656038109967786,1731.1744914639228,0.0
16.200001025000006,0.0,8.009230977830128,-8.009230977830128,-0.29740155415295405,1731.376372996709,0.0
16.22000114100001,0.0,8.001055845690303,-8.001055845690303,-0.2979550361551947,1731.5092086772468,0.0
16.240000924000014,0.0,8.001055845690303,-8.001055845690303,-0.29879329649950703,1731.7103911598817,0.0
16.26000091100002,0.0,7.993847779252803,-7.993847779252803,-0.29762114549152174,1731.4290749179652,-0.001953125
16.280000898000026,0.0,7.993847779252803,-7.993847779252803,-0.29775519695110136,1731.4612472682643,-0.001953125
16.30000088500003,0.0,7.993847779252803,-7.993847779252803,-0.29831108580407756,1731.5946605929787,-0.001953125
16.320001074999936,0.0,7.98741663563834,-7.98741663563834,-0.3023261718851459,1732.5582812524349,0.001953125
16.340000746999976,0.0,7.98741663563834,-7.98741663563834,-0.30452386621063965,1733.0857278905535,0.001953125
16.360001030000035,0.0,7.98741663563834,-7.98741663563834,-0.3059048081293108,1733.4171539510346,0.001953125
16.380000924,0.0,7.98741663563834,-7.98741663563834,-0.30695904908525296,1733.6701717804608,0.001953125
16.400001059000033,0.0,7.98741663563834,-7.98741663563834,-0.3078826096561034,1733.8918263174648,0.001953125
16.42000108299999,0.0,7.98741663563834,-7.98741663563834,-0.30699608557291724,1733.6790605375002,0.0
16.440000940000004,0.0,7.98741663563834,-7.98741663563834,-0.30714334012811645,1733.714401630748,0.0
16.460001075000037,0.0,7.986236732699808,-7.986236732699808,-0.30590498369726027,1733.4171960873425,-0.001953125
16.48000089499999,0.0,7.986236732699808,-7.986236732699808,-0.30592790573080847,1733.422697375394,-0.001953125
16.500000659999955,0.0,7.982351125914306,-7.982351125914306,-0.3063028244337325,1733.5126778640958,-0.001953125
16.520000869,0.0,7.982351125914306,-7.982351125914306,-0.307008591133489,1733.6820618720374,-0.001953125
16.540001281999935,0.0,7.982351125914306,-7.982351125914306,-0.3077924437265025,1733.8701864943605,-0.001953125
16.560001306000004,0.0,7.975920062205461,-7.975920062205461,-0.3118979957451524,1734.8555189788367,0.001953125
16.580001143999993,0.0,7.975920062205461,-7.975920062205461,-0.3141311529789731,1735.3914767149536,0.001953125
16.60000135300004,0.0,7.975920062205461,-7.975920062205461,-0.31552555770996227,1735.7261338503909,0.001953125
16.62000108099994,0.0,7.975920062205461,-7.975920062205461,-0.3148266489398188,1735.5583957455565,0.0
16.640000808999957,0.0,7.975920062205461,-7.975920062205461,-0.3150482272692223,1735.6115745446134,0.0
16.66000133299997,0.0,7.980208427446655,-7.980208427446655,-0.31578814170097635,1735.7891540082344,0.0
16.680000801000006,0.0,7.980208427446655,-7.980208427446655,-0.31652564188268406,1735.9661540518441,0.0
16.70000143599998,0.0,7.975920062205461,-7.975920062205461,-0.317171911976231,1736.1212588742956,0.0
16.720001533999948,0.0,7.975920062205461,-7.975920062205461,-0.31799143872550023,1736.3179452941201,0.0
16.74000128,0.0,7.975920062205461,-7.975920062205461,-0.3188203912626688,1736.5168939030405,0.0
16.76000095200004,0.0,7.972596939308914,-7.972596939308914,-0.3177789547463949,1736.2669491391348,-0.001953125
16.780001458000015,0.0,7.972596939308914,-7.972596939308914,-0.31790971272817115,1736.298331054761,-0.001953125
16.800000908000015,0.0,7.968308894860996,-7.968308894860996,-0.3183128189292323,1736.3950765430159,-0.001953125
16.820001172000048,0.0,7.968308894860996,-7.968308894860996,-0.3190345974186398,1736.5683033804735,-0.001953125
16.840000881000037,0.0,7.968308894860996,-7.968308894860996,-0.31982397242811544,1736.7577533827478,-0.001953125
16.86000109099996,0.0,7.962280167209684,-7.962280167209684,-0.3221871249242921,1737.3249099818302,0.0
16.880000817999985,0.0,7.962280167209684,-7.962280167209684,-0.3237168476581225,1737.6920434379495,0.0
16.900000972000043,0.0,7.95839539108033,-7.95839539108033,-0.32469301048811205,1737.926322517147,0.0
16.920000921999986,0.0,7.95839539108033,-7.95839539108033,-0.3256377580573356,1738.1530619337605,0.0
16.940000853000015,0.0,7.95839539108033,-7.95839539108033,-0.3265156978149246,1738.3637674755819,0.0
16.960000802999957,0.0,7.951187280177805,-7.951187280177805,-0.3253567365800553,1738.0856167792133,-0.001953125
16.980000770999936,0.0,7.951187280177805,-7.951187280177805,-0.32549338413152046,1738.1184121915649,-0.001953125
17.000000888000045,0.0,7.943979028331768,-7.943979028331768,-0.3257952606806202,1738.190862563349,-0.001953125
17.02000113400004,0.0,7.943979028331768,-7.943979028331768,-0.32827360490579466,1738.7856651773907,0.0
17.04000110200002,0.0,7.943979028331768,-7.943979028331768,-0.32976407751897807,1739.1433786045548,0.0
17.06000068200001,0.0,7.9473033348537,-7.9473033348537,-0.3309757897962364,1739.4341895510968,0.0
17.080000686999938,0.0,7.9473033348537,-7.9473033348537,-0.33191340242726963,1739.6592165825448,0.0
17.10000091500001,0.0,7.9473033348537,-7.9473033348537,-0.33278779127513547,1739.8690699060326,0.0
17.12000086499995,0.0,7.9473033348537,-7.9473033348537,-0.3336368906097343,1740.0728537463362,0.0
17.140000777999944,0.0,7.9473033348537,-7.9473033348537,-0.33447587413902635,1740.2742097933663,0.0
17.160000802000013,0.0,7.9473033348537,-7.9473033348537,-0.3353108113461957,1740.474594723087,0.0
17.180001084999958,0.0,7.9473033348537,-7.9473033348537,-0.336144130024516,1740.6745912058839,0.0
17.20000073799997,0.0,7.945159513156312,-7.945159513156312,-0.33690174329642325,1740.8564183911417,0.0
17.220000780999953,0.0,7.945159513156312,-7.945159513156312,-0.33773393109810484,1741.0561434635451,0.0
17.240001044999985,0.0,7.945159513156312,-7.945159513156312,-0.3385660153139401,1741.2558436753457,0.0
17.260001087999967,0.0,7.9379516416008755,-7.9379516416008755,-0.33914570110748615,1741.3949682657967,0.0
17.280000926999946,0.0,7.9379516416008755,-7.9379516416008755,-0.33997697250870323,1741.5944734020889,0.0
17.300000857999976,0.0,7.933663436567173,-7.933663436567173,-0.3406581016269677,1741.7579443904722,0.0
17.32000106700002,0.0,7.933663436567173,-7.933663436567173,-0.3414889146871119,1741.9573395249067,0.0
17.340000906,0.0,7.933663436567173,-7.933663436567173,-0.3423197266865371,1742.156734404769,0.0
17.360000670999966,0.0,7.92763593884888,-7.92763593884888,-0.3429395077019083,1742.305481848458,0.0
17.380000694000046,0.0,7.92763593884888,-7.92763593884888,-0.3437696879092457,1742.5047250982188,0.0
17.400000922000004,0.0,7.916140182436209,-7.916140182436209,-0.34419738661708393,1742.6073727881,0.0
17.420001039,0.0,7.916140182436209,-7.916140182436209,-0.3450263628965845,1742.8063270951802,0.0
17.44000091399994,0.0,7.916140182436209,-7.916140182436209,-0.34585533916522326,1743.0052813996535,0.0
17.46000114200001,0.0,7.911852378731908,-7.911852378731908,-0.34653419382712497,1743.16820651851,0.0
17.480000740000037,0.0,7.911852378731908,-7.911852378731908,-0.3473627210719272,1743.3670530572626,0.0
17.500000745999955,0.0,7.90852696015304,-7.90852696015304,-0.34807482107259863,1743.5379570574237,0.0
17.520001029000014,0.0,7.90852696015304,-7.90852696015304,-0.3489030000794085,1743.736720019058,0.0
17.54000082999994,0.0,7.90852696015304,-7.90852696015304,-0.349731179086107,1743.9354829806657,0.0
17.560000946999935,0.0,7.90852696015304,-7.90852696015304,-0.3505593580927612,1744.1342459422626,0.0
17.580000951999978,0.0,7.90852696015304,-7.90852696015304,-0.3513875370993975,1744.3330089038554,0.0
17.600001032000023,0.0,7.900913608192866,-7.900913608192866,-0.3519491627200374,1744.467799052809,0.0
17.62000092599999,0.0,7.900913608192866,-7.900913608192866,-0.3527765444583108,1744.6663706699946,0.0
17.640000894999957,0.0,7.900913608192866,-7.900913608192866,-0.35360392619658315,1744.86494228718,0.0
17.6600009,0.0,7.900913608192866,-7.900913608192866,-0.354431307934855,1745.0635139043652,0.0
17.680000887000006,0.0,7.900913608192866,-7.900913608192866,-0.3552586896731267,1745.2620855215505,0.0
17.700000819000024,0.0,7.900913608192866,-7.900913608192866,-0.35608607141139825,1745.4606571387355,0.0
17.720001010000033,0.0,7.900913608192866,-7.900913608192866,-0.3569134531496698,1745.6592287559208,0.0
17.740001515000017,0.0,7.900913608192866,-7.900913608192866,-0.3577408348879414,1745.8578003731059,0.0
17.76000072399995,0.0,7.900913608192866,-7.900913608192866,-0.35856821662621297,1746.0563719902912,0.0
17.780000767000047,0.0,7.900913608192866,-7.900913608192866,-0.3593955983644845,1746.2549436074762,0.0
17.80000080900004,0.0,7.900913608192866,-7.900913608192866,-0.36022298010275605,1746.4535152246615,0.0
17.820001166999987,0.0,7.900913608192866,-7.900913608192866,-0.36105036184102757,1746.6520868418465,0.0
17.840000765000013,0.0,7.900913608192866,-7.900913608192866,-0.36187774357929914,1746.8506584590318,0.0
17.86000088100002,0.0,7.897031184862016,-7.897031184862016,-0.3625691966109911,1747.0166071866379,0.0
17.880000924,0.0,7.897031184862016,-7.897031184862016,-0.3633961717828421,1747.2150812278821,0.0
17.90000102199997,0.0,7.894885758717976,-7.894885758717976,-0.364148032786049,1747.3955278686517,0.0
17.92000069400001,0.0,7.894885758717976,-7.894885758717976,-0.36497478328939964,1747.593947989456,0.0
17.94000082900004,0.0,7.894885758717976,-7.894885758717976,-0.36580153379275027,1747.79236811026,0.0
17.960001002000013,0.0,7.894885758717976,-7.894885758717976,-0.36662828429610095,1747.9907882310642,0.0
17.980000951999955,0.0,7.894885758717976,-7.894885758717976,-0.3674550347994515,1748.1892083518683,0.0
