t_s,phase,step_idx,pwm_target,pwm_actual,psi_imu_deg,psi_enc_deg,psi_dot_dps,pitch_raw_deg,rest_angle_deg
0.0037,repos,0,1500,1500,0.0107,-0.0000,-0.0000,10.2384,79.75
0.0210,repos,0,1500,1500,0.0107,-0.0000,-0.0000,10.2384,79.75
0.0438,repos,0,1500,1500,0.0036,-0.0000,-0.0000,10.2455,79.75
0.0612,repos,0,1500,1500,0.0036,-0.0000,-0.0000,10.2455,79.75
0.0813,repos,0,1500,1500,0.0036,-0.0000,-0.0000,10.2455,79.75
0.1036,repos,0,1500,1500,0.0036,-0.0000,-0.0000,10.2455,79.75
0.1215,repos,0,1500,1500,0.0036,-0.0000,-0.0000,10.2455,79.75
0.1440,repos,0,1500,1500,0.0036,-0.0000,-0.0000,10.2455,79.75
0.1616,repos,0,1500,1500,0.0036,-0.0000,-0.0000,10.2455,79.75
0.1838,repos,0,1500,1500,0.0036,-0.0000,-0.0000,10.2455,79.75
0.2067,repos,0,1500,1500,0.0036,-0.0000,-0.0000,10.2455,79.75
0.2227,repos,0,1500,1500,0.0036,-0.0000,-0.0000,10.2455,79.75
0.2477,repos,0,1500,1500,-0.0034,-0.0000,-0.0000,10.2526,79.75
0.2639,repos,0,1500,1500,-0.0034,-0.0000,-0.0000,10.2526,79.75
0.2867,repos,0,1500,1500,-0.0034,-0.0000,-0.0000,10.2526,79.75
0.3080,repos,0,1500,1500,-0.0034,-0.0000,-0.0000,10.2526,79.75
0.3247,repos,0,1500,1500,-0.0034,-0.0000,-0.0000,10.2526,79.75
0.3504,repos,0,1500,1500,0.0036,-0.0000,-0.0000,10.2455,79.75
0.3649,repos,0,1500,1500,0.0036,-0.0000,-0.0000,10.2455,79.75
0.3876,repos,0,1500,1500,0.0036,-0.0000,-0.0000,10.2455,79.75
0.4088,repos,0,1500,1500,0.0036,-0.0000,-0.0000,10.2455,79.75
0.4250,repos,0,1500,1500,0.0036,-0.0000,-0.0000,10.2455,79.75
0.4505,repos,0,1500,1500,0.0036,-0.0000,-0.0000,10.2455,79.75
0.4658,repos,0,1500,1500,0.0036,-0.0000,-0.0000,10.2455,79.75
0.4883,repos,0,1500,1500,0.0036,-0.0000,-0.0000,10.2455,79.75
0.5093,repos,0,1500,1500,0.0036,-0.0000,-0.0000,10.2455,79.75
0.5262,repos,0,1500,1500,0.0036,-0.0000,-0.0000,10.2455,79.75
0.5510,repos,0,1500,1500,0.0107,-0.0000,-0.0000,10.2384,79.75
0.5663,repos,0,1500,1500,0.0107,-0.0000,-0.0000,10.2384,79.75
0.5875,repos,0,1500,1500,0.0107,-0.0000,-0.0000,10.2384,79.75
0.6098,repos,0,1500,1500,0.0107,-0.0000,-0.0000,10.2384,79.75
0.6268,repos,0,1500,1500,0.0107,-0.0000,-0.0000,10.2384,79.75
0.6502,repos,0,1500,1500,0.0107,-0.0000,-0.0000,10.2384,79.75
0.6670,repos,0,1500,1500,0.0107,-0.0000,-0.0000,10.2384,79.75
0.6898,repos,0,1500,1500,0.0107,-0.0000,-0.0000,10.2384,79.75
0.7098,repos,0,1500,1500,0.0107,-0.0000,-0.0000,10.2384,79.75
0.7273,repos,0,1500,1500,0.0107,-0.0000,-0.0000,10.2384,79.75
0.7514,repos,0,1500,1500,0.0107,-0.0000,-0.0000,10.2384,79.75
0.7677,repos,0,1500,1500,0.0107,-0.0000,-0.0000,10.2384,79.75
0.7897,repos,0,1500,1500,0.0107,-0.0000,-0.0000,10.2384,79.75
0.8100,repos,0,1500,1500,0.0107,-0.0000,-0.0000,10.2384,79.75
0.8278,repos,0,1500,1500,0.0107,-0.0000,-0.0000,10.2384,79.75
0.8517,repos,0,1500,1500,0.0178,-0.0000,-0.0000,10.2314,79.75
0.8680,repos,0,1500,1500,0.0178,-0.0000,-0.0000,10.2314,79.75
0.8903,repos,0,1500,1500,0.0178,-0.0000,-0.0000,10.2314,79.75
0.9102,repos,0,1500,1500,0.0178,-0.0000,-0.0000,10.2314,79.75
0.9283,repos,0,1500,1500,0.0178,-0.0000,-0.0000,10.2314,79.75
0.9513,repos,0,1500,1500,0.0178,-0.0000,-0.0000,10.2314,79.75
0.9680,repos,0,1500,1500,0.0178,-0.0000,-0.0000,10.2314,79.75
0.9901,repos,0,1500,1500,0.0178,-0.0000,-0.0000,10.2314,79.75
1.0101,repos,0,1500,1500,0.0178,-0.0000,-0.0000,10.2314,79.75
1.0288,repos,0,1500,1500,0.0178,-0.0000,-0.0000,10.2314,79.75
1.0521,repos,0,1500,1500,0.0178,-0.0000,-0.0000,10.2314,79.75
1.0697,repos,0,1500,1500,0.0178,-0.0000,-0.0000,10.2314,79.75
1.0899,repos,0,1500,1500,0.0178,-0.0000,-0.0000,10.2314,79.75
1.1106,repos,0,1500,1500,0.0178,-0.0000,-0.0000,10.2314,79.75
1.1290,repos,0,1500,1500,0.0178,-0.0000,-0.0000,10.2314,79.75
1.1530,repos,0,1500,1500,0.0178,-0.0000,-0.0000,10.2314,79.75
1.1698,repos,0,1500,1500,0.0178,-0.0000,-0.0000,10.2314,79.75
1.1913,repos,0,1500,1500,0.0178,-0.0000,-0.0000,10.2314,79.75
1.2114,repos,0,1500,1500,0.0178,-0.0000,-0.0000,10.2314,79.75
1.2308,repos,0,1500,1500,0.0178,-0.0000,-0.0000,10.2314,79.75
1.2531,repos,0,1500,1500,0.0178,-0.0000,-0.0000,10.2314,79.75
1.2701,repos,0,1500,1500,0.0178,-0.0000,-0.0000,10.2314,79.75
1.2987,repos,0,1500,1500,0.0178,-0.0000,-0.0000,10.2314,79.75
1.3107,repos,0,1500,1500,0.0178,-0.0000,-0.0000,10.2314,79.75
1.3297,repos,0,1500,1500,0.0178,-0.0000,-0.0000,10.2314,79.75
1.3523,repos,0,1500,1500,0.0178,-0.0000,-0.0000,10.2314,79.75
1.3700,repos,0,1500,1500,0.0178,-0.0000,-0.0000,10.2314,79.75
1.3916,repos,0,1500,1500,0.0178,-0.0000,-0.0000,10.2313,79.75
1.4122,repos,0,1500,1500,0.0178,-0.0000,-0.0000,10.2313,79.75
1.4304,repos,0,1500,1500,0.0178,-0.0000,-0.0000,10.2313,79.75
1.4530,repos,0,1500,1500,0.0178,-0.0000,0.2238,10.2313,79.75
1.4705,repos,0,1500,1500,0.0178,-0.0000,0.2238,10.2313,79.75
1.4934,repos,0,1500,1500,0.0249,-0.0000,0.1119,10.2243,79.75
1.5106,repos,0,1500,1500,0.0249,-0.0000,0.1119,10.2243,79.75
1.5309,repos,0,1500,1500,0.0249,-0.0000,0.1119,10.2243,79.75
1.5530,repos,0,1500,1500,0.0248,-0.0000,-0.1119,10.2243,79.75
1.5712,repos,0,1500,1500,0.0248,-0.0000,-0.1119,10.2243,79.75
1.5939,repos,0,1500,1500,0.0242,-0.0000,0.1119,10.2249,79.75
1.6112,repos,0,1500,1500,0.0242,-0.0000,0.1119,10.2249,79.75
1.6312,repos,0,1500,1500,0.0242,-0.0000,0.1119,10.2249,79.75
1.6550,repos,0,1500,1500,0.0313,-0.0000,-0.0000,10.2179,79.75
1.6714,repos,0,1500,1500,0.0313,-0.0000,-0.0000,10.2179,79.75
1.6950,repos,0,1500,1500,0.0313,-0.0000,-0.0000,10.2179,79.75
1.7115,repos,0,1500,1500,0.0313,-0.0000,-0.0000,10.2179,79.75
1.7329,repos,0,1500,1500,0.0313,-0.0000,-0.0000,10.2179,79.75
1.7535,repos,0,1500,1500,0.0313,-0.0000,-0.0000,10.2179,79.75
1.7718,repos,0,1500,1500,0.0313,-0.0000,-0.0000,10.2179,79.75
1.7961,repos,0,1500,1500,0.0312,-0.0000,-0.0000,10.2179,79.75
1.8120,repos,0,1500,1500,0.0312,-0.0000,-0.0000,10.2179,79.75
1.8332,repos,0,1500,1500,0.0312,-0.0000,-0.0000,10.2179,79.75
1.8555,repos,0,1500,1500,0.0312,-0.0000,0.1119,10.2179,79.75
1.8730,repos,0,1500,1500,0.0312,-0.0000,0.1119,10.2179,79.75
1.8985,repos,0,1500,1500,0.0383,-0.0000,-0.0000,10.2108,79.75
1.9138,repos,0,1500,1500,0.0383,-0.0000,-0.0000,10.2108,79.75
1.9343,repos,0,1500,1500,0.0384,-0.0000,-0.0000,10.2108,79.75
1.9565,repos,0,1500,1500,0.0384,-0.0000,-0.0000,10.2108,79.75
1.9740,repos,0,1500,1500,0.0384,-0.0000,-0.0000,10.2108,79.75
1.9974,repos,0,1500,1500,0.0384,-0.0000,-0.1119,10.2108,79.75
2.0145,repos,0,1500,1500,0.0384,-0.0000,-0.1119,10.2108,79.75
2.0361,repos,0,1500,1500,0.0454,-0.0000,-0.1119,10.2037,79.75
2.0574,repos,0,1500,1500,0.0454,-0.0000,-0.2238,10.2037,79.75
2.0744,repos,0,1500,1500,0.0454,-0.0000,-0.2238,10.2037,79.75
2.0978,repos,0,1500,1500,0.0384,-0.0000,0.1119,10.2108,79.75
2.1150,repos,0,1500,1500,0.0384,-0.0000,0.1119,10.2108,79.75
2.1386,repos,0,1500,1500,0.0454,-0.0000,0.1119,10.2037,79.75
2.1576,repos,0,1500,1500,0.0454,-0.0000,-0.0000,10.2037,79.75
2.1752,repos,0,1500,1500,0.0454,-0.0000,-0.0000,10.2037,79.75
2.1982,repos,0,1500,1500,0.0525,-0.0000,-0.1119,10.1966,79.75
2.2154,repos,0,1500,1500,0.0525,-0.0000,-0.1119,10.1966,79.75
2.2381,repos,0,1500,1500,0.0454,-0.0000,-0.1119,10.2037,79.75
2.2581,repos,0,1500,1500,0.0454,-0.0000,-0.0000,10.2037,79.75
2.2757,repos,0,1500,1500,0.0454,-0.0000,-0.0000,10.2037,79.75
2.2987,repos,0,1500,1500,0.0454,-0.0000,-0.1119,10.2037,79.75
2.3158,repos,0,1500,1500,0.0454,-0.0000,-0.1119,10.2037,79.75
2.3385,repos,0,1500,1500,0.0454,-0.0000,-0.1119,10.2038,79.75
2.3589,repos,0,1500,1500,0.0454,-0.0000,0.1119,10.2038,79.75
2.3761,repos,0,1500,1500,0.0454,-0.0000,0.1119,10.2038,79.75
2.3984,repos,0,1500,1500,0.0383,-0.0000,-0.0000,10.2108,79.75
2.4163,repos,0,1500,1500,0.0383,-0.0000,-0.0000,10.2108,79.75
2.4383,repos,0,1500,1500,0.0454,-0.0000,-0.0000,10.2038,79.75
2.4583,repos,0,1500,1500,0.0454,-0.0000,-0.1119,10.2038,79.75
2.4766,repos,0,1500,1500,0.0454,-0.0000,-0.1119,10.2038,79.75
2.4988,repos,0,1500,1500,0.0383,-0.0000,-0.0000,10.2109,79.75
2.5168,repos,0,1500,1500,0.0383,-0.0000,-0.0000,10.2109,79.75
2.5389,repos,0,1500,1500,0.0453,-0.0000,-0.0000,10.2038,79.75
2.5587,repos,0,1500,1500,0.0453,-0.0000,-0.0000,10.2038,79.75
2.5769,repos,0,1500,1500,0.0453,-0.0000,-0.0000,10.2038,79.75
2.5982,repos,0,1500,1500,0.0453,-0.0000,-0.0000,10.2038,79.75
2.6171,repos,0,1500,1500,0.0453,-0.0000,-0.0000,10.2038,79.75
2.6386,repos,0,1500,1500,0.0453,-0.0000,-0.0000,10.2038,79.75
2.6585,repos,0,1500,1500,0.0453,-0.0000,-0.0000,10.2038,79.75
2.6773,repos,0,1500,1500,0.0453,-0.0000,-0.0000,10.2038,79.75
2.6990,repos,0,1500,1500,0.0453,-0.0000,-0.0000,10.2038,79.75
2.7175,repos,0,1500,1500,0.0453,-0.0000,-0.0000,10.2038,79.75
2.7389,repos,0,1500,1500,0.0453,-0.0000,-0.0000,10.2038,79.75
2.7589,repos,0,1500,1500,0.0453,-0.0000,-0.0000,10.2038,79.75
2.7778,repos,0,1500,1500,0.0453,-0.0000,-0.0000,10.2038,79.75
2.8000,repos,0,1500,1500,0.0453,-0.0000,-0.0000,10.2038,79.75
2.8179,repos,0,1500,1500,0.0453,-0.0000,-0.0000,10.2038,79.75
2.8394,repos,0,1500,1500,0.0453,-0.0000,-0.0000,10.2038,79.75
2.8594,repos,0,1500,1500,0.0453,-0.0000,-0.0000,10.2038,79.75
2.8782,repos,0,1500,1500,0.0453,-0.0000,-0.0000,10.2038,79.75
2.9005,repos,0,1500,1500,0.0453,-0.0000,-0.0000,10.2038,79.75
2.9183,repos,0,1500,1500,0.0453,-0.0000,-0.0000,10.2038,79.75
2.9390,repos,0,1500,1500,0.0383,-0.0000,-0.0000,10.2109,79.75
2.9597,repos,0,1500,1500,0.0383,-0.0000,-0.0000,10.2109,79.75
2.9778,repos,0,1500,1500,0.0383,-0.0000,-0.0000,10.2109,79.75
3.0007,repos,0,1500,1500,0.0383,-0.0000,-0.0000,10.2109,79.75
3.0180,repos,0,1500,1500,0.0383,-0.0000,-0.0000,10.2109,79.75
3.0399,repos,0,1500,1500,0.0383,-0.0000,-0.0000,10.2109,79.75
3.0593,repos,0,1500,1500,0.0383,-0.0000,-0.0000,10.2109,79.75
3.0783,repos,0,1500,1500,0.0383,-0.0000,-0.0000,10.2109,79.75
3.1013,repos,0,1500,1500,0.0383,-0.0000,-0.0000,10.2109,79.75
3.1184,repos,0,1500,1500,0.0383,-0.0000,-0.0000,10.2109,79.75
3.1390,repos,0,1500,1500,0.0383,-0.0000,-0.0000,10.2109,79.75
3.1597,repos,0,1500,1500,0.0383,-0.0000,-0.0000,10.2109,79.75
3.1786,repos,0,1500,1500,0.0383,-0.0000,-0.0000,10.2109,79.75
3.2007,repos,0,1500,1500,0.0383,-0.0000,-0.0000,10.2109,79.75
3.2182,repos,0,1500,1500,0.0383,-0.0000,-0.0000,10.2109,79.75
3.2398,repos,0,1500,1500,0.0383,-0.0000,-0.0000,10.2109,79.75
3.2599,repos,0,1500,1500,0.0383,-0.0000,-0.0000,10.2109,79.75
3.2784,repos,0,1500,1500,0.0383,-0.0000,-0.0000,10.2109,79.75
3.3007,repos,0,1500,1500,0.0383,-0.0000,-0.0000,10.2109,79.75
3.3186,repos,0,1500,1500,0.0383,-0.0000,-0.0000,10.2109,79.75
3.3401,repos,0,1500,1500,0.0383,-0.0000,-0.0000,10.2109,79.75
3.3600,repos,0,1500,1500,0.0383,-0.0000,-0.0000,10.2109,79.75
3.3787,repos,0,1500,1500,0.0383,-0.0000,-0.0000,10.2109,79.75
3.4011,repos,0,1500,1500,0.0383,-0.0000,-0.0000,10.2109,79.75
3.4186,repos,0,1500,1500,0.0383,-0.0000,-0.0000,10.2109,79.75
3.4401,repos,0,1500,1500,0.0383,-0.0000,-0.0000,10.2109,79.75
3.4601,repos,0,1500,1500,0.0383,-0.0000,-0.0000,10.2109,79.75
3.4789,repos,0,1500,1500,0.0383,-0.0000,-0.0000,10.2109,79.75
3.5016,repos,0,1500,1500,0.0383,-0.0000,-0.0000,10.2109,79.75
3.5191,repos,0,1500,1500,0.0383,-0.0000,-0.0000,10.2109,79.75
3.5418,repos,0,1500,1500,0.0383,-0.0000,-0.0000,10.2109,79.75
3.5592,repos,0,1500,1500,0.0383,-0.0000,-0.0000,10.2109,79.75
3.5793,repos,0,1500,1500,0.0383,-0.0000,-0.0000,10.2109,79.75
3.6017,repos,0,1500,1500,0.0383,-0.0000,-0.0000,10.2109,79.75
3.6195,repos,0,1500,1500,0.0383,-0.0000,-0.0000,10.2109,79.75
3.6418,repos,0,1500,1500,0.0383,-0.0000,-0.0000,10.2109,79.75
3.6597,repos,0,1500,1500,0.0383,-0.0000,-0.0000,10.2109,79.75
3.6797,repos,0,1500,1500,0.0383,-0.0000,-0.0000,10.2109,79.75
3.7019,repos,0,1500,1500,0.0453,-0.0000,-0.0000,10.2038,79.75
3.7199,repos,0,1500,1500,0.0453,-0.0000,-0.0000,10.2038,79.75
3.7428,repos,0,1500,1500,0.0453,-0.0000,-0.0000,10.2038,79.75
3.7601,repos,0,1500,1500,0.0453,-0.0000,-0.0000,10.2038,79.75
3.7801,repos,0,1500,1500,0.0453,-0.0000,-0.0000,10.2038,79.75
3.8045,repos,0,1500,1500,0.0453,-0.0000,-0.0000,10.2038,79.75
3.8203,repos,0,1500,1500,0.0453,-0.0000,-0.0000,10.2038,79.75
3.8444,repos,0,1500,1500,0.0524,-0.0000,-0.0000,10.1967,79.75
3.8605,repos,0,1500,1500,0.0524,-0.0000,-0.0000,10.1967,79.75
3.8817,repos,0,1500,1500,0.0524,-0.0000,-0.0000,10.1967,79.75
3.9031,repos,0,1500,1500,0.0524,-0.0000,-0.0000,10.1967,79.75
3.9208,repos,0,1500,1500,0.0524,-0.0000,-0.0000,10.1967,79.75
3.9444,repos,0,1500,1500,0.0453,-0.0000,-0.0000,10.2038,79.75
3.9616,repos,0,1500,1500,0.0453,-0.0000,-0.0000,10.2038,79.75
3.9822,repos,0,1500,1500,0.0453,-0.0000,-0.0000,10.2038,79.75
4.0054,step,0,1350,1450,0.0453,-0.0000,-0.0000,10.2038,79.75
4.0234,step,0,1350,1400,0.0453,-0.0000,-0.0000,10.2038,79.75
4.0472,step,0,1350,1350,0.0453,-0.0000,-0.0000,10.2038,79.75
4.0636,step,0,1350,1350,0.0453,-0.0000,-0.0000,10.2038,79.75
4.0874,step,0,1350,1350,0.0453,-0.0000,-0.0000,10.2038,79.75
4.1063,step,0,1350,1350,0.0453,-0.0000,-0.0000,10.2038,79.75
4.1239,step,0,1350,1350,0.0453,-0.0000,-0.0000,10.2038,79.75
4.1468,step,0,1350,1350,0.0453,-0.0000,-0.0000,10.2038,79.75
4.1642,step,0,1350,1350,0.0453,-0.0000,-0.0000,10.2038,79.75
4.1869,step,0,1350,1350,0.0453,-0.0000,-0.0000,10.2038,79.75
4.2060,step,0,1350,1350,0.0453,-0.0000,-0.0000,10.2038,79.75
4.2230,step,0,1350,1350,0.0453,-0.0000,-0.0000,10.2038,79.75
4.2473,step,0,1350,1350,0.0453,-0.0000,0.5595,10.2038,79.75
4.2645,step,0,1350,1350,0.0453,-0.0000,0.5595,10.2038,79.75
4.2865,step,0,1350,1350,0.0948,-0.0000,0.5595,10.1543,79.75
4.3072,step,0,1350,1350,0.0948,-0.0000,1.2310,10.1543,79.75
4.3247,step,0,1350,1350,0.0948,-0.0000,1.2310,10.1543,79.75
4.3477,step,0,1350,1350,0.1927,0.1800,3.2453,10.0565,79.75
4.3648,step,0,1350,1350,0.1927,0.3600,3.2453,10.0565,79.75
4.3864,step,0,1350,1350,0.4879,0.5400,3.2453,9.7612,79.75
4.4076,step,0,1350,1350,0.4879,0.9000,12.4215,9.7612,79.75
4.4250,step,0,1350,1350,0.4879,1.2600,12.4215,9.7612,79.75
4.4474,step,0,1350,1350,1.2104,1.8000,23.5002,9.0388,79.75
4.4652,step,0,1350,1350,1.2104,2.3400,23.5002,9.0388,79.75
4.4873,step,0,1350,1350,2.5849,3.0600,23.5002,7.6643,79.75
4.5072,step,0,1350,1350,2.5849,3.9600,37.4884,7.6643,79.75
4.5254,step,0,1350,1350,2.5849,4.6800,37.4884,7.6643,79.75
4.5477,step,0,1350,1350,4.6936,5.9400,53.7148,5.5556,79.75
4.5656,step,0,1350,1350,4.6936,7.0200,53.7148,5.5556,79.75
4.5876,step,0,1350,1350,7.5767,8.4600,53.7148,2.6724,79.75
4.6066,step,0,1350,1350,7.5767,9.9000,67.8149,2.6724,79.75
4.6258,step,0,1350,1350,7.5767,11.5200,67.8149,2.6724,79.75
4.6474,step,0,1350,1350,11.2277,13.5000,84.3770,-0.9785,79.75
4.6660,step,0,1350,1350,11.2277,15.1200,84.3770,-0.9785,79.75
4.6876,step,0,1350,1350,15.6497,17.1000,84.3770,-5.4006,79.75
4.7077,step,0,1350,1350,15.6497,19.0800,94.8961,-5.4006,79.75
4.7263,step,0,1350,1350,15.6497,20.8800,94.8961,-5.4006,79.75
4.7479,step,0,1350,1350,20.4517,23.0400,100.3795,-10.2026,79.75
4.7657,step,0,1350,1350,20.4517,22.3200,100.3795,-10.2026,79.75
4.7877,step,0,1350,1350,21.8285,20.8800,100.3795,-11.5794,79.75
4.8077,step,0,1350,1350,21.8285,19.9800,-53.1553,-11.5794,79.75
4.8266,step,0,1350,1350,21.8285,19.4400,-53.1553,-11.5794,79.75
4.8488,step,0,1350,1350,19.4763,18.7200,-31.7813,-9.2271,79.75
4.8669,step,0,1350,1350,19.4763,18.3600,-31.7813,-9.2271,79.75
4.8875,step,0,1350,1350,18.2348,18.1800,-31.7813,-7.9856,79.75
4.9075,step,0,1350,1350,18.2348,18.1800,-7.4977,-7.9856,79.75
4.9257,step,0,1350,1350,18.2348,18.3600,-7.4977,-7.9856,79.75
4.9493,step,0,1350,1350,18.2136,18.7200,13.8763,-7.9645,79.75
4.9672,step,0,1350,1350,18.2136,19.0800,13.8763,-7.9645,79.75
4.9887,step,0,1350,1350,19.1814,19.8000,13.8763,-8.9323,79.75
5.0078,step,0,1350,1350,19.1814,20.5200,32.7884,-8.9323,79.75
5.0274,step,0,1350,1350,19.1814,21.2400,32.7884,-8.9323,79.75
5.0496,step,0,1350,1350,20.9501,22.3200,47.3362,-10.701,79.75
5.0669,step,0,1350,1350,20.9501,22.8600,47.3362,-10.701,79.75
5.0889,step,0,1350,1350,22.8058,22.3200,47.3362,-12.5567,79.75
5.1082,step,0,1350,1350,22.8058,21.9600,-31.3336,-12.5567,79.75
5.1273,step,0,1350,1350,22.8058,21.7800,-31.3336,-12.5567,79.75
5.1502,step,0,1350,1350,21.7094,21.6000,-5.7072,-11.4602,79.75
5.1680,step,0,1350,1350,21.7094,21.7800,-5.7072,-11.4602,79.75
5.1894,step,0,1350,1350,21.6952,21.9600,-5.7072,-11.4461,79.75
5.2093,step,0,1350,1350,21.6952,22.3200,13.5406,-11.4461,79.75
5.2273,step,0,1350,1350,21.6952,22.8600,13.5406,-11.4461,79.75
5.2498,step,0,1350,1350,22.6098,22.6800,3.9167,-12.3606,79.75
5.2674,step,0,1350,1350,22.6098,22.5000,3.9167,-12.3606,79.75
5.2890,step,0,1350,1350,22.4263,22.5000,3.9167,-12.1772,79.75
5.3091,step,0,1350,1350,22.4263,22.6800,1.2310,-12.1772,79.75
5.3275,step,0,1350,1350,22.4263,22.8600,1.2310,-12.1772,79.75
5.3500,step,0,1350,1350,22.7008,22.6800,-3.9167,-12.4517,79.75
5.3676,step,0,1350,1350,22.7008,22.8600,-3.9167,-12.4517,79.75
5.3890,step,0,1350,1350,22.6803,22.8600,-3.9167,-12.4311,79.75
5.4090,step,0,1350,1350,22.6803,22.8600,-1.0072,-12.4311,79.75
5.4277,step,0,1350,1350,22.6803,22.8600,-1.0072,-12.4311,79.75
5.4500,step,0,1350,1350,22.6661,22.8600,-1.3429,-12.4169,79.75
5.4678,step,0,1350,1350,22.6661,22.8600,-1.3429,-12.4169,79.75
5.4907,step,0,1350,1350,22.6519,22.8600,-1.3429,-12.4027,79.75
5.5080,step,0,1350,1350,22.6519,22.8600,-2.0143,-12.4027,79.75
5.5281,step,0,1350,1350,22.6519,22.8600,-2.0143,-12.4027,79.75
5.5507,step,0,1350,1350,22.6377,22.8600,-0.8952,-12.3885,79.75
5.5682,step,0,1350,1350,22.6377,22.8600,-0.8952,-12.3885,79.75
5.5906,step,0,1350,1350,22.6100,22.8600,-0.8952,-12.3609,79.75
5.6084,step,0,1350,1350,22.6100,22.8600,1.0072,-12.3609,79.75
5.6285,step,0,1350,1350,22.6100,22.8600,1.0072,-12.3609,79.75
5.6507,step,0,1350,1350,22.5958,22.8600,1.2310,-12.3467,79.75
5.6686,step,0,1350,1350,22.5958,22.8600,1.2310,-12.3467,79.75
5.6908,step,0,1350,1350,22.5958,22.8600,1.2310,-12.3467,79.75
5.7090,step,0,1350,1350,22.5958,22.8600,1.2310,-12.3467,79.75
5.7290,step,0,1350,1350,22.5958,22.8600,1.2310,-12.3467,79.75
5.7518,step,0,1350,1350,22.5958,22.8600,0.5595,-12.3467,79.75
5.7691,step,0,1350,1350,22.5958,22.8600,0.5595,-12.3467,79.75
5.7920,step,0,1350,1350,22.6164,22.8600,-0.8952,-12.3673,79.75
5.8093,step,0,1350,1350,22.6164,22.8600,-0.8952,-12.3673,79.75
5.8293,step,0,1350,1350,22.6164,22.8600,-0.8952,-12.3673,79.75
5.8530,step,0,1350,1350,22.6378,22.8600,-2.1262,-12.3887,79.75
5.8695,step,0,1350,1350,22.6378,22.8600,-2.1262,-12.3887,79.75
5.8931,step,0,1350,1350,22.6663,22.8600,-0.5595,-12.4172,79.75
5.9097,step,0,1350,1350,22.6663,22.8600,-0.5595,-12.4172,79.75
5.9309,step,0,1350,1350,22.6663,22.8600,-0.5595,-12.4243,79.75
5.9522,step,0,1350,1350,22.6734,22.8600,1.0072,-12.4243,79.75
5.9699,step,0,1350,1350,22.6734,22.8600,1.0072,-12.4243,79.75
5.9935,step,0,1350,1350,22.6940,22.8600,0.8952,-12.4449,79.75
6.0108,step,0,1350,1350,22.6940,22.8600,0.8952,-12.4449,79.75
6.0320,step,0,1350,1350,22.7012,22.8600,0.8952,-12.452,79.75
6.0534,step,0,1350,1350,22.7012,22.8600,0.1119,-12.452,79.75
6.0717,step,0,1350,1350,22.7012,22.8600,0.1119,-12.452,79.75
6.0953,step,0,1350,1350,22.7083,22.8600,-0.0000,-12.4591,79.75
6.1122,step,0,1350,1350,22.7083,22.8600,-0.0000,-12.4591,79.75
6.1338,step,0,1350,1350,22.7155,22.8600,-0.0000,-12.4663,79.75
6.1549,step,0,1350,1350,22.7155,22.8600,-0.1119,-12.4663,79.75
6.1728,step,0,1350,1350,22.7155,22.8600,-0.1119,-12.4663,79.75
6.1962,step,0,1350,1350,22.7226,22.8600,-1.2310,-12.4735,79.75
6.2127,step,0,1350,1350,22.7226,22.8600,-1.2310,-12.4735,79.75
6.2343,step,0,1350,1350,22.7440,22.8600,-1.2310,-12.4948,79.75
6.2553,step,0,1350,1350,22.7440,22.8600,-2.0143,-12.4948,79.75
6.2731,step,0,1350,1350,22.7440,22.8600,-2.0143,-12.4948,79.75
6.2996,step,0,1350,1350,22.7440,22.8600,-0.3357,-12.4949,79.75
6.3135,step,0,1350,1350,22.7440,22.8600,-0.3357,-12.4949,79.75
6.3367,step,0,1350,1350,22.7504,22.8600,-0.3357,-12.5013,79.75
6.3576,step,0,1350,1350,22.7504,22.8600,0.8952,-12.5013,79.75
6.3742,step,0,1350,1350,22.7504,22.8600,0.8952,-12.5013,79.75
6.3979,step,0,1350,1350,22.7576,22.8600,1.3429,-12.5084,79.75
6.4145,step,0,1350,1350,22.7576,22.8600,1.3429,-12.5084,79.75
6.4373,step,0,1350,1350,22.7718,22.8600,1.3429,-12.5227,79.75
6.4574,step,0,1350,1350,22.7718,22.8600,0.1119,-12.5227,79.75
6.4756,step,0,1350,1350,22.7718,22.8600,0.1119,-12.5227,79.75
6.4975,step,0,1350,1350,22.7718,22.8600,-0.6714,-12.5227,79.75
6.5156,step,0,1350,1350,22.7718,22.8600,-0.6714,-12.5227,79.75
6.5371,step,0,1350,1350,22.7790,22.8600,-0.6714,-12.5298,79.75
6.5574,step,0,1350,1350,22.7790,22.8600,-0.7833,-12.5298,79.75
6.5759,step,0,1350,1350,22.7790,22.8600,-0.7833,-12.5298,79.75
6.5980,step,0,1350,1350,22.8003,22.8600,0.6714,-12.5512,79.75
6.6160,step,0,1350,1350,22.8003,22.8600,0.6714,-12.5512,79.75
6.6377,step,0,1350,1350,22.8074,22.8600,0.6714,-12.5583,79.75
6.6567,step,0,1350,1350,22.8074,22.8600,0.2238,-12.5583,79.75
6.6763,step,0,1350,1350,22.8074,22.8600,0.2238,-12.5583,79.75
6.6985,step,0,1350,1350,22.8138,22.8600,0.7833,-12.5646,79.75
6.7165,step,0,1350,1350,22.8138,22.8600,0.7833,-12.5646,79.75
6.7371,step,0,1350,1350,22.8351,22.8600,0.7833,-12.586,79.75
6.7573,step,0,1350,1350,22.8351,22.8600,-1.0072,-12.586,79.75
6.7761,step,0,1350,1350,22.8351,22.8600,-1.0072,-12.586,79.75
6.7990,step,0,1350,1350,22.8493,22.8600,-1.4548,-12.6002,79.75
6.8163,step,0,1350,1350,22.8493,22.8600,-1.4548,-12.6002,79.75
6.8382,step,0,1350,1350,22.8565,22.8600,-1.4548,-12.6073,79.75
6.8575,step,0,1350,1350,22.8565,22.8600,-1.1191,-12.6073,79.75
6.8765,step,0,1350,1350,22.8565,22.8600,-1.1191,-12.6073,79.75
6.8994,step,0,1350,1350,22.8707,22.8600,0.3357,-12.6215,79.75
6.9166,step,0,1350,1350,22.8707,22.8600,0.3357,-12.6215,79.75
6.9378,step,0,1350,1350,22.8707,22.8600,0.3357,-12.6215,79.75
6.9578,step,0,1350,1350,22.8707,22.8600,0.7833,-12.6215,79.75
6.9763,step,0,1350,1350,22.8707,22.8600,0.7833,-12.6215,79.75
6.9989,step,0,1350,1350,22.8770,22.8600,1.1191,-12.6279,79.75
7.0164,step,0,1350,1350,22.8770,22.8600,1.1191,-12.6279,79.75
7.0381,step,0,1350,1350,22.8841,22.8600,1.1191,-12.635,79.75
7.0581,step,0,1350,1350,22.8841,22.8600,1.1191,-12.635,79.75
7.0766,step,0,1350,1350,22.8841,22.8600,1.1191,-12.635,79.75
7.0990,step,0,1350,1350,22.8770,22.8600,-0.0000,-12.6279,79.75
7.1166,step,0,1350,1350,22.8770,22.8600,-0.0000,-12.6279,79.75
7.1381,step,0,1350,1350,22.8778,22.8600,-0.0000,-12.6287,79.75
7.1581,step,0,1350,1350,22.8778,22.8600,-1.0072,-12.6287,79.75
7.1767,step,0,1350,1350,22.8778,22.8600,-1.0072,-12.6287,79.75
7.1996,step,0,1350,1350,22.8842,22.8600,-1.2310,-12.635,79.75
7.2169,step,0,1350,1350,22.8842,22.8600,-1.2310,-12.635,79.75
7.2387,step,0,1350,1350,22.8913,22.8600,-1.2310,-12.6421,79.75
7.2583,step,0,1350,1350,22.8913,22.8600,-0.7833,-12.6421,79.75
7.2771,step,0,1350,1350,22.8913,22.8600,-0.7833,-12.6421,79.75
7.2998,step,0,1350,1350,22.8913,22.8600,-0.3357,-12.6421,79.75
7.3173,step,0,1350,1350,22.8913,22.8600,-0.3357,-12.6421,79.75
7.3388,step,0,1350,1350,22.8984,22.8600,-0.3357,-12.6493,79.75
7.3587,step,0,1350,1350,22.8984,22.8600,-0.1119,-12.6493,79.75
7.3776,step,0,1350,1350,22.8984,22.8600,-0.1119,-12.6493,79.75
7.3998,step,0,1350,1350,22.9127,22.8600,-0.1119,-12.6635,79.75
7.4177,step,0,1350,1350,22.9127,22.8600,-0.1119,-12.6635,79.75
7.4399,step,0,1350,1350,22.8984,22.8600,1.1191,-12.6493,79.75
7.4579,step,0,1350,1350,22.8984,22.8600,1.1191,-12.6493,79.75
7.4780,step,0,1350,1350,22.8984,22.8600,1.1191,-12.6493,79.75
7.5008,step,0,1350,1350,22.8842,22.8600,1.5667,-12.6351,79.75
7.5182,step,0,1350,1350,22.8842,22.8600,1.5667,-12.6351,79.75
7.5426,step,0,1350,1350,22.8842,22.8600,-0.0000,-12.6351,79.75
7.5584,step,0,1350,1350,22.8842,22.8600,-0.0000,-12.6351,79.75
7.5784,step,0,1350,1350,22.8842,22.8600,-0.0000,-12.6351,79.75
7.6047,step,0,1350,1350,22.8842,22.8600,-0.7833,-12.6351,79.75
7.6186,step,0,1350,1350,22.8842,22.8600,-0.7833,-12.6351,79.75
7.6430,step,0,1350,1350,22.8842,22.8600,-1.1191,-12.6351,79.75
7.6588,step,0,1350,1350,22.8842,22.8600,-1.1191,-12.6351,79.75
7.6800,step,0,1350,1350,22.8842,22.8600,-1.1191,-12.6351,79.75
7.7021,step,0,1350,1350,22.8842,22.8600,-0.8952,-12.6351,79.75
7.7191,step,0,1350,1350,22.8842,22.8600,-0.8952,-12.6351,79.75
7.7457,step,0,1350,1350,22.8984,22.8600,-0.1119,-12.6493,79.75
7.7606,step,0,1350,1350,22.8984,22.8600,-0.1119,-12.6493,79.75
7.7818,step,0,1350,1350,22.9127,22.8600,-0.1119,-12.6635,79.75
7.8026,step,0,1350,1350,22.9127,22.8600,0.6714,-12.6635,79.75
7.8215,step,0,1350,1350,22.9127,22.8600,0.6714,-12.6635,79.75
7.8459,step,0,1350,1350,22.9055,22.8600,1.6786,-12.6564,79.75
7.8616,step,0,1350,1350,22.9055,22.8600,1.6786,-12.6564,79.75
7.8830,step,0,1350,1350,22.9055,22.8600,1.6786,-12.6564,79.75
7.9041,step,0,1350,1350,22.9055,22.8600,1.1191,-12.6564,79.75
7.9216,step,0,1350,1350,22.9055,22.8600,1.1191,-12.6564,79.75
7.9446,step,0,1350,1350,22.8984,22.8600,0.1119,-12.6493,79.75
7.9618,step,0,1350,1350,22.8984,22.8600,0.1119,-12.6493,79.75
7.9846,step,0,1350,1350,22.8913,22.8600,0.1119,-12.6421,79.75
8.0045,step,0,1350,1350,22.8913,22.8600,0.1119,-12.6421,79.75
8.0215,step,0,1350,1350,22.8913,22.8600,0.1119,-12.6421,79.75
8.0447,step,0,1350,1350,22.8984,22.8600,-0.7833,-12.6492,79.75
8.0622,step,0,1350,1350,22.8984,22.8600,-0.7833,-12.6492,79.75
8.0858,step,0,1350,1350,22.9055,22.8600,-0.7833,-12.6564,79.75
8.1049,step,0,1350,1350,22.9055,22.8600,-1.6786,-12.6564,79.75
8.1225,step,0,1350,1350,22.9055,22.8600,-1.6786,-12.6564,79.75
8.1455,step,0,1350,1350,22.9198,22.8600,-1.0072,-12.6706,79.75
8.1627,step,0,1350,1350,22.9198,22.8600,-1.0072,-12.6706,79.75
8.1846,step,0,1350,1350,22.9127,22.8600,-1.0072,-12.6635,79.75
8.2053,step,0,1350,1350,22.9127,22.8600,1.1191,-12.6635,79.75
8.2229,step,0,1350,1350,22.9127,22.8600,1.1191,-12.6635,79.75
8.2452,step,0,1350,1350,22.9269,22.8600,1.7905,-12.6777,79.75
8.2631,step,0,1350,1350,22.9269,22.8600,1.7905,-12.6777,79.75
8.2858,step,0,1350,1350,22.9411,22.8600,1.7905,-12.692,79.75
8.3057,step,0,1350,1350,22.9411,22.8600,0.6714,-12.692,79.75
8.3233,step,0,1350,1350,22.9411,22.8600,0.6714,-12.692,79.75
8.3452,step,0,1350,1350,22.9411,22.8600,0.7833,-12.692,79.75
8.3635,step,0,1350,1350,22.9411,22.8600,0.7833,-12.692,79.75
8.3856,step,0,1350,1350,22.9340,22.8600,0.7833,-12.6848,79.75
8.4048,step,0,1350,1350,22.9340,22.8600,0.5595,-12.6848,79.75
8.4237,step,0,1350,1350,22.9340,22.8600,0.5595,-12.6848,79.75
8.4462,step,0,1350,1350,22.9411,22.8600,-0.6714,-12.692,79.75
8.4639,step,0,1350,1350,22.9411,22.8600,-0.6714,-12.692,79.75
8.4860,step,0,1350,1350,22.9411,22.8600,-0.6714,-12.692,79.75
8.5053,step,0,1350,1350,22.9411,22.8600,-1.6786,-12.692,79.75
8.5242,step,0,1350,1350,22.9411,22.8600,-1.6786,-12.692,79.75
8.5459,step,0,1350,1350,22.9340,22.8600,-1.0072,-12.6849,79.75
8.5644,step,0,1350,1350,22.9340,22.8600,-1.0072,-12.6849,79.75
8.5857,step,0,1350,1350,22.9474,22.8600,-1.0072,-12.6983,79.75
8.6057,step,0,1350,1350,22.9474,22.8600,-0.7833,-12.6983,79.75
8.6246,step,0,1350,1350,22.9474,22.8600,-0.7833,-12.6983,79.75
8.6468,step,0,1350,1350,22.9474,22.8600,-0.8952,-12.6983,79.75
8.6648,step,0,1350,1350,22.9474,22.8600,-0.8952,-12.6983,79.75
8.6854,step,0,1350,1350,22.9340,22.8600,-0.8952,-12.6849,79.75
8.7054,step,0,1350,1350,22.9340,22.8600,-0.3357,-12.6849,79.75
8.7244,step,0,1350,1350,22.9340,22.8600,-0.3357,-12.6849,79.75
8.7469,step,0,1350,1350,22.9340,22.8600,0.5595,-12.6849,79.75
8.7652,step,0,1350,1350,22.9340,22.8600,0.5595,-12.6849,79.75
8.7867,step,0,1350,1350,22.9198,22.8600,0.5595,-12.6706,79.75
8.8059,step,0,1350,1350,22.9198,22.8600,1.4548,-12.6706,79.75
8.8255,step,0,1350,1350,22.9198,22.8600,1.4548,-12.6706,79.75
8.8477,step,0,1350,1350,22.9198,22.8600,0.6714,-12.6706,79.75
8.8650,step,0,1350,1350,22.9198,22.8600,0.6714,-12.6706,79.75
8.8859,step,0,1350,1350,22.9127,22.8600,0.6714,-12.6635,79.75
8.9062,step,0,1350,1350,22.9127,22.8600,0.6714,-12.6635,79.75
8.9253,step,0,1350,1350,22.9127,22.8600,0.6714,-12.6635,79.75
8.9482,step,0,1350,1350,22.9127,22.8600,1.7905,-12.6635,79.75
8.9654,step,0,1350,1350,22.9127,22.8600,1.7905,-12.6635,79.75
8.9873,step,0,1350,1350,22.9127,22.8600,1.7905,-12.6635,79.75
9.0685,repos,1,1500,1500,22.9055,22.8600,1.2310,-12.6564,79.75
9.0871,repos,1,1500,1500,22.9126,22.8600,1.2310,-12.6635,79.75
9.1071,repos,1,1500,1500,22.9126,22.6800,-0.3357,-12.6635,79.75
9.1258,repos,1,1500,1500,22.9126,22.6800,-0.3357,-12.6635,79.75
9.1480,repos,1,1500,1500,22.8208,22.5000,-5.7072,-12.5716,79.75
9.1659,repos,1,1500,1500,22.8208,22.3200,-5.7072,-12.5716,79.75
9.1876,repos,1,1500,1500,22.4695,22.1400,-5.7072,-12.2204,79.75
9.2076,repos,1,1500,1500,22.4695,21.9600,-10.6311,-12.2204,79.75
9.2262,repos,1,1500,1500,22.4695,21.6000,-10.6311,-12.2204,79.75
9.2489,repos,1,1500,1500,21.8790,21.2400,-15.4430,-11.6299,79.75
9.2663,repos,1,1500,1500,21.8790,20.8800,-15.4430,-11.6299,79.75
9.2887,repos,1,1500,1500,21.0706,20.5200,-15.4430,-10.8215,79.75
9.3066,repos,1,1500,1500,21.0706,20.1600,-19.5835,-10.8215,79.75
9.3265,repos,1,1500,1500,21.0706,19.6200,-19.5835,-10.8215,79.75
9.3488,repos,1,1500,1500,20.0382,19.0800,-23.6121,-9.7891,79.75
9.3667,repos,1,1500,1500,20.0382,18.7200,-23.6121,-9.7891,79.75
9.3888,repos,1,1500,1500,18.8103,18.0000,-27.3050,-8.5612,79.75
9.4068,repos,1,1500,1500,18.8103,17.6400,-27.3050,-8.5612,79.75
9.4270,repos,1,1500,1500,18.8103,16.9200,-27.3050,-8.5612,79.75
9.4506,repos,1,1500,1500,17.4225,16.3800,-29.9908,-7.1733,79.75
9.4671,repos,1,1500,1500,17.4225,15.6600,-29.9908,-7.1733,79.75
9.4900,repos,1,1500,1500,15.8813,14.9400,-33.2360,-5.6321,79.75
9.5072,repos,1,1500,1500,15.8813,14.4000,-33.2360,-5.6321,79.75
9.5273,repos,1,1500,1500,15.8813,13.6800,-33.2360,-5.6321,79.75
9.5508,repos,1,1500,1500,14.1873,12.9600,-35.8099,-3.9381,79.75
9.5675,repos,1,1500,1500,14.1873,12.2400,-35.8099,-3.9381,79.75
9.5918,repos,1,1500,1500,12.3962,11.3400,-37.2646,-2.1471,79.75
9.6076,repos,1,1500,1500,12.3962,10.8000,-37.2646,-2.1471,79.75
9.6288,repos,1,1500,1500,10.5357,9.9000,-37.2646,-0.2866,79.75
9.6495,repos,1,1500,1500,10.5357,9.1800,-37.4884,-0.2866,79.75
9.6678,repos,1,1500,1500,10.5357,8.4600,-37.4884,-0.2866,79.75
9.6914,repos,1,1500,1500,8.6823,7.7400,-36.2575,1.5668,79.75
9.7087,repos,1,1500,1500,8.6823,7.0200,-36.2575,1.5668,79.75
9.7305,repos,1,1500,1500,6.9334,6.3000,-36.2575,3.3157,79.75
9.7513,repos,1,1500,1500,6.9334,5.7600,-32.4527,3.3157,79.75
9.7702,repos,1,1500,1500,6.9334,5.2200,-32.4527,3.3157,79.75
9.7939,repos,1,1500,1500,5.3868,4.5000,-27.3050,4.8624,79.75
9.8095,repos,1,1500,1500,5.3868,4.1400,-27.3050,4.8624,79.75
9.8317,repos,1,1500,1500,4.1055,3.6000,-27.3050,6.1436,79.75
9.8528,repos,1,1500,1500,4.1055,3.2400,-22.4931,6.1436,79.75
9.8703,repos,1,1500,1500,4.1055,2.8800,-22.4931,6.1436,79.75
9.8941,repos,1,1500,1500,3.0614,2.3400,-17.9049,7.1878,79.75
9.9106,repos,1,1500,1500,3.0614,2.1600,-17.9049,7.1878,79.75
9.9334,repos,1,1500,1500,2.2343,1.8000,-17.9049,8.0148,79.75
9.9540,repos,1,1500,1500,2.2343,1.6200,-13.7644,8.0148,79.75
9.9693,repos,1,1500,1500,2.2343,1.4400,-13.7644,8.0148,79.75
9.9938,repos,1,1500,1500,1.6241,1.0800,-9.4001,8.6251,79.75
10.0110,repos,1,1500,1500,1.6241,1.0800,-9.4001,8.6251,79.75
10.0316,repos,1,1500,1500,1.2316,0.9000,-9.4001,9.0175,79.75
10.0537,repos,1,1500,1500,1.2316,0.9000,-5.2596,9.0175,79.75
10.0712,repos,1,1500,1500,1.2316,0.7200,-5.2596,9.0175,79.75
10.0942,repos,1,1500,1500,1.0491,0.7200,-1.1191,9.2,79.75
10.1114,repos,1,1500,1500,1.0491,0.7200,-1.1191,9.2,79.75
10.1341,repos,1,1500,1500,1.0492,0.7200,-1.1191,9.2,79.75
10.1541,repos,1,1500,1500,1.0492,0.9000,2.2381,9.2,79.75
10.1719,repos,1,1500,1500,1.0492,0.9000,2.2381,9.2,79.75
10.1975,repos,1,1500,1500,1.2175,1.0800,4.9239,9.0317,79.75
10.2123,repos,1,1500,1500,1.2175,1.0800,4.9239,9.0317,79.75
10.2347,repos,1,1500,1500,1.5123,1.2600,4.9239,8.7369,79.75
10.2546,repos,1,1500,1500,1.5123,1.4400,7.1620,8.7369,79.75
10.2722,repos,1,1500,1500,1.5123,1.6200,7.1620,8.7369,79.75
10.2944,repos,1,1500,1500,1.8981,1.8000,8.2810,8.3511,79.75
10.3122,repos,1,1500,1500,1.8981,1.9800,8.2810,8.3511,79.75
10.3344,repos,1,1500,1500,2.3254,2.1600,8.2810,7.9237,79.75
10.3543,repos,1,1500,1500,2.3254,2.3400,8.1691,7.9237,79.75
10.3726,repos,1,1500,1500,2.3254,2.3400,8.1691,7.9237,79.75
10.3949,repos,1,1500,1500,2.7320,2.5200,7.1620,7.5172,79.75
10.4128,repos,1,1500,1500,2.7320,2.7000,7.1620,7.5172,79.75
10.4348,repos,1,1500,1500,3.0755,2.8800,7.1620,7.1737,79.75
10.4547,repos,1,1500,1500,3.0755,2.8800,5.2596,7.1737,79.75
10.4730,repos,1,1500,1500,3.0755,2.8800,5.2596,7.1737,79.75
10.4947,repos,1,1500,1500,3.3137,3.0600,2.9096,6.9354,79.75
10.5119,repos,1,1500,1500,3.3137,3.0600,2.9096,6.9354,79.75
10.5346,repos,1,1500,1500,3.4329,3.0600,2.9096,6.8163,79.75
10.5545,repos,1,1500,1500,3.4329,3.0600,0.7833,6.8163,79.75
10.5734,repos,1,1500,1500,3.4329,3.0600,0.7833,6.8163,79.75
10.5964,repos,1,1500,1500,3.4258,3.0600,-1.6786,6.8233,79.75
10.6135,repos,1,1500,1500,3.4258,2.8800,-1.6786,6.8233,79.75
10.6349,repos,1,1500,1500,3.3208,2.8800,-1.6786,6.9284,79.75
10.6551,repos,1,1500,1500,3.3208,2.8800,-3.4691,6.9284,79.75
10.6742,repos,1,1500,1500,3.3208,2.7000,-3.4691,6.9284,79.75
10.6958,repos,1,1500,1500,3.1594,2.7000,-3.4691,7.0897,79.75
10.7141,repos,1,1500,1500,3.1594,2.7000,-3.4691,7.0897,79.75
10.7348,repos,1,1500,1500,2.9985,2.5200,-3.4691,7.2506,79.75
10.7547,repos,1,1500,1500,2.9985,2.5200,-3.0215,7.2506,79.75
10.7743,repos,1,1500,1500,2.9985,2.5200,-3.0215,7.2506,79.75
10.7964,repos,1,1500,1500,2.8723,2.3400,-2.0143,7.3769,79.75
10.8138,repos,1,1500,1500,2.8723,2.3400,-2.0143,7.3769,79.75
10.8359,repos,1,1500,1500,2.8024,2.3400,-2.0143,7.4468,79.75
10.8551,repos,1,1500,1500,2.8024,2.3400,-0.5595,7.4468,79.75
10.8741,repos,1,1500,1500,2.8024,2.3400,-0.5595,7.4468,79.75
10.8971,repos,1,1500,1500,2.8024,2.3400,0.7833,7.4468,79.75
10.9142,repos,1,1500,1500,2.8024,2.5200,0.7833,7.4468,79.75
10.9364,repos,1,1500,1500,2.8652,2.5200,0.7833,7.3839,79.75
10.9557,repos,1,1500,1500,2.8652,2.5200,1.6786,7.3839,79.75
10.9745,repos,1,1500,1500,2.8652,2.5200,1.6786,7.3839,79.75
10.9966,repos,1,1500,1500,2.9633,2.5200,1.7905,7.2858,79.75
11.0139,repos,1,1500,1500,2.9633,2.7000,1.7905,7.2858,79.75
11.0357,repos,1,1500,1500,3.0473,2.7000,1.7905,7.2018,79.75
11.0559,repos,1,1500,1500,3.0473,2.7000,1.2310,7.2018,79.75
11.0743,repos,1,1500,1500,3.0473,2.7000,1.2310,7.2018,79.75
11.0970,repos,1,1500,1500,3.0895,2.7000,0.3357,7.1596,79.75
11.1144,repos,1,1500,1500,3.0895,2.7000,0.3357,7.1596,79.75
11.1360,repos,1,1500,1500,3.0825,2.7000,0.3357,7.1667,79.75
11.1559,repos,1,1500,1500,3.0825,2.7000,-0.6714,7.1667,79.75
11.1744,repos,1,1500,1500,3.0825,2.7000,-0.6714,7.1667,79.75
11.1971,repos,1,1500,1500,3.0337,2.5200,-0.8952,7.2154,79.75
11.2144,repos,1,1500,1500,3.0337,2.5200,-0.8952,7.2154,79.75
11.2359,repos,1,1500,1500,2.9633,2.5200,-0.8952,7.2858,79.75
11.2559,repos,1,1500,1500,2.9633,2.5200,-1.2310,7.2858,79.75
11.2747,repos,1,1500,1500,2.9633,2.5200,-1.2310,7.2858,79.75
11.2975,repos,1,1500,1500,2.9075,2.5200,-0.5595,7.3416,79.75
11.3148,repos,1,1500,1500,2.9075,2.5200,-0.5595,7.3416,79.75
11.3365,repos,1,1500,1500,2.8723,2.5200,-0.5595,7.3768,79.75
11.3565,repos,1,1500,1500,2.8723,2.5200,0.1119,7.3768,79.75
11.3751,repos,1,1500,1500,2.8723,2.5200,0.1119,7.3768,79.75
11.3975,repos,1,1500,1500,2.8723,2.5200,0.6714,7.3768,79.75
11.4152,repos,1,1500,1500,2.8723,2.5200,0.6714,7.3768,79.75
11.4365,repos,1,1500,1500,2.9005,2.5200,0.6714,7.3487,79.75
11.4571,repos,1,1500,1500,2.9005,2.5200,0.7833,7.3487,79.75
11.4762,repos,1,1500,1500,2.9005,2.5200,0.7833,7.3487,79.75
11.5022,repos,1,1500,1500,2.9215,2.5200,0.7833,7.3276,79.75
11.5165,repos,1,1500,1500,2.9215,2.7000,0.7833,7.3276,79.75
11.5437,repos,1,1500,1500,2.9357,2.7000,0.1119,7.3135,79.75
11.5568,repos,1,1500,1500,2.9357,2.7000,0.1119,7.3135,79.75
11.5781,repos,1,1500,1500,2.9357,2.7000,0.1119,7.3205,79.75
11.5987,repos,1,1500,1500,2.9286,2.5200,-0.3357,7.3205,79.75
11.6166,repos,1,1500,1500,2.9286,2.5200,-0.3357,7.3205,79.75
11.6402,repos,1,1500,1500,2.8934,2.5200,-0.5595,7.3557,79.75
11.6568,repos,1,1500,1500,2.8934,2.5200,-0.5595,7.3557,79.75
11.6779,repos,1,1500,1500,2.8512,2.5200,-0.5595,7.398,79.75
11.7013,repos,1,1500,1500,2.8512,2.5200,-0.5595,7.398,79.75
11.7179,repos,1,1500,1500,2.8512,2.5200,-0.5595,7.398,79.75
11.7406,repos,1,1500,1500,2.8235,2.5200,-0.2238,7.4256,79.75
11.7572,repos,1,1500,1500,2.8235,2.5200,-0.2238,7.4256,79.75
11.7798,repos,1,1500,1500,2.8164,2.5200,-0.2238,7.4327,79.75
11.8019,repos,1,1500,1500,2.8164,2.5200,-0.0000,7.4327,79.75
11.8194,repos,1,1500,1500,2.8164,2.5200,-0.0000,7.4327,79.75
11.8439,repos,1,1500,1500,2.8164,2.5200,0.3357,7.4327,79.75
11.8594,repos,1,1500,1500,2.8164,2.5200,0.3357,7.4327,79.75
11.8809,repos,1,1500,1500,2.8305,2.5200,0.3357,7.4186,79.75
11.9028,repos,1,1500,1500,2.8305,2.5200,0.4476,7.4186,79.75
11.9199,repos,1,1500,1500,2.8305,2.5200,0.4476,7.4186,79.75
11.9427,repos,1,1500,1500,2.8441,2.5200,0.1119,7.4051,79.75
11.9599,repos,1,1500,1500,2.8441,2.5200,0.1119,7.4051,79.75
11.9820,repos,1,1500,1500,2.8375,2.5200,0.1119,7.4116,79.75
12.0024,repos,1,1500,1500,2.8375,2.5200,-0.1119,7.4116,79.75
12.0201,repos,1,1500,1500,2.8375,2.5200,-0.1119,7.4116,79.75
12.0431,repos,1,1500,1500,2.8164,2.5200,-0.2238,7.4327,79.75
12.0609,repos,1,1500,1500,2.8164,2.5200,-0.2238,7.4327,79.75
12.0836,repos,1,1500,1500,2.7953,2.5200,-0.2238,7.4539,79.75
12.1036,repos,1,1500,1500,2.7953,2.5200,-0.2238,7.4539,79.75
12.1211,repos,1,1500,1500,2.7953,2.5200,-0.2238,7.4539,79.75
12.1434,repos,1,1500,1500,2.7812,2.5200,0.1119,7.4679,79.75
12.1612,repos,1,1500,1500,2.7812,2.5200,0.1119,7.4679,79.75
12.1834,repos,1,1500,1500,2.7742,2.5200,0.1119,7.475,79.75
12.2033,repos,1,1500,1500,2.7742,2.5200,-0.0000,7.475,79.75
12.2215,repos,1,1500,1500,2.7742,2.5200,-0.0000,7.475,79.75
12.2438,repos,1,1500,1500,2.7742,2.5200,0.3357,7.475,79.75
12.2616,repos,1,1500,1500,2.7742,2.5200,0.3357,7.475,79.75
12.2836,repos,1,1500,1500,2.7812,2.5200,0.3357,7.4679,79.75
12.3032,repos,1,1500,1500,2.7812,2.5200,0.4476,7.4679,79.75
12.3219,repos,1,1500,1500,2.7812,2.5200,0.4476,7.4679,79.75
12.3436,repos,1,1500,1500,2.7882,2.5200,0.3357,7.4609,79.75
12.3620,repos,1,1500,1500,2.7882,2.5200,0.3357,7.4609,79.75
12.3834,repos,1,1500,1500,2.7882,2.5200,0.3357,7.4609,79.75
12.4033,repos,1,1500,1500,2.7882,2.5200,0.1119,7.4609,79.75
12.4223,repos,1,1500,1500,2.7882,2.5200,0.1119,7.4609,79.75
12.4452,repos,1,1500,1500,2.7812,2.5200,-0.2238,7.4679,79.75
12.4624,repos,1,1500,1500,2.7812,2.5200,-0.2238,7.4679,79.75
12.4838,repos,1,1500,1500,2.7671,2.5200,-0.2238,7.482,79.75
12.5037,repos,1,1500,1500,2.7671,2.5200,-0.2238,7.482,79.75
12.5226,repos,1,1500,1500,2.7671,2.5200,-0.2238,7.482,79.75
12.5436,repos,1,1500,1500,2.7530,2.5200,-0.0000,7.4961,79.75
12.5628,repos,1,1500,1500,2.7530,2.5200,-0.0000,7.4961,79.75
12.5842,repos,1,1500,1500,2.7460,2.5200,-0.0000,7.5031,79.75
12.6035,repos,1,1500,1500,2.7460,2.5200,0.1119,7.5031,79.75
12.6230,repos,1,1500,1500,2.7460,2.5200,0.1119,7.5031,79.75
12.6452,repos,1,1500,1500,2.7460,2.5200,0.2238,7.5031,79.75
12.6632,repos,1,1500,1500,2.7460,2.5200,0.2238,7.5031,79.75
12.6838,repos,1,1500,1500,2.7460,2.5200,0.2238,7.5031,79.75
12.7038,repos,1,1500,1500,2.7460,2.5200,0.3357,7.5031,79.75
12.7234,repos,1,1500,1500,2.7460,2.5200,0.3357,7.5031,79.75
12.7456,repos,1,1500,1500,2.7601,2.5200,-0.0000,7.489,79.75
12.7629,repos,1,1500,1500,2.7601,2.5200,-0.0000,7.489,79.75
12.7847,repos,1,1500,1500,2.7601,2.5200,-0.0000,7.4891,79.75
12.8041,repos,1,1500,1500,2.7601,2.5200,-0.0000,7.4891,79.75
12.8231,repos,1,1500,1500,2.7601,2.5200,-0.0000,7.4891,79.75
12.8453,repos,1,1500,1500,2.7530,2.5200,-0.0000,7.4961,79.75
12.8632,repos,1,1500,1500,2.7530,2.5200,-0.0000,7.4961,79.75
12.8851,repos,1,1500,1500,2.7460,2.5200,-0.0000,7.5031,79.75
12.9046,repos,1,1500,1500,2.7460,2.5200,-0.2238,7.5031,79.75
12.9235,repos,1,1500,1500,2.7460,2.5200,-0.2238,7.5031,79.75
12.9456,repos,1,1500,1500,2.7460,2.5200,0.1119,7.5031,79.75
12.9630,repos,1,1500,1500,2.7460,2.5200,0.1119,7.5031,79.75
12.9847,repos,1,1500,1500,2.7460,2.5200,0.1119,7.5031,79.75
13.0038,repos,1,1500,1500,2.7460,2.5200,0.1119,7.5031,79.75
13.0233,repos,1,1500,1500,2.7460,2.5200,0.1119,7.5031,79.75
13.0459,repos,1,1500,1500,2.7460,2.5200,-0.1119,7.5031,79.75
13.0634,repos,1,1500,1500,2.7460,2.5200,-0.1119,7.5031,79.75
13.0849,step,1,1300,1450,2.7390,2.5200,-0.1119,7.5101,79.75
13.1049,step,1,1300,1400,2.7390,2.5200,-0.0000,7.5101,79.75
13.1234,step,1,1300,1350,2.7390,2.5200,-0.0000,7.5101,79.75
13.1459,step,1,1300,1300,2.7390,2.5200,-0.0000,7.5102,79.75
13.1635,step,1,1300,1300,2.7390,2.5200,-0.0000,7.5102,79.75
13.1849,step,1,1300,1300,2.7324,2.5200,-0.0000,7.5168,79.75
13.2049,step,1,1300,1300,2.7324,2.5200,-0.1119,7.5168,79.75
13.2238,step,1,1300,1300,2.7324,2.5200,-0.1119,7.5168,79.75
13.2464,step,1,1300,1300,2.7253,2.5200,0.1119,7.5238,79.75
13.2639,step,1,1300,1300,2.7253,2.5200,0.1119,7.5238,79.75
13.2866,step,1,1300,1300,2.7253,2.5200,0.1119,7.5238,79.75
13.3041,step,1,1300,1300,2.7253,2.5200,-0.0000,7.5238,79.75
13.3241,step,1,1300,1300,2.7253,2.5200,-0.0000,7.5238,79.75
13.3466,step,1,1300,1300,2.7324,2.7000,0.8952,7.5167,79.75
13.3643,step,1,1300,1300,2.7324,2.7000,0.8952,7.5167,79.75
13.3856,step,1,1300,1300,2.7883,2.7000,0.8952,7.4609,79.75
13.4055,step,1,1300,1300,2.7883,2.7000,2.6857,7.4609,79.75
13.4245,step,1,1300,1300,2.7883,2.8800,2.6857,7.4609,79.75
13.4466,step,1,1300,1300,2.9844,3.0600,7.7215,7.2648,79.75
13.4646,step,1,1300,1300,2.9844,3.4200,7.7215,7.2648,79.75
13.4883,step,1,1300,1300,3.5800,3.9600,24.0598,6.6692,79.75
13.5048,step,1,1300,1300,3.5800,4.5000,24.0598,6.6692,79.75
13.5248,step,1,1300,1300,3.5800,5.2200,24.0598,6.6692,79.75
13.5477,step,1,1300,1300,5.1065,6.4800,46.4409,5.1427,79.75
13.5650,step,1,1300,1300,5.1065,7.5600,46.4409,5.1427,79.75
13.5885,step,1,1300,1300,7.9264,9.3600,78.2222,2.3228,79.75
13.6052,step,1,1300,1300,7.9264,10.9800,78.2222,2.3228,79.75
13.6264,step,1,1300,1300,7.9264,12.9600,78.2222,-2.0553,79.75
13.6477,step,1,1300,1300,12.3045,15.4800,109.8915,-2.0553,79.75
13.6654,step,1,1300,1300,12.3045,17.8200,109.8915,-2.0553,79.75
13.6897,step,1,1300,1300,18.1920,20.8800,134.8465,-7.9428,79.75
13.7056,step,1,1300,1300,18.1920,22.8600,134.8465,-7.9428,79.75
13.7267,step,1,1300,1300,22.7561,21.4200,134.8465,-12.5069,79.75
13.7488,step,1,1300,1300,22.7561,19.8000,-83.1460,-12.5069,79.75
13.7665,step,1,1300,1300,22.7561,18.9000,-83.1460,-12.5069,79.75
13.7966,step,1,1300,1300,19.3981,18.0000,-32.0051,-9.1489,79.75
13.8081,step,1,1300,1300,19.3981,17.8200,-32.0051,-9.1489,79.75
13.8292,step,1,1300,1300,18.4094,18.0000,-32.0051,-8.1602,79.75
13.8505,step,1,1300,1300,18.4094,18.3600,11.7501,-8.1602,79.75
13.8675,step,1,1300,1300,18.4094,19.0800,11.7501,-8.1602,79.75
13.8925,step,1,1300,1300,19.6717,20.5200,54.9458,-9.4226,79.75
13.9081,step,1,1300,1300,19.6717,21.6000,54.9458,-9.4226,79.75
13.9283,step,1,1300,1300,22.9254,22.5000,54.9458,-12.6762,79.75
13.9508,step,1,1300,1300,22.9254,21.6000,-22.4931,-12.6762,79.75
13.9683,step,1,1300,1300,22.9254,21.2400,-22.4931,-12.6762,79.75
13.9914,step,1,1300,1300,21.7648,21.0600,-6.4905,-11.5156,79.75
14.0085,step,1,1300,1300,21.7648,21.2400,-6.4905,-11.5156,79.75
14.0308,step,1,1300,1300,22.0247,21.7800,-6.4905,-11.7755,79.75
14.0512,step,1,1300,1300,22.0247,22.6800,32.7884,-11.7755,79.75
14.0688,step,1,1300,1300,22.0247,22.3200,32.7884,-11.7755,79.75
14.0930,step,1,1300,1300,22.8972,22.1400,-10.9668,-12.6481,79.75
14.1089,step,1,1300,1300,22.8972,22.1400,-10.9668,-12.6481,79.75
14.1317,step,1,1300,1300,22.9463,22.5000,-10.9668,-12.6972,79.75
14.1517,step,1,1300,1300,22.9463,22.3200,4.5881,-12.6972,79.75
14.1692,step,1,1300,1300,22.9463,22.5000,4.5881,-12.6972,79.75
14.1922,step,1,1300,1300,23.0311,22.5000,-3.3572,-12.7819,79.75
14.2094,step,1,1300,1300,23.0311,22.5000,-3.3572,-12.7819,79.75
14.2321,step,1,1300,1300,23.0098,22.5000,-3.3572,-12.7607,79.75
14.2511,step,1,1300,1300,23.0098,22.5000,0.1119,-12.7607,79.75
14.2696,step,1,1300,1300,23.0098,22.5000,0.1119,-12.7607,79.75
14.2926,step,1,1300,1300,23.0241,22.5000,-0.5595,-12.7749,79.75
14.3099,step,1,1300,1300,23.0241,22.5000,-0.5595,-12.7749,79.75
14.3325,step,1,1300,1300,22.9751,22.5000,-0.5595,-12.726,79.75
14.3525,step,1,1300,1300,22.9751,22.5000,1.4548,-12.726,79.75
14.3702,step,1,1300,1300,22.9751,22.5000,1.4548,-12.726,79.75
14.3925,step,1,1300,1300,23.0028,22.5000,-1.2310,-12.7536,79.75
14.4102,step,1,1300,1300,23.0028,22.5000,-1.2310,-12.7536,79.75
14.4324,step,1,1300,1300,22.9823,22.5000,-1.2310,-12.7332,79.75
14.4522,step,1,1300,1300,22.9823,22.5000,1.6786,-12.7332,79.75
14.4705,step,1,1300,1300,22.9823,22.5000,1.6786,-12.7332,79.75
14.4922,step,1,1300,1300,23.0171,22.5000,-0.5595,-12.768,79.75
14.5107,step,1,1300,1300,23.0171,22.5000,-0.5595,-12.768,79.75
14.5321,step,1,1300,1300,22.9895,22.5000,-0.5595,-12.7404,79.75
14.5520,step,1,1300,1300,22.9895,22.5000,1.5667,-12.7404,79.75
14.5710,step,1,1300,1300,22.9895,22.5000,1.5667,-12.7404,79.75
14.5927,step,1,1300,1300,22.9896,22.5000,-0.3357,-12.7404,79.75
14.6112,step,1,1300,1300,22.9896,22.5000,-0.3357,-12.7404,79.75
14.6325,step,1,1300,1300,23.0244,22.5000,-0.3357,-12.7753,79.75
14.6525,step,1,1300,1300,23.0244,22.5000,-0.4476,-12.7753,79.75
14.6715,step,1,1300,1300,23.0244,22.5000,-0.4476,-12.7753,79.75
14.6940,step,1,1300,1300,23.0032,22.5000,-0.1119,-12.7541,79.75
14.7116,step,1,1300,1300,23.0032,22.5000,-0.1119,-12.7541,79.75
14.7324,step,1,1300,1300,23.0246,22.5000,-0.1119,-12.7755,79.75
14.7522,step,1,1300,1300,23.0246,22.5000,-2.2381,-12.7755,79.75
14.7718,step,1,1300,1300,23.0246,22.5000,-2.2381,-12.7755,79.75
14.7928,step,1,1300,1300,23.0105,22.5000,1.1191,-12.7614,79.75
14.8120,step,1,1300,1300,23.0105,22.5000,1.1191,-12.7614,79.75
14.8326,step,1,1300,1300,23.0248,22.5000,1.1191,-12.7757,79.75
14.8526,step,1,1300,1300,23.0248,22.5000,-0.7833,-12.7757,79.75
14.8723,step,1,1300,1300,23.0248,22.5000,-0.7833,-12.7757,79.75
14.8948,step,1,1300,1300,23.0676,22.5000,-0.4476,-12.8185,79.75
14.9119,step,1,1300,1300,23.0676,22.5000,-0.4476,-12.8185,79.75
14.9337,step,1,1300,1300,23.0606,22.5000,-0.4476,-12.8114,79.75
14.9526,step,1,1300,1300,23.0606,22.5000,1.5667,-12.8114,79.75
14.9720,step,1,1300,1300,23.0606,22.5000,1.5667,-12.8114,79.75
14.9951,step,1,1300,1300,23.0954,22.5000,-0.7833,-12.8463,79.75
15.0121,step,1,1300,1300,23.0954,22.5000,-0.7833,-12.8463,79.75
15.0340,step,1,1300,1300,23.0607,22.5000,-0.7833,-12.8116,79.75
15.0534,step,1,1300,1300,23.0607,22.5000,1.4548,-12.8116,79.75
15.0724,step,1,1300,1300,23.0607,22.5000,1.4548,-12.8116,79.75
15.0945,step,1,1300,1300,23.0956,22.5000,-0.6714,-12.8464,79.75
15.1119,step,1,1300,1300,23.0956,22.5000,-0.6714,-12.8464,79.75
15.1337,step,1,1300,1300,23.0956,22.5000,-0.6714,-12.8465,79.75
15.1536,step,1,1300,1300,23.0956,22.5000,1.9024,-12.8465,79.75
15.1726,step,1,1300,1300,23.0956,22.5000,1.9024,-12.8465,79.75
15.1954,step,1,1300,1300,23.1376,22.5000,-0.2238,-12.8884,79.75
15.2124,step,1,1300,1300,23.1376,22.5000,-0.2238,-12.8884,79.75
15.2338,step,1,1300,1300,23.1590,22.5000,-0.2238,-12.9098,79.75
15.2538,step,1,1300,1300,23.1590,22.5000,1.6786,-12.9098,79.75
15.2723,step,1,1300,1300,23.1590,22.5000,1.6786,-12.9098,79.75
15.2948,step,1,1300,1300,23.1661,22.5000,-0.5595,-12.917,79.75
15.3124,step,1,1300,1300,23.1661,22.5000,-0.5595,-12.917,79.75
15.3338,step,1,1300,1300,23.2010,22.5000,-0.5595,-12.9518,79.75
15.3537,step,1,1300,1300,23.2010,22.5000,0.1119,-12.9518,79.75
15.3727,step,1,1300,1300,23.2010,22.5000,0.1119,-12.9518,79.75
15.3955,step,1,1300,1300,23.2010,22.5000,0.5595,-12.9518,79.75
15.4128,step,1,1300,1300,23.2010,22.5000,0.5595,-12.9518,79.75
15.4345,step,1,1300,1300,23.2508,22.5000,0.5595,-13.0017,79.75
15.4544,step,1,1300,1300,23.2508,22.5000,-1.9024,-13.0017,79.75
15.4731,step,1,1300,1300,23.2508,22.5000,-1.9024,-13.0017,79.75
15.4955,step,1,1300,1300,23.2152,22.5000,1.0072,-12.9661,79.75
15.5133,step,1,1300,1300,23.2152,22.5000,1.0072,-12.9661,79.75
15.5361,step,1,1300,1300,23.2223,22.5000,-0.0000,-12.9732,79.75
15.5534,step,1,1300,1300,23.2223,22.5000,-0.0000,-12.9732,79.75
15.5735,step,1,1300,1300,23.2223,22.5000,-0.0000,-12.9732,79.75
15.5957,step,1,1300,1300,23.2643,22.5000,0.3357,-13.0151,79.75
15.6137,step,1,1300,1300,23.2643,22.5000,0.3357,-13.0151,79.75
15.6366,step,1,1300,1300,23.2509,22.5000,0.2238,-13.0017,79.75
15.6538,step,1,1300,1300,23.2509,22.5000,0.2238,-13.0017,79.75
15.6739,step,1,1300,1300,23.2509,22.5000,0.2238,-13.0017,79.75
15.6975,step,1,1300,1300,23.2509,22.5000,-0.0000,-13.0017,79.75
15.7146,step,1,1300,1300,23.2509,22.5000,-0.0000,-13.0017,79.75
15.7396,step,1,1300,1300,23.2509,22.5000,1.5667,-13.0018,79.75
15.7546,step,1,1300,1300,23.2509,22.5000,1.5667,-13.0018,79.75
15.7758,step,1,1300,1300,23.2572,22.5000,1.5667,-13.0081,79.75
15.7985,step,1,1300,1300,23.2572,22.5000,-0.1119,-13.0081,79.75
15.8149,step,1,1300,1300,23.2572,22.5000,-0.1119,-13.0081,79.75
15.8393,step,1,1300,1300,23.2786,22.5000,-0.8952,-13.0295,79.75
15.8564,step,1,1300,1300,23.2786,22.5000,-0.8952,-13.0295,79.75
15.8763,step,1,1300,1300,23.2509,22.5000,-0.8952,-13.0018,79.75
15.8996,step,1,1300,1300,23.2509,22.5000,2.1262,-13.0018,79.75
15.9172,step,1,1300,1300,23.2509,22.5000,2.1262,-13.0018,79.75
15.9401,step,1,1300,1300,23.2573,22.5000,-0.4476,-13.0081,79.75
15.9572,step,1,1300,1300,23.2573,22.5000,-0.4476,-13.0081,79.75
15.9787,step,1,1300,1300,23.2644,22.5000,-0.4476,-13.0153,79.75
15.9999,step,1,1300,1300,23.2644,22.5000,0.1119,-13.0153,79.75
16.0174,step,1,1300,1300,23.2644,22.5000,0.1119,-13.0153,79.75
16.0391,step,1,1300,1300,23.2439,22.5000,0.6714,-12.9947,79.75
16.0577,step,1,1300,1300,23.2439,22.5000,0.6714,-12.9947,79.75
16.0812,step,1,1300,1300,23.2787,22.5000,0.6714,-13.0295,79.75
16.0997,step,1,1300,1300,23.2787,22.5000,-1.0072,-13.0295,79.75
16.1179,step,1,1300,1300,23.2787,22.5000,-1.0072,-13.0295,79.75
16.1416,step,1,1300,1300,23.2858,22.5000,0.6714,-13.0367,79.75
16.1580,step,1,1300,1300,23.2858,22.5000,0.6714,-13.0367,79.75
16.1808,step,1,1300,1300,23.2716,22.5000,0.6714,-13.0224,79.75
16.2012,step,1,1300,1300,23.2716,22.5000,-0.1119,-13.0224,79.75
16.2184,step,1,1300,1300,23.2716,22.5000,-0.1119,-13.0224,79.75
16.2413,step,1,1300,1300,23.2929,22.5000,-1.2310,-13.0438,79.75
16.2585,step,1,1300,1300,23.2929,22.5000,-1.2310,-13.0438,79.75
16.2812,step,1,1300,1300,23.2439,22.5000,-1.2310,-12.9948,79.75
16.3012,step,1,1300,1300,23.2439,22.5000,1.9024,-12.9948,79.75
16.3187,step,1,1300,1300,23.2439,22.5000,1.9024,-12.9948,79.75
16.3410,step,1,1300,1300,23.2573,22.5000,-2.1262,-13.0082,79.75
16.3589,step,1,1300,1300,23.2573,22.5000,-2.1262,-13.0082,79.75
16.3809,step,1,1300,1300,23.2510,22.5000,-2.1262,-13.0019,79.75
16.4010,step,1,1300,1300,23.2510,22.5000,1.3429,-13.0019,79.75
16.4192,step,1,1300,1300,23.2510,22.5000,1.3429,-13.0019,79.75
16.4429,step,1,1300,1300,23.2368,22.5000,-0.3357,-12.9877,79.75
16.4593,step,1,1300,1300,23.2368,22.5000,-0.3357,-12.9877,79.75
16.4813,step,1,1300,1300,23.2440,22.5000,-0.3357,-12.9948,79.75
16.5014,step,1,1300,1300,23.2440,22.5000,-0.6714,-12.9948,79.75
16.5195,step,1,1300,1300,23.2440,22.5000,-0.6714,-12.9948,79.75
16.5420,step,1,1300,1300,23.2011,22.5000,1.4548,-12.952,79.75
16.5598,step,1,1300,1300,23.2011,22.5000,1.4548,-12.952,79.75
16.5817,step,1,1300,1300,23.2368,22.5000,1.4548,-12.9876,79.75
16.6016,step,1,1300,1300,23.2368,22.5000,-1.5667,-12.9876,79.75
16.6207,step,1,1300,1300,23.2368,22.5000,-1.5667,-12.9876,79.75
16.6452,step,1,1300,1300,23.2154,22.5000,1.2310,-12.9662,79.75
16.6617,step,1,1300,1300,23.2154,22.5000,1.2310,-12.9662,79.75
16.6832,step,1,1300,1300,23.2225,22.5000,1.2310,-12.9734,79.75
16.7043,step,1,1300,1300,23.2225,22.5000,-1.4548,-12.9734,79.75
16.7210,step,1,1300,1300,23.2225,22.5000,-1.4548,-12.9734,79.75
16.7444,step,1,1300,1300,23.1941,22.5000,1.2310,-12.9449,79.75
16.7613,step,1,1300,1300,23.1941,22.5000,1.2310,-12.9449,79.75
16.7828,step,1,1300,1300,23.2155,22.5000,1.2310,-12.9663,79.75
16.8022,step,1,1300,1300,23.2155,22.5000,-0.0000,-12.9663,79.75
16.8212,step,1,1300,1300,23.2155,22.5000,-0.0000,-12.9663,79.75
16.8437,step,1,1300,1300,23.1941,22.5000,1.1191,-12.945,79.75
16.8609,step,1,1300,1300,23.1941,22.5000,1.1191,-12.945,79.75
16.8831,step,1,1300,1300,23.1736,22.5000,1.1191,-12.9244,79.75
16.9027,step,1,1300,1300,23.1736,22.5000,-1.4548,-12.9244,79.75
16.9212,step,1,1300,1300,23.1736,22.5000,-1.4548,-12.9244,79.75
16.9439,step,1,1300,1300,23.1736,22.5000,0.7833,-12.9244,79.75
16.9613,step,1,1300,1300,23.1736,22.5000,0.7833,-12.9244,79.75
16.9829,step,1,1300,1300,23.1593,22.5000,0.7833,-12.9102,79.75
17.0029,step,1,1300,1300,23.1593,22.5000,-0.8952,-12.9102,79.75
17.0213,step,1,1300,1300,23.1593,22.5000,-0.8952,-12.9102,79.75
17.0439,step,1,1300,1300,23.1736,22.5000,-0.1119,-12.9244,79.75
17.0614,step,1,1300,1300,23.1736,22.5000,-0.1119,-12.9244,79.75
17.0828,step,1,1300,1300,23.1308,22.5000,-0.1119,-12.8817,79.75
17.1028,step,1,1300,1300,23.1308,22.5000,1.4548,-12.8817,79.75
17.1216,step,1,1300,1300,23.1308,22.5000,1.4548,-12.8817,79.75
17.1447,step,1,1300,1300,23.1807,22.5000,-0.5595,-12.9315,79.75
17.1618,step,1,1300,1300,23.1807,22.5000,-0.5595,-12.9315,79.75
17.1836,step,1,1300,1300,23.1522,22.5000,-0.5595,-12.903,79.75
17.2034,step,1,1300,1300,23.1522,22.5000,1.0072,-12.903,79.75
17.2220,step,1,1300,1300,23.1522,22.5000,1.0072,-12.903,79.75
17.2445,step,1,1300,1300,23.1450,22.5000,-0.4476,-12.8958,79.75
17.2622,step,1,1300,1300,23.1450,22.5000,-0.4476,-12.8958,79.75
17.2837,step,1,1300,1300,23.1664,22.5000,-0.4476,-12.9172,79.75
17.3034,step,1,1300,1300,23.1664,22.5000,-0.2238,-12.9172,79.75
17.3225,step,1,1300,1300,23.1664,22.5000,-0.2238,-12.9172,79.75
17.3447,step,1,1300,1300,23.1521,22.5000,0.4476,-12.903,79.75
17.3626,step,1,1300,1300,23.1521,22.5000,0.4476,-12.903,79.75
17.3848,step,1,1300,1300,23.1949,22.5000,-1.5667,-12.9457,79.75
17.4028,step,1,1300,1300,23.1949,22.5000,-1.5667,-12.9457,79.75
17.4228,step,1,1300,1300,23.1949,22.5000,-1.5667,-12.9457,79.75
17.4457,step,1,1300,1300,23.1807,22.5000,0.5595,-12.9315,79.75
17.4630,step,1,1300,1300,23.1807,22.5000,0.5595,-12.9315,79.75
17.4865,step,1,1300,1300,23.1664,22.5000,-1.5667,-12.9173,79.75
17.5031,step,1,1300,1300,23.1664,22.5000,-1.5667,-12.9173,79.75
17.5232,step,1,1300,1300,23.1664,22.5000,-1.5667,-12.9173,79.75
17.5467,step,1,1300,1300,23.1380,22.5000,1.3429,-12.8888,79.75
17.5633,step,1,1300,1300,23.1380,22.5000,1.3429,-12.8888,79.75
17.5868,step,1,1300,1300,23.1317,22.5000,-0.8952,-12.8825,79.75
17.6035,step,1,1300,1300,23.1317,22.5000,-0.8952,-12.8825,79.75
17.6249,step,1,1300,1300,23.1736,22.5000,-0.8952,-12.9245,79.75
17.6468,step,1,1300,1300,23.1736,22.5000,-0.8952,-12.9245,79.75
17.6638,step,1,1300,1300,23.1736,22.5000,-0.8952,-12.9245,79.75
17.6874,step,1,1300,1300,23.1317,22.5000,0.4476,-12.8826,79.75
17.7053,step,1,1300,1300,23.1317,22.5000,0.4476,-12.8826,79.75
17.7280,step,1,1300,1300,23.1452,22.5000,0.4476,-12.896,79.75
17.7487,step,1,1300,1300,23.1452,22.5000,-0.2238,-12.896,79.75
17.7662,step,1,1300,1300,23.1452,22.5000,-0.2238,-12.896,79.75
17.7890,step,1,1300,1300,23.1452,22.5000,0.6714,-12.896,79.75
17.8062,step,1,1300,1300,23.1452,22.5000,0.6714,-12.896,79.75
17.8278,step,1,1300,1300,23.1523,22.5000,0.6714,-12.9031,79.75
17.8492,step,1,1300,1300,23.1523,22.5000,-0.2238,-12.9031,79.75
17.8665,step,1,1300,1300,23.1523,22.5000,-0.2238,-12.9031,79.75
17.8881,step,1,1300,1300,23.1879,22.5000,-0.7833,-12.9388,79.75
17.9067,step,1,1300,1300,23.1879,22.5000,-0.7833,-12.9388,79.75
17.9294,step,1,1300,1300,23.1665,22.5000,-0.7833,-12.9174,79.75
17.9494,step,1,1300,1300,23.1665,22.5000,1.3429,-12.9174,79.75
17.9669,step,1,1300,1300,23.1665,22.5000,1.3429,-12.9174,79.75
17.9909,step,1,1300,1300,23.1950,22.5000,-0.5595,-12.9459,79.75
18.0071,step,1,1300,1300,23.1950,22.5000,-0.5595,-12.9459,79.75
18.0285,step,1,1300,1300,23.1879,22.5000,-0.5595,-12.9388,79.75
18.0485,step,1,1300,1300,23.1879,22.5000,0.4476,-12.9388,79.75
18.0674,step,1,1300,1300,23.1879,22.5000,0.4476,-12.9388,79.75
18.1710,repos,2,1500,1500,23.1950,22.5000,1.5667,-12.9459,79.75
18.1905,repos,2,1500,1500,23.1879,22.5000,-1.1191,-12.9388,79.75
18.2077,repos,2,1500,1500,23.1879,22.5000,-1.1191,-12.9388,79.75
18.2305,repos,2,1500,1500,23.1594,22.3200,-1.1191,-12.9103,79.75
18.2505,repos,2,1500,1500,23.1594,22.3200,-3.0215,-12.9103,79.75
18.2693,repos,2,1500,1500,23.1594,22.1400,-3.0215,-12.9103,79.75
18.2923,repos,2,1500,1500,22.9417,21.9600,-8.0572,-12.6925,79.75
18.3094,repos,2,1500,1500,22.9417,21.7800,-8.0572,-12.6925,79.75
18.3308,repos,2,1500,1500,22.4978,21.6000,-8.0572,-12.2486,79.75
18.3511,repos,2,1500,1500,22.4978,21.2400,-11.9739,-12.2486,79.75
18.3700,repos,2,1500,1500,22.4978,21.0600,-11.9739,-12.2486,79.75
18.3917,repos,2,1500,1500,21.8582,20.7000,-15.7787,-11.6091,79.75
18.4099,repos,2,1500,1500,21.8582,20.3400,-15.7787,-11.6091,79.75
18.4305,repos,2,1500,1500,21.0151,19.9800,-15.7787,-10.7659,79.75
18.4506,repos,2,1500,1500,21.0151,19.6200,-19.3597,-10.7659,79.75
18.4701,repos,2,1500,1500,21.0151,19.0800,-19.3597,-10.7659,79.75
18.4923,repos,2,1500,1500,19.9898,18.5400,-23.0526,-9.7406,79.75
18.5103,repos,2,1500,1500,19.9898,18.1800,-23.0526,-9.7406,79.75
18.5315,repos,2,1500,1500,18.8108,17.6400,-23.0526,-8.5616,79.75
18.5509,repos,2,1500,1500,18.8108,17.1000,-25.4026,-8.5616,79.75
18.5698,repos,2,1500,1500,18.8108,16.5600,-25.4026,-8.5616,79.75
18.5927,repos,2,1500,1500,17.5279,16.0200,-27.9765,-7.2788,79.75
18.6100,repos,2,1500,1500,17.5279,15.4800,-27.9765,-7.2788,79.75
18.6318,repos,2,1500,1500,16.0919,14.7600,-27.9765,-5.8427,79.75
18.6513,repos,2,1500,1500,16.0919,14.2200,-30.6622,-5.8427,79.75
18.6702,repos,2,1500,1500,16.0919,13.5000,-30.6622,-5.8427,79.75
18.6931,repos,2,1500,1500,14.5444,12.7800,-32.2289,-4.2953,79.75
18.7105,repos,2,1500,1500,14.5444,12.2400,-32.2289,-4.2953,79.75
18.7314,repos,2,1500,1500,12.9072,11.5200,-32.2289,-2.6581,79.75
18.7515,repos,2,1500,1500,12.9072,10.8000,-33.4598,-2.6581,79.75
18.7702,repos,2,1500,1500,12.9072,10.2600,-33.4598,-2.6581,79.75
18.7930,repos,2,1500,1500,11.2423,9.5400,-33.6837,-0.9932,79.75
18.8102,repos,2,1500,1500,11.2423,8.8200,-33.6837,-0.9932,79.75
18.8320,repos,2,1500,1500,9.5567,8.1000,-33.6837,0.6924,79.75
18.8518,repos,2,1500,1500,9.5567,7.5600,-33.1241,0.6924,79.75
18.8703,repos,2,1500,1500,9.5567,7.0200,-33.1241,0.6924,79.75
18.8928,repos,2,1500,1500,7.9549,6.3000,-29.8789,2.2942,79.75
18.9102,repos,2,1500,1500,7.9549,5.7600,-29.8789,2.2942,79.75
18.9318,repos,2,1500,1500,6.5277,5.2200,-29.8789,3.7214,79.75
18.9518,repos,2,1500,1500,6.5277,4.8600,-25.4026,3.7214,79.75
18.9704,repos,2,1500,1500,6.5277,4.5000,-25.4026,3.7214,79.75
18.9928,repos,2,1500,1500,5.3448,3.9600,-19.9192,4.9044,79.75
19.0106,repos,2,1500,1500,5.3448,3.7800,-19.9192,4.9044,79.75
19.0323,repos,2,1500,1500,4.4415,3.4200,-19.9192,5.8076,79.75
19.0524,repos,2,1500,1500,4.4415,3.0600,-14.5478,5.8076,79.75
19.0708,repos,2,1500,1500,4.4415,2.8800,-14.5478,5.8076,79.75
19.0935,repos,2,1500,1500,3.7972,2.7000,-9.7358,6.452,79.75
19.1111,repos,2,1500,1500,3.7972,2.7000,-9.7358,6.452,79.75
19.1336,repos,2,1500,1500,3.3907,2.5200,-9.7358,6.8585,79.75
19.1511,repos,2,1500,1500,3.3907,2.3400,-5.3715,6.8585,79.75
19.1713,repos,2,1500,1500,3.3907,2.3400,-5.3715,6.8585,79.75
19.1935,repos,2,1500,1500,3.1805,2.3400,-1.3429,7.0686,79.75
19.2114,repos,2,1500,1500,3.1805,2.3400,-1.3429,7.0686,79.75
19.2350,repos,2,1500,1500,3.1735,2.3400,2.1262,7.0757,79.75
19.2516,repos,2,1500,1500,3.1735,2.5200,2.1262,7.0757,79.75
19.2717,repos,2,1500,1500,3.1735,2.5200,2.1262,7.0757,79.75
19.2940,repos,2,1500,1500,3.3348,2.7000,4.9239,6.9143,79.75
19.3118,repos,2,1500,1500,3.3348,2.8800,4.9239,6.9143,79.75
19.3354,repos,2,1500,1500,3.6218,2.8800,6.9382,6.6273,79.75
19.3520,repos,2,1500,1500,3.6218,3.0600,6.9382,6.6273,79.75
19.3720,repos,2,1500,1500,3.6218,3.2400,6.9382,6.6273,79.75
19.3957,repos,2,1500,1500,4.0071,3.4200,8.2810,6.242,79.75
19.4123,repos,2,1500,1500,4.0071,3.6000,8.2810,6.242,79.75
19.4358,repos,2,1500,1500,4.4414,3.7800,8.7287,5.8077,79.75
19.4525,repos,2,1500,1500,4.4414,3.9600,8.7287,5.8077,79.75
19.4735,repos,2,1500,1500,4.4414,4.1400,8.7287,5.3736,79.75
19.4956,repos,2,1500,1500,4.8756,4.3200,8.0572,5.3736,79.75
19.5126,repos,2,1500,1500,4.8756,4.3200,8.0572,5.3736,79.75
19.5362,repos,2,1500,1500,5.2538,4.5000,6.6024,4.9954,79.75
19.5527,repos,2,1500,1500,5.2538,4.6800,6.6024,4.9954,79.75
19.5740,repos,2,1500,1500,5.3585,4.6800,6.6024,4.8906,79.75
19.5960,repos,2,1500,1500,5.3585,4.8600,4.3643,4.8906,79.75
19.6130,repos,2,1500,1500,5.3585,4.8600,4.3643,4.8906,79.75
19.6381,repos,2,1500,1500,5.2254,4.8600,1.9024,5.0238,79.75
19.6551,repos,2,1500,1500,5.2254,4.8600,1.9024,5.0238,79.75
19.6765,repos,2,1500,1500,5.1204,4.8600,1.9024,5.1288,79.75
19.6976,repos,2,1500,1500,5.1204,4.8600,-0.5595,5.1288,79.75
19.7152,repos,2,1500,1500,5.1204,4.8600,-0.5595,5.1288,79.75
19.7382,repos,2,1500,1500,5.0081,4.8600,-2.5738,5.241,79.75
19.7553,repos,2,1500,1500,5.0081,4.6800,-2.5738,5.241,79.75
19.7771,repos,2,1500,1500,4.8400,4.6800,-2.5738,5.4091,79.75
19.7981,repos,2,1500,1500,4.8400,4.6800,-3.2453,5.4091,79.75
19.8156,repos,2,1500,1500,4.8400,4.5000,-3.2453,5.4091,79.75
19.8397,repos,2,1500,1500,4.6652,4.5000,-3.4691,5.584,79.75
19.8557,repos,2,1500,1500,4.6652,4.5000,-3.4691,5.584,79.75
19.8784,repos,2,1500,1500,4.5111,4.3200,-3.4691,5.7381,79.75
19.8977,repos,2,1500,1500,4.5111,4.3200,-2.6857,5.7381,79.75
19.9160,repos,2,1500,1500,4.5111,4.3200,-2.6857,5.7381,79.75
19.9390,repos,2,1500,1500,4.4198,4.3200,-1.2310,5.8293,79.75
19.9561,repos,2,1500,1500,4.4198,4.3200,-1.2310,5.8293,79.75
19.9788,repos,2,1500,1500,4.3921,4.3200,-1.2310,5.8571,79.75
19.9989,repos,2,1500,1500,4.3921,4.3200,0.2238,5.8571,79.75
20.0164,repos,2,1500,1500,4.3921,4.3200,0.2238,5.8571,79.75
20.0394,repos,2,1500,1500,4.4549,4.3200,1.3429,5.7943,79.75
20.0566,repos,2,1500,1500,4.4549,4.3200,1.3429,5.7943,79.75
20.0793,repos,2,1500,1500,4.5528,4.3200,1.3429,5.6964,79.75
20.0992,repos,2,1500,1500,4.5528,4.5000,1.6786,5.6964,79.75
20.1168,repos,2,1500,1500,4.5528,4.5000,1.6786,5.6964,79.75
20.1397,repos,2,1500,1500,4.6651,4.5000,1.5667,5.5841,79.75
20.1556,repos,2,1500,1500,4.6651,4.5000,1.5667,5.5841,79.75
20.1801,repos,2,1500,1500,4.7559,4.5000,1.5667,5.4932,79.75
20.1995,repos,2,1500,1500,4.7559,4.5000,0.6714,5.4932,79.75
20.2176,repos,2,1500,1500,4.7559,4.5000,0.6714,5.4932,79.75
20.2395,repos,2,1500,1500,4.7980,4.5000,-0.3357,5.4511,79.75
20.2574,repos,2,1500,1500,4.7980,4.5000,-0.3357,5.4511,79.75
20.2796,repos,2,1500,1500,4.7981,4.5000,-0.3357,5.4511,79.75
20.2995,repos,2,1500,1500,4.7981,4.5000,-1.0072,5.4511,79.75
20.3178,repos,2,1500,1500,4.7981,4.5000,-1.0072,5.4511,79.75
20.3394,repos,2,1500,1500,4.7770,4.5000,-1.0072,5.4722,79.75
20.3578,repos,2,1500,1500,4.7770,4.5000,-1.0072,5.4722,79.75
20.3793,repos,2,1500,1500,4.7419,4.3200,-1.0072,5.5073,79.75
20.3992,repos,2,1500,1500,4.7419,4.3200,-1.0072,5.5073,79.75
20.4181,repos,2,1500,1500,4.7419,4.3200,-1.0072,5.5073,79.75
20.4398,repos,2,1500,1500,4.7349,4.3200,-0.4476,5.5143,79.75
20.4583,repos,2,1500,1500,4.7349,4.3200,-0.4476,5.5143,79.75
20.4796,repos,2,1500,1500,4.7559,4.3200,-0.4476,5.4932,79.75
20.4996,repos,2,1500,1500,4.7559,4.3200,0.5595,5.4932,79.75
20.5185,repos,2,1500,1500,4.7559,4.3200,0.5595,5.4932,79.75
20.5406,repos,2,1500,1500,4.8051,4.5000,0.7833,5.4441,79.75
20.5588,repos,2,1500,1500,4.8051,4.5000,0.7833,5.4441,79.75
20.5794,repos,2,1500,1500,4.8679,4.5000,0.7833,5.3813,79.75
20.5994,repos,2,1500,1500,4.8679,4.5000,0.5595,5.3813,79.75
20.6191,repos,2,1500,1500,4.8679,4.5000,0.5595,5.3813,79.75
20.6413,repos,2,1500,1500,4.9170,4.5000,0.4476,5.3322,79.75
20.6592,repos,2,1500,1500,4.9170,4.5000,0.4476,5.3322,79.75
20.6804,repos,2,1500,1500,4.9450,4.5000,0.4476,5.3041,79.75
20.6991,repos,2,1500,1500,4.9450,4.5000,-0.2238,5.3041,79.75
20.7188,repos,2,1500,1500,4.9450,4.5000,-0.2238,5.3041,79.75
20.7421,repos,2,1500,1500,4.9380,4.5000,-0.5595,5.3112,79.75
20.7589,repos,2,1500,1500,4.9380,4.5000,-0.5595,5.3112,79.75
20.7808,repos,2,1500,1500,4.9239,4.5000,-0.5595,5.3252,79.75
20.8002,repos,2,1500,1500,4.9239,4.5000,-0.4476,5.3252,79.75
20.8193,repos,2,1500,1500,4.9239,4.5000,-0.4476,5.3252,79.75
20.8415,repos,2,1500,1500,4.9099,4.5000,-0.2238,5.3392,79.75
20.8591,repos,2,1500,1500,4.9099,4.3200,-0.2238,5.3392,79.75
20.8804,repos,2,1500,1500,4.9169,4.3200,-0.2238,5.3322,79.75
20.9005,repos,2,1500,1500,4.9169,4.3200,-0.1119,5.3322,79.75
20.9190,repos,2,1500,1500,4.9169,4.5000,-0.1119,5.3322,79.75
20.9417,repos,2,1500,1500,4.9309,4.5000,0.3357,5.3182,79.75
20.9592,repos,2,1500,1500,4.9309,4.5000,0.3357,5.3182,79.75
20.9807,repos,2,1500,1500,4.9660,4.5000,0.3357,5.2831,79.75
21.0007,repos,2,1500,1500,4.9660,4.5000,0.4476,5.2831,79.75
21.0192,repos,2,1500,1500,4.9660,4.5000,0.4476,5.2831,79.75
21.0417,repos,2,1500,1500,4.9871,4.5000,0.4476,5.2621,79.75
21.0592,repos,2,1500,1500,4.9871,4.5000,0.4476,5.2621,79.75
21.0807,repos,2,1500,1500,5.0148,4.5000,0.4476,5.2343,79.75
21.1007,repos,2,1500,1500,5.0148,4.5000,-0.0000,5.2343,79.75
21.1194,repos,2,1500,1500,5.0148,4.5000,-0.0000,5.2343,79.75
21.1417,repos,2,1500,1500,5.0148,4.5000,-0.1119,5.2344,79.75
21.1596,repos,2,1500,1500,5.0148,4.5000,-0.1119,5.2344,79.75
21.1813,repos,2,1500,1500,5.0148,4.5000,-0.1119,5.2344,79.75
21.2013,repos,2,1500,1500,5.0148,4.5000,-0.2238,5.2344,79.75
21.2200,repos,2,1500,1500,5.0148,4.5000,-0.2238,5.2344,79.75
21.2424,repos,2,1500,1500,5.0078,4.5000,-0.2238,5.2414,79.75
21.2601,repos,2,1500,1500,5.0078,4.5000,-0.2238,5.2414,79.75
21.2814,repos,2,1500,1500,5.0007,4.5000,-0.2238,5.2484,79.75
21.3012,repos,2,1500,1500,5.0007,4.5000,-0.0000,5.2484,79.75
21.3207,repos,2,1500,1500,5.0007,4.5000,-0.0000,5.2484,79.75
21.3516,repos,2,1500,1500,5.0078,4.5000,0.1119,5.2414,79.75
21.3647,repos,2,1500,1500,5.0078,4.5000,0.1119,5.2414,79.75
21.3906,repos,2,1500,1500,5.0218,4.5000,0.2238,5.2274,79.75
21.4055,repos,2,1500,1500,5.0218,4.5000,0.2238,5.2274,79.75
21.4287,repos,2,1500,1500,5.0358,4.5000,0.2238,5.2133,79.75
21.4503,repos,2,1500,1500,5.0358,4.5000,0.3357,5.2133,79.75
21.4644,repos,2,1500,1500,5.0358,4.5000,0.3357,5.2133,79.75
21.4993,repos,2,1500,1500,5.0498,4.5000,0.1119,5.1993,79.75
21.5100,repos,2,1500,1500,5.0498,4.5000,0.1119,5.1993,79.75
21.5355,repos,2,1500,1500,5.0569,4.5000,0.1119,5.1923,79.75
21.5463,repos,2,1500,1500,5.0569,4.5000,-0.0000,5.1923,79.75
21.5663,repos,2,1500,1500,5.0569,4.5000,-0.0000,5.1923,79.75
21.5886,repos,2,1500,1500,5.0569,4.5000,-0.0000,5.1923,79.75
21.6065,repos,2,1500,1500,5.0569,4.5000,-0.0000,5.1923,79.75
21.6288,repos,2,1500,1500,5.0569,4.5000,-0.0000,5.1923,79.75
21.6485,repos,2,1500,1500,5.0569,4.5000,-0.1119,5.1923,79.75
21.6667,repos,2,1500,1500,5.0569,4.5000,-0.1119,5.1923,79.75
21.6884,repos,2,1500,1500,5.0498,4.5000,0.1119,5.1993,79.75
21.7069,repos,2,1500,1500,5.0498,4.5000,0.1119,5.1993,79.75
21.7282,repos,2,1500,1500,5.0569,4.5000,0.1119,5.1923,79.75
21.7483,repos,2,1500,1500,5.0569,4.5000,-0.1119,5.1923,79.75
21.7674,repos,2,1500,1500,5.0569,4.5000,-0.1119,5.1923,79.75
21.7912,repos,2,1500,1500,5.0639,4.5000,0.1119,5.1853,79.75
21.8078,repos,2,1500,1500,5.0639,4.5000,0.1119,5.1853,79.75
21.8297,repos,2,1500,1500,5.0709,4.5000,0.1119,5.1783,79.75
21.8491,repos,2,1500,1500,5.0709,4.5000,0.2238,5.1783,79.75
21.8681,repos,2,1500,1500,5.0709,4.5000,0.2238,5.1783,79.75
21.8918,repos,2,1500,1500,5.0849,4.5000,-0.0000,5.1642,79.75
21.9089,repos,2,1500,1500,5.0849,4.5000,-0.0000,5.1642,79.75
21.9288,repos,2,1500,1500,5.0919,4.5000,-0.0000,5.1572,79.75
21.9488,repos,2,1500,1500,5.0919,4.5000,-0.2238,5.1572,79.75
21.9687,repos,2,1500,1500,5.0919,4.5000,-0.2238,5.1572,79.75
21.9906,repos,2,1500,1500,5.0849,4.5000,-0.0000,5.1642,79.75
22.0073,repos,2,1500,1500,5.0849,4.5000,-0.0000,5.1642,79.75
22.0300,repos,2,1500,1500,5.0849,4.5000,-0.0000,5.1642,79.75
22.0492,repos,2,1500,1500,5.0849,4.5000,0.1119,5.1642,79.75
22.0682,repos,2,1500,1500,5.0849,4.5000,0.1119,5.1642,79.75
22.0914,repos,2,1500,1500,5.0850,4.5000,-0.0000,5.1642,79.75
22.1084,repos,2,1500,1500,5.0850,4.5000,-0.0000,5.1642,79.75
22.1303,repos,2,1500,1500,5.0920,4.5000,-0.0000,5.1572,79.75
22.1514,repos,2,1500,1500,5.0920,4.5000,0.1119,5.1572,79.75
22.1705,step,2,1250,1450,5.0920,4.5000,0.1119,5.1572,79.75
22.1925,step,2,1250,1400,5.0920,4.5000,0.2238,5.1572,79.75
22.2109,step,2,1250,1350,5.0920,4.5000,0.2238,5.1572,79.75
22.2309,step,2,1250,1300,5.0990,4.5000,0.2238,5.1502,79.75
22.2506,step,2,1250,1250,5.0990,4.5000,-0.0000,5.1502,79.75
22.2692,step,2,1250,1250,5.0990,4.5000,-0.0000,5.1502,79.75
22.3005,step,2,1250,1250,5.1060,4.5000,0.1119,5.1431,79.75
22.3152,step,2,1250,1250,5.1060,4.5000,0.1119,5.1431,79.75
22.3379,step,2,1250,1250,5.1060,4.5000,-0.2238,5.1432,79.75
22.3563,step,2,1250,1250,5.1060,4.5000,-0.2238,5.1432,79.75
22.3806,step,2,1250,1250,5.0990,4.5000,-0.2238,5.1501,79.75
22.3973,step,2,1250,1250,5.0990,4.5000,-0.0000,5.1501,79.75
22.4141,step,2,1250,1250,5.0990,4.5000,-0.0000,5.1501,79.75
22.4379,step,2,1250,1250,5.1201,4.5000,0.8952,5.1291,79.75
22.4543,step,2,1250,1250,5.1201,4.5000,0.8952,5.1291,79.75
22.4778,step,2,1250,1250,5.1829,4.5000,0.8952,5.0663,79.75
22.4978,step,2,1250,1250,5.1829,4.6800,2.5738,5.0663,79.75
22.5145,step,2,1250,1250,5.1829,4.6800,2.5738,5.0663,79.75
22.5374,step,2,1250,1250,5.3299,4.6800,2.7976,4.9193,79.75
22.5547,step,2,1250,1250,5.3299,4.8600,2.7976,4.9193,79.75
22.5774,step,2,1250,1250,5.4702,4.8600,2.7976,4.779,79.75
22.5973,step,2,1250,1250,5.4702,4.8600,3.0215,4.779,79.75
22.6136,step,2,1250,1250,5.4702,5.0400,3.0215,4.779,79.75
22.6380,step,2,1250,1250,5.6031,5.0400,1.9024,4.646,79.75
22.6551,step,2,1250,1250,5.6031,5.0400,1.9024,4.646,79.75
22.6779,step,2,1250,1250,5.6799,5.0400,1.9024,4.5692,79.75
22.6978,step,2,1250,1250,5.6799,5.0400,0.5595,4.5692,79.75
22.7154,step,2,1250,1250,5.6799,5.0400,0.5595,4.5692,79.75
22.7394,step,2,1250,1250,5.6869,5.0400,-0.7833,4.5622,79.75
22.7556,step,2,1250,1250,5.6869,5.0400,-0.7833,4.5622,79.75
22.7771,step,2,1250,1250,5.6312,5.0400,-0.7833,4.618,79.75
22.7983,step,2,1250,1250,5.6312,4.8600,-1.9024,4.618,79.75
22.8159,step,2,1250,1250,5.6312,4.8600,-1.9024,4.618,79.75
22.8393,step,2,1250,1250,5.5260,4.8600,-1.9024,4.7232,79.75
22.8560,step,2,1250,1250,5.5260,4.8600,-1.9024,4.7232,79.75
22.8780,step,2,1250,1250,5.4351,4.8600,-1.9024,4.8141,79.75
22.8980,step,2,1250,1250,5.4351,4.8600,-0.7833,4.8141,79.75
22.9162,step,2,1250,1250,5.4351,4.8600,-0.7833,4.8141,79.75
22.9401,step,2,1250,1250,5.4561,4.8600,4.4762,4.7931,79.75
22.9564,step,2,1250,1250,5.4561,5.0400,4.4762,4.7931,79.75
22.9777,step,2,1250,1250,5.7428,5.2200,4.4762,4.5063,79.75
22.9969,step,2,1250,1250,5.7428,5.4000,7.2739,4.5063,79.75
23.0165,step,2,1250,1250,5.7428,5.5800,7.2739,4.5063,79.75
23.0382,step,2,1250,1250,6.1558,5.7600,9.0644,4.0933,79.75
23.0567,step,2,1250,1250,6.1558,5.9400,9.0644,4.0933,79.75
23.0780,step,2,1250,1250,6.6107,6.1200,9.0644,3.6384,79.75
23.0976,step,2,1250,1250,6.6107,6.3000,9.4001,3.6384,79.75
23.1170,step,2,1250,1250,6.6107,6.4800,9.4001,3.6384,79.75
23.1391,step,2,1250,1250,7.0863,6.6600,9.2882,3.1628,79.75
23.1564,step,2,1250,1250,7.0863,6.8400,9.2882,3.1628,79.75
23.1777,step,2,1250,1250,7.5482,7.0200,9.2882,2.7009,79.75
23.1978,step,2,1250,1250,7.5482,7.2000,8.7287,2.7009,79.75
23.2174,step,2,1250,1250,7.5482,7.3800,8.7287,2.7009,79.75
23.2396,step,2,1250,1250,7.9540,7.5600,6.7143,2.2951,79.75
23.2576,step,2,1250,1250,7.9540,7.5600,6.7143,2.2951,79.75
23.2782,step,2,1250,1250,8.2897,7.7400,6.7143,1.9594,79.75
23.2982,step,2,1250,1250,8.2897,7.9200,7.0501,1.9594,79.75
23.3167,step,2,1250,1250,8.2897,8.1000,7.0501,1.9594,79.75
23.3400,step,2,1250,1250,8.6814,8.4600,11.5263,1.5677,79.75
23.3572,step,2,1250,1250,8.6814,8.6400,11.5263,1.5677,79.75
23.3791,step,2,1250,1250,9.2480,9.0000,11.5263,1.0012,79.75
23.3985,step,2,1250,1250,9.2480,9.1800,12.7573,1.0012,79.75
23.4175,step,2,1250,1250,9.2480,9.3600,12.7573,1.0012,79.75
23.4404,step,2,1250,1250,9.8774,9.7200,12.3096,0.3717,79.75
23.4576,step,2,1250,1250,9.8774,9.9000,12.3096,0.3717,79.75
23.4790,step,2,1250,1250,10.4649,10.0800,12.3096,-0.2158,79.75
23.4990,step,2,1250,1250,10.4649,10.2600,10.6311,-0.2158,79.75
23.5179,step,2,1250,1250,10.4649,10.4400,10.6311,-0.2158,79.75
23.5400,step,2,1250,1250,10.9126,10.6200,6.2667,-0.6635,79.75
23.5575,step,2,1250,1250,10.9126,10.6200,6.2667,-0.6635,79.75
23.5792,step,2,1250,1250,11.1224,10.6200,6.2667,-0.8733,79.75
23.5992,step,2,1250,1250,11.1224,10.6200,1.0072,-0.8733,79.75
23.6177,step,2,1250,1250,11.1224,10.6200,1.0072,-0.8733,79.75
23.6404,step,2,1250,1250,11.0735,10.4400,-3.4691,-0.8243,79.75
23.6578,step,2,1250,1250,11.0735,10.4400,-3.4691,-0.8243,79.75
23.6793,step,2,1250,1250,10.8707,10.2600,-3.4691,-0.6216,79.75
23.6994,step,2,1250,1250,10.8707,10.0800,-5.3715,-0.6216,79.75
23.7178,step,2,1250,1250,10.8707,10.0800,-5.3715,-0.6216,79.75
23.7403,step,2,1250,1250,10.5421,9.9000,-7.3858,-0.2929,79.75
23.7580,step,2,1250,1250,10.5421,9.7200,-7.3858,-0.2929,79.75
23.7793,step,2,1250,1250,10.1504,9.5400,-7.3858,0.0987,79.75
23.7992,step,2,1250,1250,10.1504,9.3600,-7.7215,0.0987,79.75
23.8182,step,2,1250,1250,10.1504,9.3600,-7.7215,0.0987,79.75
23.8411,step,2,1250,1250,9.7658,9.1800,-6.6024,0.4834,79.75
23.8583,step,2,1250,1250,9.7658,9.0000,-6.6024,0.4834,79.75
23.8810,step,2,1250,1250,9.4372,9.0000,-6.6024,0.812,79.75
23.8986,step,2,1250,1250,9.4372,8.8200,-5.0358,0.812,79.75
23.9186,step,2,1250,1250,9.4372,8.8200,-5.0358,0.812,79.75
23.9409,step,2,1250,1250,9.4161,8.6400,-3.3572,0.833,79.75
23.9588,step,2,1250,1250,9.4161,8.6400,-3.3572,0.833,79.75
23.9800,step,2,1250,1250,9.5069,8.6400,-3.3572,0.7422,79.75
24.0000,step,2,1250,1250,9.5069,8.6400,-1.6786,0.7422,79.75
24.0190,step,2,1250,1250,9.5069,8.6400,-1.6786,0.7422,79.75
24.0413,step,2,1250,1250,9.5139,8.6400,0.3357,0.7352,79.75
24.0592,step,2,1250,1250,9.5139,8.6400,0.3357,0.7352,79.75
24.0821,step,2,1250,1250,9.5768,8.6400,1.6786,0.6723,79.75
24.0994,step,2,1250,1250,9.5768,8.6400,1.6786,0.6723,79.75
24.1193,step,2,1250,1250,9.5768,8.8200,1.6786,0.6723,79.75
24.1429,step,2,1250,1250,9.6678,8.8200,1.5667,0.5813,79.75
24.1596,step,2,1250,1250,9.6678,8.8200,1.5667,0.5813,79.75
24.1832,step,2,1250,1250,9.7517,8.8200,0.7833,0.4975,79.75
24.1998,step,2,1250,1250,9.7517,8.8200,0.7833,0.4975,79.75
24.2210,step,2,1250,1250,9.7517,8.8200,0.7833,0.4835,79.75
24.2424,step,2,1250,1250,9.7657,8.8200,-0.7833,0.4835,79.75
24.2600,step,2,1250,1250,9.7657,8.8200,-0.7833,0.4835,79.75
24.2835,step,2,1250,1250,9.7167,8.8200,-1.0072,0.5324,79.75
24.3002,step,2,1250,1250,9.7167,8.6400,-1.0072,0.5324,79.75
24.3214,step,2,1250,1250,9.6398,8.6400,-1.0072,0.6094,79.75
24.3427,step,2,1250,1250,9.6398,8.6400,-2.1262,0.6094,79.75
24.3611,step,2,1250,1250,9.6398,8.6400,-2.1262,0.6094,79.75
24.3840,step,2,1250,1250,9.5558,8.6400,-1.7905,0.6933,79.75
24.4019,step,2,1250,1250,9.5558,8.6400,-1.7905,0.6933,79.75
24.4231,step,2,1250,1250,9.4720,8.4600,-1.7905,0.7772,79.75
24.4451,step,2,1250,1250,9.4720,8.4600,-1.3429,0.7772,79.75
24.4627,step,2,1250,1250,9.4720,8.4600,-1.3429,0.7772,79.75
24.4856,step,2,1250,1250,9.4161,8.4600,-0.3357,0.8331,79.75
24.5023,step,2,1250,1250,9.4161,8.4600,-0.3357,0.8331,79.75
24.5242,step,2,1250,1250,9.3881,8.4600,-0.3357,0.861,79.75
24.5453,step,2,1250,1250,9.3881,8.4600,-0.2238,0.861,79.75
24.5635,step,2,1250,1250,9.3881,8.4600,-0.2238,0.861,79.75
24.5867,step,2,1250,1250,9.3742,8.4600,0.2238,0.875,79.75
24.6039,step,2,1250,1250,9.3742,8.4600,0.2238,0.875,79.75
24.6252,step,2,1250,1250,9.3742,8.4600,0.2238,0.875,79.75
24.6465,step,2,1250,1250,9.3742,8.4600,0.2238,0.875,79.75
24.6641,step,2,1250,1250,9.3742,8.4600,0.2238,0.875,79.75
24.6871,step,2,1250,1250,9.3672,8.4600,0.1119,0.8819,79.75
24.7042,step,2,1250,1250,9.3672,8.4600,0.1119,0.8819,79.75
24.7269,step,2,1250,1250,9.3532,8.4600,0.1119,0.8959,79.75
24.7469,step,2,1250,1250,9.3532,8.4600,-0.2238,0.8959,79.75
24.7645,step,2,1250,1250,9.3532,8.4600,-0.2238,0.8959,79.75
24.7868,step,2,1250,1250,9.3253,8.4600,-0.5595,0.9239,79.75
24.8046,step,2,1250,1250,9.3253,8.4600,-0.5595,0.9239,79.75
24.8267,step,2,1250,1250,9.2903,8.4600,-0.5595,0.9589,79.75
24.8467,step,2,1250,1250,9.2903,8.4600,-0.3357,0.9589,79.75
24.8649,step,2,1250,1250,9.2903,8.4600,-0.3357,0.9589,79.75
24.8872,step,2,1250,1250,9.2693,8.4600,0.1119,0.9799,79.75
24.9051,step,2,1250,1250,9.2693,8.4600,0.1119,0.9799,79.75
24.9271,step,2,1250,1250,9.2483,8.4600,0.1119,1.0009,79.75
24.9471,step,2,1250,1250,9.2483,8.4600,0.1119,1.0009,79.75
24.9654,step,2,1250,1250,9.2483,8.4600,0.1119,1.0009,79.75
24.9870,step,2,1250,1250,9.2412,8.4600,0.2238,1.0079,79.75
25.0055,step,2,1250,1250,9.2412,8.4600,0.2238,1.0079,79.75
25.0269,step,2,1250,1250,9.2342,8.4600,0.2238,1.0149,79.75
25.0468,step,2,1250,1250,9.2342,8.4600,0.2238,1.0149,79.75
25.0657,step,2,1250,1250,9.2342,8.4600,0.2238,1.0149,79.75
25.0874,step,2,1250,1250,9.2342,8.4600,-0.0000,1.015,79.75
25.1045,step,2,1250,1250,9.2342,8.4600,-0.0000,1.015,79.75
25.1272,step,2,1250,1250,9.2132,8.4600,-0.0000,1.036,79.75
25.1468,step,2,1250,1250,9.2132,8.4600,-0.1119,1.036,79.75
25.1663,step,2,1250,1250,9.2132,8.4600,-0.1119,1.036,79.75
25.1895,step,2,1250,1250,9.1851,8.4600,-0.1119,1.064,79.75
25.2066,step,2,1250,1250,9.1851,8.4600,-0.1119,1.064,79.75
25.2271,step,2,1250,1250,9.1712,8.4600,-0.1119,1.078,79.75
25.2472,step,2,1250,1250,9.1712,8.4600,-0.1119,1.078,79.75
25.2667,step,2,1250,1250,9.1712,8.4600,-0.1119,1.078,79.75
25.2888,step,2,1250,1250,9.1641,8.4600,0.1119,1.085,79.75
25.3061,step,2,1250,1250,9.1641,8.4600,0.1119,1.085,79.75
25.3281,step,2,1250,1250,9.1571,8.4600,0.1119,1.092,79.75
25.3475,step,2,1250,1250,9.1571,8.4600,-0.1119,1.092,79.75
25.3664,step,2,1250,1250,9.1571,8.4600,-0.1119,1.092,79.75
25.3896,step,2,1250,1250,9.1501,8.4600,-0.1119,1.0991,79.75
25.4066,step,2,1250,1250,9.1501,8.4600,-0.1119,1.0991,79.75
25.4285,step,2,1250,1250,9.1361,8.4600,-0.1119,1.1131,79.75
25.4480,step,2,1250,1250,9.1361,8.4600,-0.1119,1.1131,79.75
25.4669,step,2,1250,1250,9.1361,8.4600,-0.1119,1.1131,79.75
25.4891,step,2,1250,1250,9.1290,8.4600,0.1119,1.1201,79.75
25.5064,step,2,1250,1250,9.1290,8.4600,0.1119,1.1201,79.75
25.5280,step,2,1250,1250,9.1220,8.4600,0.1119,1.1271,79.75
25.5481,step,2,1250,1250,9.1220,8.4600,-0.0000,1.1271,79.75
25.5667,step,2,1250,1250,9.1220,8.4600,-0.0000,1.1271,79.75
25.5893,step,2,1250,1250,9.1220,8.4600,-0.1119,1.1272,79.75
25.6068,step,2,1250,1250,9.1220,8.4600,-0.1119,1.1272,79.75
25.6283,step,2,1250,1250,9.1080,8.4600,-0.1119,1.1412,79.75
25.6484,step,2,1250,1250,9.1080,8.4600,-0.0000,1.1412,79.75
25.6667,step,2,1250,1250,9.1080,8.4600,-0.0000,1.1412,79.75
25.6893,step,2,1250,1250,9.1080,8.4600,-0.0000,1.1412,79.75
25.7068,step,2,1250,1250,9.1080,8.4600,-0.0000,1.1412,79.75
25.7283,step,2,1250,1250,9.1010,8.4600,-0.0000,1.1482,79.75
25.7483,step,2,1250,1250,9.1010,8.4600,-0.1119,1.1482,79.75
25.7671,step,2,1250,1250,9.1010,8.4600,-0.1119,1.1482,79.75
25.7893,step,2,1250,1250,9.1009,8.4600,-0.1119,1.1482,79.75
25.8073,step,2,1250,1250,9.1009,8.4600,-0.1119,1.1482,79.75
25.8290,step,2,1250,1250,9.0940,8.4600,-0.1119,1.1552,79.75
25.8489,step,2,1250,1250,9.0940,8.4600,-0.0000,1.1552,79.75
25.8675,step,2,1250,1250,9.0940,8.4600,-0.0000,1.1552,79.75
25.8901,step,2,1250,1250,9.0939,8.4600,-0.0000,1.1552,79.75
25.9076,step,2,1250,1250,9.0939,8.4600,-0.0000,1.1552,79.75
25.9289,step,2,1250,1250,9.0939,8.4600,-0.0000,1.1552,79.75
25.9488,step,2,1250,1250,9.0939,8.4600,0.1119,1.1552,79.75
25.9679,step,2,1250,1250,9.0939,8.4600,0.1119,1.1552,79.75
25.9901,step,2,1250,1250,9.0939,8.4600,-0.2238,1.1553,79.75
26.0081,step,2,1250,1250,9.0939,8.4600,-0.2238,1.1553,79.75
26.0303,step,2,1250,1250,9.0939,8.4600,-0.2238,1.1553,79.75
26.0482,step,2,1250,1250,9.0939,8.4600,-0.2238,1.1553,79.75
26.0683,step,2,1250,1250,9.0939,8.4600,-0.2238,1.1553,79.75
26.0919,step,2,1250,1250,9.0869,8.4600,-0.0000,1.1623,79.75
26.1085,step,2,1250,1250,9.0869,8.4600,-0.0000,1.1623,79.75
26.1320,step,2,1250,1250,9.0868,8.4600,-0.0000,1.1623,79.75
26.1487,step,2,1250,1250,9.0868,8.4600,-0.0000,1.1623,79.75
26.1703,step,2,1250,1250,9.0868,8.4600,-0.0000,1.1623,79.75
26.1899,step,2,1250,1250,9.0868,8.4600,0.1119,1.1623,79.75
26.2089,step,2,1250,1250,9.0868,8.4600,0.1119,1.1623,79.75
26.2352,step,2,1250,1250,9.0868,8.4600,-0.0000,1.1623,79.75
26.2515,step,2,1250,1250,9.0868,8.4600,-0.0000,1.1623,79.75
26.2722,step,2,1250,1250,9.0868,8.4600,-0.0000,1.1624,79.75
26.2940,step,2,1250,1250,9.0868,8.4600,0.1119,1.1624,79.75
26.3116,step,2,1250,1250,9.0868,8.4600,0.1119,1.1624,79.75
26.3345,step,2,1250,1250,9.0868,8.4600,-0.0000,1.1624,79.75
26.3519,step,2,1250,1250,9.0868,8.4600,-0.0000,1.1624,79.75
26.3733,step,2,1250,1250,9.0868,8.4600,-0.0000,1.1624,79.75
26.3944,step,2,1250,1250,9.0868,8.4600,-0.0000,1.1624,79.75
26.4120,step,2,1250,1250,9.0868,8.4600,-0.0000,1.1624,79.75
26.4357,step,2,1250,1250,9.0798,8.4600,-0.0000,1.1694,79.75
26.4521,step,2,1250,1250,9.0798,8.4600,-0.0000,1.1694,79.75
26.4757,step,2,1250,1250,9.0728,8.4600,-0.0000,1.1764,79.75
26.4948,step,2,1250,1250,9.0728,8.4600,0.1119,1.1764,79.75
26.5124,step,2,1250,1250,9.0728,8.4600,0.1119,1.1764,79.75
26.5353,step,2,1250,1250,9.0728,8.4600,-0.0000,1.1764,79.75
26.5526,step,2,1250,1250,9.0728,8.4600,-0.0000,1.1764,79.75
26.5746,step,2,1250,1250,9.0728,8.4600,-0.0000,1.1764,79.75
26.5952,step,2,1250,1250,9.0728,8.4600,-0.1119,1.1764,79.75
26.6128,step,2,1250,1250,9.0728,8.4600,-0.1119,1.1764,79.75
26.6358,step,2,1250,1250,9.0728,8.4600,0.1119,1.1764,79.75
26.6530,step,2,1250,1250,9.0728,8.4600,0.1119,1.1764,79.75
26.6757,step,2,1250,1250,9.0728,8.4600,0.1119,1.1764,79.75
26.6957,step,2,1250,1250,9.0728,8.4600,0.1119,1.1764,79.75
26.7132,step,2,1250,1250,9.0728,8.4600,0.1119,1.1764,79.75
26.7356,step,2,1250,1250,9.0727,8.4600,0.1119,1.1764,79.75
26.7534,step,2,1250,1250,9.0727,8.4600,0.1119,1.1764,79.75
26.7754,step,2,1250,1250,9.0727,8.4600,0.1119,1.1764,79.75
26.7954,step,2,1250,1250,9.0727,8.4600,-0.0000,1.1764,79.75
26.8137,step,2,1250,1250,9.0727,8.4600,-0.0000,1.1764,79.75
26.8360,step,2,1250,1250,9.0657,8.4600,-0.0000,1.1834,79.75
26.8538,step,2,1250,1250,9.0657,8.4600,-0.0000,1.1834,79.75
26.8763,step,2,1250,1250,9.0657,8.4600,-0.0000,1.1834,79.75
26.8959,step,2,1250,1250,9.0657,8.4600,0.1119,1.1834,79.75
26.9143,step,2,1250,1250,9.0657,8.4600,0.1119,1.1834,79.75
26.9377,step,2,1250,1250,9.0727,8.4600,-0.2238,1.1764,79.75
26.9548,step,2,1250,1250,9.0727,8.4600,-0.2238,1.1764,79.75
26.9768,step,2,1250,1250,9.0727,8.4600,-0.2238,1.1764,79.75
26.9965,step,2,1250,1250,9.0727,8.4600,-0.0000,1.1764,79.75
27.0155,step,2,1250,1250,9.0727,8.4600,-0.0000,1.1764,79.75
27.0389,step,2,1250,1250,9.0657,8.4600,-0.0000,1.1834,79.75
27.0558,step,2,1250,1250,9.0657,8.4600,-0.0000,1.1834,79.75
27.0770,step,2,1250,1250,9.0657,8.4600,-0.0000,1.1834,79.75
27.0961,step,2,1250,1250,9.0657,8.4600,-0.1119,1.1834,79.75
27.1157,step,2,1250,1250,9.0657,8.4600,-0.1119,1.1834,79.75
27.1378,step,2,1250,1250,9.0657,8.4600,-0.3357,1.1834,79.75
27.1558,step,2,1250,1250,9.0657,8.4600,-0.3357,1.1834,79.75
