t_s,iteration,psi_imu_deg,psi_enc_deg,psi_dot_dps,setpoint_deg,error_deg,u_norm,u_norm_unsat,u_p,u_d,u_g,pwm_target_us,pwm_actual_us,pitch_raw_deg
0.0000,1,-0.0000,-0.0000,-0.0000,5.00,5.0000,0.160142,0.160142,0.055556,0.000000,0.104587,1414,1497,-82.0149
0.0201,2,-0.0000,-0.0000,-0.0000,5.00,5.0000,0.160142,0.160142,0.055556,0.000000,0.104587,1414,1494,-82.0149
0.0402,3,-0.0000,-0.0000,-0.0000,5.00,5.0000,0.160142,0.160142,0.055556,0.000000,0.104587,1414,1491,-82.0149
0.0603,4,-0.0000,-0.0000,-0.0000,5.00,5.0000,0.160142,0.160142,0.055556,0.000000,0.104587,1414,1488,-82.0149
0.0804,5,-0.0000,-0.0000,-0.0000,5.00,5.0000,0.160142,0.160142,0.055556,0.000000,0.104587,1414,1485,-81.9943
0.1005,6,-0.0000,-0.0000,-0.0000,5.00,5.0000,0.160142,0.160142,0.055556,0.000000,0.104587,1414,1482,-81.9943
0.1206,7,-0.0000,-0.0000,-0.0000,5.00,5.0000,0.160142,0.160142,0.055556,0.000000,0.104587,1414,1479,-81.9943
0.1406,8,-0.0000,-0.0000,-0.0000,5.00,5.0000,0.160142,0.160142,0.055556,0.000000,0.104587,1414,1476,-82.0029
0.1607,9,-0.0000,-0.0000,-0.0000,5.00,5.0000,0.160142,0.160142,0.055556,0.000000,0.104587,1414,1473,-82.0029
0.1808,10,-0.0000,-0.0000,-0.0000,5.00,5.0000,0.160142,0.160142,0.055556,0.000000,0.104587,1414,1470,-81.9910
0.2009,11,-0.0000,-0.0000,-0.0000,5.00,5.0000,0.160142,0.160142,0.055556,0.000000,0.104587,1414,1467,-81.9910
0.2210,12,-0.0000,-0.0000,-0.0000,5.00,5.0000,0.160142,0.160142,0.055556,0.000000,0.104587,1414,1464,-81.9910
0.2411,13,-0.0000,-0.0000,-0.0000,5.00,5.0000,0.160142,0.160142,0.055556,0.000000,0.104587,1414,1461,-81.9943
0.2612,14,-0.0000,-0.0000,-0.0000,5.00,5.0000,0.160142,0.160142,0.055556,0.000000,0.104587,1414,1458,-81.9943
0.2813,15,-0.0000,-0.0000,-0.0000,5.00,5.0000,0.160142,0.160142,0.055556,0.000000,0.104587,1414,1455,-82.0145
0.3014,16,-0.0000,-0.0000,-0.0000,5.00,5.0000,0.160142,0.160142,0.055556,0.000000,0.104587,1414,1452,-82.0145
0.3215,17,-0.0000,-0.0000,-0.0000,5.00,5.0000,0.160142,0.160142,0.055556,0.000000,0.104587,1414,1449,-82.0145
0.3417,18,-0.0000,-0.0000,-0.0000,5.00,5.0000,0.160142,0.160142,0.055556,0.000000,0.104587,1414,1446,-82.0145
0.3618,19,-0.0000,-0.0000,-0.0000,5.00,5.0000,0.160142,0.160142,0.055556,0.000000,0.104587,1414,1443,-82.0145
0.3819,20,-0.0000,-0.0000,-0.0000,5.00,5.0000,0.160142,0.160142,0.055556,0.000000,0.104587,1414,1440,-82.0145
0.4020,21,-0.0000,-0.0000,-0.0000,5.00,5.0000,0.160142,0.160142,0.055556,0.000000,0.104587,1414,1437,-82.0145
0.4221,22,-0.0000,-0.0000,-0.0000,5.00,5.0000,0.160142,0.160142,0.055556,0.000000,0.104587,1414,1434,-82.0145
0.4422,23,-0.0000,-0.0000,-0.0000,5.00,5.0000,0.160142,0.160142,0.055556,0.000000,0.104587,1414,1431,-82.0145
0.4623,24,-0.0000,-0.0000,-0.0000,5.00,5.0000,0.160142,0.160142,0.055556,0.000000,0.104587,1414,1428,-82.0145
0.4824,25,-0.0000,-0.0000,-0.0000,5.00,5.0000,0.160142,0.160142,0.055556,0.000000,0.104587,1414,1425,-82.0145
0.5025,26,-0.0000,-0.0000,-0.0000,5.00,5.0000,0.160142,0.160142,0.055556,0.000000,0.104587,1414,1422,-82.0145
0.5226,27,-0.0000,-0.0000,-0.0000,5.00,5.0000,0.160142,0.160142,0.055556,0.000000,0.104587,1414,1419,-82.0145
0.5427,28,-0.0000,-0.0000,-0.0000,5.00,5.0000,0.160142,0.160142,0.055556,0.000000,0.104587,1414,1416,-82.0145
0.5628,29,-0.0000,-0.0000,-0.0000,5.00,5.0000,0.160142,0.160142,0.055556,0.000000,0.104587,1414,1414,-82.0145
0.5829,30,-0.0000,-0.0000,-0.3357,5.00,5.0000,0.163127,0.163127,0.055556,0.002984,0.104587,1413,1413,-81.9894
0.6030,31,-0.0000,-0.0000,-0.3357,5.00,5.0000,0.163127,0.163127,0.055556,0.002984,0.104587,1413,1413,-81.9894
0.6231,32,-0.0000,-0.0000,-0.3357,5.00,5.0000,0.163127,0.163127,0.055556,0.002984,0.104587,1413,1413,-81.9894
0.6432,33,-0.0000,-0.0000,-2.0143,5.00,5.0000,0.178047,0.178047,0.055556,0.017905,0.104587,1408,1410,-82.0436
0.6633,34,0.1800,0.1800,-2.0143,5.00,4.8200,0.176047,0.176047,0.053556,0.017905,0.104587,1408,1408,-82.0436
0.6834,35,0.1800,0.1800,-1.5667,5.00,4.8200,0.172069,0.172069,0.053556,0.013926,0.104587,1410,1410,-82.1123
0.7035,36,0.1800,0.1800,-1.5667,5.00,4.8200,0.172069,0.172069,0.053556,0.013926,0.104587,1410,1410,-82.1123
0.7236,37,0.1800,0.1800,-1.5667,5.00,4.8200,0.172069,0.172069,0.053556,0.013926,0.104587,1410,1410,-82.1968
0.7437,38,0.1800,0.3600,-2.0143,5.00,4.8200,0.176047,0.176047,0.053556,0.017905,0.104587,1408,1408,-82.1968
0.7639,39,0.3600,0.3600,-2.0143,5.00,4.6400,0.174047,0.174047,0.051556,0.017905,0.104587,1409,1409,-82.1968
0.7840,40,0.3600,0.3600,-2.0143,5.00,4.6400,0.174047,0.174047,0.051556,0.017905,0.104587,1409,1409,-82.3293
0.8041,41,0.3600,0.3600,-2.0143,5.00,4.6400,0.174047,0.174047,0.051556,0.017905,0.104587,1409,1409,-82.3293
0.8242,42,0.5400,0.5400,-2.0143,5.00,4.4600,0.172047,0.172047,0.049556,0.017905,0.104587,1410,1410,-82.4292
0.8443,43,0.5400,0.5400,-2.4619,5.00,4.4600,0.176026,0.176026,0.049556,0.021884,0.104587,1408,1408,-82.4292
0.8644,44,0.5400,0.5400,-2.4619,5.00,4.4600,0.176026,0.176026,0.049556,0.021884,0.104587,1408,1408,-82.4292
0.8845,45,0.5400,0.5400,-3.1334,5.00,4.4600,0.181995,0.181995,0.049556,0.027852,0.104587,1406,1406,-82.5238
0.9046,46,0.7200,0.7200,-3.1334,5.00,4.2800,0.179995,0.179995,0.047556,0.027852,0.104587,1407,1407,-82.5238
0.9247,47,0.7200,0.7200,-3.1334,5.00,4.2800,0.179995,0.179995,0.047556,0.027852,0.104587,1407,1407,-82.6443
0.9448,48,0.7200,0.7200,-2.3500,5.00,4.2800,0.173032,0.173032,0.047556,0.020889,0.104587,1410,1410,-82.6443
0.9649,49,0.9000,0.9000,-2.3500,5.00,4.1000,0.171032,0.171032,0.045556,0.020889,0.104587,1410,1410,-82.6443
0.9850,50,0.9000,0.9000,-2.4619,5.00,4.1000,0.172026,0.172026,0.045556,0.021884,0.104587,1410,1410,-82.8083
1.0051,51,0.9000,0.9000,-2.4619,5.00,4.1000,0.172026,0.172026,0.045556,0.021884,0.104587,1410,1410,-82.8083
1.0252,52,0.9000,0.9000,-2.4619,5.00,4.1000,0.172026,0.172026,0.045556,0.021884,0.104587,1410,1410,-82.9140
1.0453,53,1.0800,1.0800,-2.5738,5.00,3.9200,0.171021,0.171021,0.043556,0.022879,0.104587,1410,1410,-82.9140
1.0654,54,1.0800,1.0800,-2.5738,5.00,3.9200,0.171021,0.171021,0.043556,0.022879,0.104587,1410,1410,-82.9140
1.0855,55,1.0800,1.0800,-1.3429,5.00,3.9200,0.160079,0.160079,0.043556,0.011937,0.104587,1414,1413,-82.9966
1.1057,56,1.0800,1.0800,-1.3429,5.00,3.9200,0.160079,0.160079,0.043556,0.011937,0.104587,1414,1414,-82.9966
1.1258,57,1.0800,1.0800,-1.3429,5.00,3.9200,0.160079,0.160079,0.043556,0.011937,0.104587,1414,1414,-83.1093
1.1459,58,1.2600,1.2600,-1.1191,5.00,3.7400,0.156090,0.156090,0.041556,0.009947,0.104587,1416,1416,-83.1093
1.1660,59,1.2600,1.2600,-1.1191,5.00,3.7400,0.156090,0.156090,0.041556,0.009947,0.104587,1416,1416,-83.1093
1.1861,60,1.2600,1.2600,-0.3357,5.00,3.7400,0.149127,0.149127,0.041556,0.002984,0.104587,1419,1419,-83.1543
1.2062,61,1.2600,1.2600,-0.3357,5.00,3.7400,0.149127,0.149127,0.041556,0.002984,0.104587,1419,1419,-83.1543
1.2262,62,1.2600,1.2600,-0.3357,5.00,3.7400,0.149127,0.149127,0.041556,0.002984,0.104587,1419,1419,-83.1854
1.2464,63,1.2600,1.2600,-0.2238,5.00,3.7400,0.148132,0.148132,0.041556,0.001989,0.104587,1419,1419,-83.1854
1.2665,64,1.2600,1.2600,-0.2238,5.00,3.7400,0.148132,0.148132,0.041556,0.001989,0.104587,1419,1419,-83.1854
1.2865,65,1.2600,1.0800,0.7833,5.00,3.7400,0.139179,0.139179,0.041556,-0.006963,0.104587,1422,1422,-83.2132
1.3066,66,1.0800,1.0800,0.7833,5.00,3.9200,0.141179,0.141179,0.043556,-0.006963,0.104587,1422,1422,-83.2132
1.3267,67,1.0800,1.0800,0.7833,5.00,3.9200,0.141179,0.141179,0.043556,-0.006963,0.104587,1422,1422,-83.1542
1.3469,68,1.0800,1.0800,2.0143,5.00,3.9200,0.130238,0.130238,0.043556,-0.017905,0.104587,1426,1425,-83.1542
1.3670,69,1.0800,1.0800,2.0143,5.00,3.9200,0.130238,0.130238,0.043556,-0.017905,0.104587,1426,1426,-83.1542
1.3871,70,0.9000,0.9000,2.0143,5.00,4.1000,0.132238,0.132238,0.045556,-0.017905,0.104587,1425,1425,-83.0820
1.4072,71,0.9000,0.9000,2.0143,5.00,4.1000,0.132238,0.132238,0.045556,-0.017905,0.104587,1425,1425,-83.0820
1.4273,72,0.9000,0.9000,2.0143,5.00,4.1000,0.132238,0.132238,0.045556,-0.017905,0.104587,1425,1425,-82.9962
1.4474,73,0.9000,0.7200,2.9096,5.00,4.1000,0.124280,0.124280,0.045556,-0.025863,0.104587,1428,1428,-82.9962
1.4676,74,0.7200,0.7200,2.9096,5.00,4.2800,0.126280,0.126280,0.047556,-0.025863,0.104587,1427,1427,-82.9962
1.4877,75,0.7200,0.7200,3.5810,5.00,4.2800,0.120311,0.120311,0.047556,-0.031831,0.104587,1429,1429,-82.8636
1.5078,76,0.5400,0.5400,3.5810,5.00,4.4600,0.122311,0.122311,0.049556,-0.031831,0.104587,1429,1429,-82.8636
1.5279,77,0.5400,0.5400,3.5810,5.00,4.4600,0.122311,0.122311,0.049556,-0.031831,0.104587,1429,1429,-82.7347
1.5480,78,0.5400,0.5400,3.5810,5.00,4.4600,0.122311,0.122311,0.049556,-0.031831,0.104587,1429,1429,-82.7347
1.5681,79,0.3600,0.3600,3.5810,5.00,4.6400,0.124311,0.124311,0.051556,-0.031831,0.104587,1428,1428,-82.7347
1.5882,80,0.3600,0.3600,3.5810,5.00,4.6400,0.124311,0.124311,0.051556,-0.031831,0.104587,1428,1428,-82.5645
1.6082,81,0.1800,0.1800,3.5810,5.00,4.8200,0.126311,0.126311,0.053556,-0.031831,0.104587,1427,1427,-82.5645
1.6283,82,0.1800,0.1800,3.5810,5.00,4.8200,0.126311,0.126311,0.053556,-0.031831,0.104587,1427,1427,-82.4464
1.6484,83,0.1800,0.1800,2.9096,5.00,4.8200,0.132280,0.132280,0.053556,-0.025863,0.104587,1425,1425,-82.4464
1.6685,84,-0.0000,-0.0000,2.9096,5.00,5.0000,0.134280,0.134280,0.055556,-0.025863,0.104587,1424,1424,-82.4464
1.6886,85,-0.0000,-0.0000,3.5810,5.00,5.0000,0.128311,0.128311,0.055556,-0.031831,0.104587,1426,1426,-82.3446
1.7086,86,-0.0000,-0.0000,3.5810,5.00,5.0000,0.128311,0.128311,0.055556,-0.031831,0.104587,1426,1426,-82.3446
1.7287,87,-0.1800,-0.1800,3.5810,5.00,5.1800,0.130311,0.130311,0.057556,-0.031831,0.104587,1426,1426,-82.2004
1.7488,88,-0.1800,-0.1800,1.6786,5.00,5.1800,0.147222,0.147222,0.057556,-0.014921,0.104587,1419,1423,-82.2004
1.7689,89,-0.1800,-0.1800,1.6786,5.00,5.1800,0.147222,0.147222,0.057556,-0.014921,0.104587,1419,1420,-82.2004
1.7890,90,-0.1800,-0.1800,1.3429,5.00,5.1800,0.150206,0.150206,0.057556,-0.011937,0.104587,1418,1418,-82.1351
1.8090,91,-0.1800,-0.1800,1.3429,5.00,5.1800,0.150206,0.150206,0.057556,-0.011937,0.104587,1418,1418,-82.1351
1.8291,92,-0.1800,-0.1800,1.3429,5.00,5.1800,0.150206,0.150206,0.057556,-0.011937,0.104587,1418,1418,-82.0665
1.8492,93,-0.1800,-0.1800,0.6714,5.00,5.1800,0.156174,0.156174,0.057556,-0.005968,0.104587,1416,1416,-82.0665
1.8693,94,-0.1800,-0.1800,0.6714,5.00,5.1800,0.156174,0.156174,0.057556,-0.005968,0.104587,1416,1416,-82.0665
1.8894,95,-0.1800,-0.1800,-0.5595,5.00,5.1800,0.167116,0.167116,0.057556,0.004974,0.104587,1412,1413,-82.0508
1.9094,96,-0.1800,-0.1800,-0.5595,5.00,5.1800,0.167116,0.167116,0.057556,0.004974,0.104587,1412,1412,-82.0508
1.9295,97,-0.1800,-0.1800,-0.5595,5.00,5.1800,0.167116,0.167116,0.057556,0.004974,0.104587,1412,1412,-82.0808
1.9496,98,-0.1800,-0.1800,-1.5667,5.00,5.1800,0.176069,0.176069,0.057556,0.013926,0.104587,1408,1409,-82.0808
1.9697,99,-0.1800,-0.1800,-1.5667,5.00,5.1800,0.176069,0.176069,0.057556,0.013926,0.104587,1408,1408,-82.0808
1.9898,100,-0.0000,-0.0000,-2.2381,5.00,5.0000,0.180037,0.180037,0.055556,0.019894,0.104587,1407,1407,-82.1690
2.0098,101,-0.0000,-0.0000,-2.2381,5.00,5.0000,0.180037,0.180037,0.055556,0.019894,0.104587,1407,1407,-82.1690
2.0299,102,-0.0000,-0.0000,-2.2381,5.00,5.0000,0.180037,0.180037,0.055556,0.019894,0.104587,1407,1407,-82.3052
2.0500,103,0.1800,0.1800,-3.0215,5.00,4.8200,0.185000,0.185000,0.053556,0.026857,0.104587,1405,1405,-82.3052
2.0701,104,0.1800,0.1800,-3.0215,5.00,4.8200,0.185000,0.185000,0.053556,0.026857,0.104587,1405,1405,-82.3052
2.0901,105,0.1800,0.3600,-3.9167,5.00,4.8200,0.192958,0.192958,0.053556,0.034815,0.104587,1402,1402,-82.4571
2.1102,106,0.3600,0.3600,-3.9167,5.00,4.6400,0.190958,0.190958,0.051556,0.034815,0.104587,1403,1403,-82.4571
2.1303,107,0.3600,0.5400,-3.9167,5.00,4.6400,0.190958,0.190958,0.051556,0.034815,0.104587,1403,1403,-82.6354
2.1504,108,0.5400,0.5400,-4.7000,5.00,4.4600,0.195921,0.195921,0.049556,0.041778,0.104587,1401,1401,-82.6354
2.1704,109,0.7200,0.7200,-4.7000,5.00,4.2800,0.193921,0.193921,0.047556,0.041778,0.104587,1402,1402,-82.6354
2.1905,110,0.7200,0.7200,-4.3643,5.00,4.2800,0.190936,0.190936,0.047556,0.038794,0.104587,1403,1403,-82.7959
2.2106,111,0.9000,0.9000,-4.3643,5.00,4.1000,0.188936,0.188936,0.045556,0.038794,0.104587,1404,1404,-82.7959
2.2307,112,0.9000,0.9000,-4.3643,5.00,4.1000,0.188936,0.188936,0.045556,0.038794,0.104587,1404,1404,-83.0509
2.2508,113,1.0800,1.0800,-4.5881,5.00,3.9200,0.188926,0.188926,0.043556,0.040783,0.104587,1404,1404,-83.0509
2.2713,114,1.0800,1.0800,-4.5881,5.00,3.9200,0.188926,0.188926,0.043556,0.040783,0.104587,1404,1404,-83.0509
2.2914,115,1.2600,1.2600,-4.3643,5.00,3.7400,0.184936,0.184936,0.041556,0.038794,0.104587,1405,1405,-83.2376
2.3115,116,1.2600,1.2600,-4.3643,5.00,3.7400,0.184936,0.184936,0.041556,0.038794,0.104587,1405,1405,-83.2376
2.3316,117,1.4400,1.4400,-4.4762,5.00,3.5600,0.183931,0.183931,0.039556,0.039789,0.104587,1406,1406,-83.4259
2.3516,118,1.4400,1.4400,-4.4762,5.00,3.5600,0.183931,0.183931,0.039556,0.039789,0.104587,1406,1406,-83.4259
2.3717,119,1.6200,1.6200,-4.4762,5.00,3.3800,0.181931,0.181931,0.037556,0.039789,0.104587,1406,1406,-83.6266
2.3918,120,1.6200,1.6200,-3.3572,5.00,3.3800,0.171984,0.171984,0.037556,0.029842,0.104587,1410,1409,-83.6266
2.4119,121,1.6200,1.6200,-3.3572,5.00,3.3800,0.171984,0.171984,0.037556,0.029842,0.104587,1410,1410,-83.6266
2.4320,122,1.8000,1.8000,-2.5738,5.00,3.2000,0.163021,0.163021,0.035556,0.022879,0.104587,1413,1413,-83.7951
2.4520,123,1.8000,1.8000,-2.5738,5.00,3.2000,0.163021,0.163021,0.035556,0.022879,0.104587,1413,1413,-83.7951
2.4721,124,1.8000,1.8000,-2.5738,5.00,3.2000,0.163021,0.163021,0.035556,0.022879,0.104587,1413,1413,-83.8603
2.4922,125,1.8000,1.8000,-1.2310,5.00,3.2000,0.151084,0.151084,0.035556,0.010942,0.104587,1418,1416,-83.8603
2.5123,126,1.8000,1.8000,-1.2310,5.00,3.2000,0.151084,0.151084,0.035556,0.010942,0.104587,1418,1418,-83.8603
2.5324,127,1.8000,1.8000,-0.0000,5.00,3.2000,0.140142,0.140142,0.035556,0.000000,0.104587,1422,1421,-83.9415
2.5524,128,1.8000,1.8000,-0.0000,5.00,3.2000,0.140142,0.140142,0.035556,0.000000,0.104587,1422,1422,-83.9415
2.5726,129,1.8000,1.8000,-0.0000,5.00,3.2000,0.140142,0.140142,0.035556,0.000000,0.104587,1422,1422,-83.9298
2.5927,130,1.8000,1.8000,1.5667,5.00,3.2000,0.126216,0.126216,0.035556,-0.013926,0.104587,1427,1425,-83.9298
2.6128,131,1.8000,1.8000,1.5667,5.00,3.2000,0.126216,0.126216,0.035556,-0.013926,0.104587,1427,1427,-83.9298
2.6329,132,1.8000,1.6200,3.2453,5.00,3.2000,0.111296,0.111296,0.035556,-0.028847,0.104587,1433,1430,-83.8659
2.6529,133,1.6200,1.6200,3.2453,5.00,3.3800,0.113296,0.113296,0.037556,-0.028847,0.104587,1432,1432,-83.8659
2.6730,134,1.6200,1.6200,3.2453,5.00,3.3800,0.113296,0.113296,0.037556,-0.028847,0.104587,1432,1432,-83.7032
2.6931,135,1.4400,1.4400,4.2524,5.00,3.5600,0.106343,0.106343,0.039556,-0.037799,0.104587,1435,1435,-83.7032
2.7132,136,1.4400,1.4400,4.2524,5.00,3.5600,0.106343,0.106343,0.039556,-0.037799,0.104587,1435,1435,-83.7032
2.7333,137,1.2600,1.2600,5.1477,5.00,3.7400,0.100385,0.100385,0.041556,-0.045757,0.104587,1437,1437,-83.5379
2.7533,138,1.0800,1.0800,5.1477,5.00,3.9200,0.102385,0.102385,0.043556,-0.045757,0.104587,1436,1436,-83.5379
2.7734,139,1.0800,1.0800,5.1477,5.00,3.9200,0.102385,0.102385,0.043556,-0.045757,0.104587,1436,1436,-83.2896
2.7935,140,0.9000,0.9000,6.2667,5.00,4.1000,0.094438,0.094438,0.045556,-0.055704,0.104587,1439,1439,-83.2896
2.8136,141,0.7200,0.7200,6.2667,5.00,4.2800,0.096438,0.096438,0.047556,-0.055704,0.104587,1438,1438,-83.2896
2.8337,142,0.5400,0.5400,6.9382,5.00,4.4600,0.092470,0.092470,0.049556,-0.061673,0.104587,1440,1440,-83.0377
2.8540,143,0.5400,0.5400,6.9382,5.00,4.4600,0.092470,0.092470,0.049556,-0.061673,0.104587,1440,1440,-83.0377
2.8741,144,0.3600,0.3600,6.9382,5.00,4.6400,0.094470,0.094470,0.051556,-0.061673,0.104587,1439,1439,-82.7415
2.8941,145,0.1800,0.1800,7.1620,5.00,4.8200,0.094480,0.094480,0.053556,-0.063662,0.104587,1439,1439,-82.7415
2.9142,146,-0.0000,-0.0000,7.1620,5.00,5.0000,0.096480,0.096480,0.055556,-0.063662,0.104587,1438,1438,-82.7415
2.9343,147,-0.1800,-0.1800,6.8263,5.00,5.1800,0.101465,0.101465,0.057556,-0.060678,0.104587,1436,1436,-82.4369
2.9544,148,-0.1800,-0.1800,6.8263,5.00,5.1800,0.101465,0.101465,0.057556,-0.060678,0.104587,1436,1436,-82.4369
2.9744,149,-0.3600,-0.3600,6.8263,5.00,5.3600,0.103465,0.103465,0.059556,-0.060678,0.104587,1436,1436,-82.1404
2.9945,150,-0.5400,-0.5400,6.2667,5.00,5.5400,0.110438,0.110438,0.061556,-0.055704,0.104587,1433,1433,-82.1404
3.0146,151,-0.5400,-0.5400,6.2667,5.00,5.5400,0.110438,0.110438,0.061556,-0.055704,0.104587,1433,1433,-82.1404
3.0347,152,-0.7200,-0.7200,5.4834,5.00,5.7200,0.119401,0.119401,0.063556,-0.048741,0.104587,1430,1430,-81.8711
3.0548,153,-0.9000,-0.9000,5.4834,5.00,5.9000,0.121401,0.121401,0.065556,-0.048741,0.104587,1429,1429,-81.8711
3.0749,154,-0.9000,-0.9000,5.4834,5.00,5.9000,0.121401,0.121401,0.065556,-0.048741,0.104587,1429,1429,-81.6380
3.0949,155,-0.9000,-1.0800,4.2524,5.00,5.9000,0.132343,0.132343,0.065556,-0.037799,0.104587,1425,1426,-81.6380
3.1150,156,-1.0800,-1.0800,4.2524,5.00,6.0800,0.134343,0.134343,0.067556,-0.037799,0.104587,1424,1424,-81.6380
3.1351,157,-1.0800,-1.0800,2.6857,5.00,6.0800,0.148269,0.148269,0.067556,-0.023873,0.104587,1419,1421,-81.4734
3.1552,158,-1.0800,-1.0800,2.6857,5.00,6.0800,0.148269,0.148269,0.067556,-0.023873,0.104587,1419,1419,-81.4734
3.1753,159,-1.0800,-1.2600,2.6857,5.00,6.0800,0.148269,0.148269,0.067556,-0.023873,0.104587,1419,1419,-81.3811
3.1953,160,-1.2600,-1.2600,1.5667,5.00,6.2600,0.160216,0.160216,0.069556,-0.013926,0.104587,1414,1416,-81.3811
3.2154,161,-1.2600,-1.2600,1.5667,5.00,6.2600,0.160216,0.160216,0.069556,-0.013926,0.104587,1414,1414,-81.3811
3.2355,162,-1.0800,-1.0800,-1.7905,5.00,6.0800,0.188058,0.188058,0.067556,0.015915,0.104587,1404,1411,-81.3884
3.2556,163,-1.0800,-1.0800,-1.7905,5.00,6.0800,0.188058,0.188058,0.067556,0.015915,0.104587,1404,1408,-81.3884
3.2757,164,-1.0800,-1.0800,-1.7905,5.00,6.0800,0.188058,0.188058,0.067556,0.015915,0.104587,1404,1405,-81.4476
3.2957,165,-0.9000,-0.9000,-3.0215,5.00,5.9000,0.197000,0.197000,0.065556,0.026857,0.104587,1401,1402,-81.4476
3.3158,166,-0.9000,-0.9000,-3.0215,5.00,5.9000,0.197000,0.197000,0.065556,0.026857,0.104587,1401,1401,-81.4476
3.3359,167,-0.7200,-0.7200,-5.0358,5.00,5.7200,0.212905,0.212905,0.063556,0.044762,0.104587,1395,1398,-81.6109
3.3560,168,-0.7200,-0.7200,-5.0358,5.00,5.7200,0.212905,0.212905,0.063556,0.044762,0.104587,1395,1395,-81.6109
3.3761,169,-0.5400,-0.5400,-5.0358,5.00,5.5400,0.210905,0.210905,0.061556,0.044762,0.104587,1395,1395,-81.8326
3.3961,170,-0.3600,-0.3600,-6.2667,5.00,5.3600,0.219847,0.219847,0.059556,0.055704,0.104587,1392,1392,-81.8326
3.4162,171,-0.1800,-0.1800,-6.2667,5.00,5.1800,0.217847,0.217847,0.057556,0.055704,0.104587,1393,1393,-81.8326
3.4363,172,-0.0000,-0.0000,-8.3929,5.00,5.0000,0.234746,0.234746,0.055556,0.074604,0.104587,1386,1390,-82.1488
3.4564,173,-0.0000,0.1800,-8.3929,5.00,5.0000,0.234746,0.234746,0.055556,0.074604,0.104587,1386,1387,-82.1488
3.4764,174,0.3600,0.3600,-8.3929,5.00,4.6400,0.230746,0.230746,0.051556,0.074604,0.104587,1388,1388,-82.5356
3.4965,175,0.5400,0.5400,-9.1763,5.00,4.4600,0.235709,0.235709,0.049556,0.081567,0.104587,1386,1386,-82.5356
3.5166,176,0.7200,0.7200,-9.1763,5.00,4.2800,0.233709,0.233709,0.047556,0.081567,0.104587,1387,1387,-82.5356
3.5366,177,0.9000,0.9000,-11.7501,5.00,4.1000,0.254588,0.254588,0.045556,0.104445,0.104587,1379,1384,-82.9449
3.5567,178,1.0800,1.0800,-11.7501,5.00,3.9200,0.252588,0.252588,0.043556,0.104445,0.104587,1380,1381,-82.9449
3.5768,179,1.2600,1.2600,-11.7501,5.00,3.7400,0.250588,0.250588,0.041556,0.104445,0.104587,1381,1381,-83.4060
3.5969,180,1.4400,1.6200,-8.7287,5.00,3.5600,0.221730,0.221730,0.039556,0.077588,0.104587,1391,1384,-83.4060
3.6169,181,1.8000,1.8000,-8.7287,5.00,3.2000,0.217730,0.217730,0.035556,0.077588,0.104587,1393,1387,-83.4060
3.6370,182,1.9800,1.9800,-7.0501,5.00,3.0200,0.200810,0.200810,0.033556,0.062667,0.104587,1399,1390,-83.8411
3.6571,183,2.1600,2.1600,-7.0501,5.00,2.8400,0.198810,0.198810,0.031556,0.062667,0.104587,1400,1393,-83.8411
3.6771,184,2.3400,2.3400,-7.0501,5.00,2.6600,0.196810,0.196810,0.029556,0.062667,0.104587,1401,1396,-84.1704
3.6972,185,2.5200,2.5200,-13.4287,5.00,2.4800,0.251509,0.251509,0.027556,0.119366,0.104587,1380,1393,-84.1704
3.7173,186,2.7000,2.7000,-13.4287,5.00,2.3000,0.249509,0.249509,0.025556,0.119366,0.104587,1381,1390,-84.1704
3.7374,187,2.8800,2.8800,-10.0715,5.00,2.1200,0.217667,0.217667,0.023556,0.089525,0.104587,1393,1393,-84.5758
3.7575,188,3.0600,3.0600,-10.0715,5.00,1.9400,0.215667,0.215667,0.021556,0.089525,0.104587,1394,1394,-84.5758
3.7776,189,3.2400,3.2400,-10.0715,5.00,1.7600,0.213667,0.213667,0.019556,0.089525,0.104587,1394,1394,-84.8957
3.7976,190,3.4200,3.4200,-10.2953,5.00,1.5800,0.213657,0.213657,0.017556,0.091514,0.104587,1394,1394,-84.8957
3.8177,191,3.4200,3.4200,-10.2953,5.00,1.5800,0.213657,0.213657,0.017556,0.091514,0.104587,1394,1394,-84.8957
3.8378,192,3.6000,3.6000,-3.8048,5.00,1.4000,0.153963,0.153963,0.015556,0.033820,0.104587,1417,1397,-85.1357
3.8579,193,3.6000,3.6000,-3.8048,5.00,1.4000,0.153963,0.153963,0.015556,0.033820,0.104587,1417,1400,-85.1357
3.8779,194,3.6000,3.6000,-3.8048,5.00,1.4000,0.153963,0.153963,0.015556,0.033820,0.104587,1417,1403,-85.3149
3.8980,195,3.6000,3.6000,-2.0143,5.00,1.4000,0.138047,0.138047,0.015556,0.017905,0.104587,1423,1406,-85.3149
3.9181,196,3.6000,3.6000,-2.0143,5.00,1.4000,0.138047,0.138047,0.015556,0.017905,0.104587,1423,1409,-85.3149
3.9382,197,3.6000,3.6000,-0.4476,5.00,1.4000,0.124121,0.124121,0.015556,0.003979,0.104587,1428,1412,-85.2939
3.9582,198,3.6000,3.6000,-0.4476,5.00,1.4000,0.124121,0.124121,0.015556,0.003979,0.104587,1428,1415,-85.2939
3.9783,199,3.4200,3.4200,4.2524,5.00,1.5800,0.084343,0.084343,0.017556,-0.037799,0.104587,1443,1418,-85.2013
3.9984,200,3.4200,3.4200,4.2524,5.00,1.5800,0.084343,0.084343,0.017556,-0.037799,0.104587,1443,1421,-85.2013
4.0185,201,3.2400,3.2400,4.2524,5.00,1.7600,0.086343,0.086343,0.019556,-0.037799,0.104587,1442,1424,-85.2013
4.0386,202,3.0600,3.0600,6.9382,5.00,1.9400,0.064470,0.064470,0.021556,-0.061673,0.104587,1450,1427,-85.0604
4.0586,203,3.0600,2.8800,6.9382,5.00,1.9400,0.064470,0.064470,0.021556,-0.061673,0.104587,1450,1430,-85.0604
4.0787,204,2.8800,2.7000,9.8477,5.00,2.1200,0.040607,0.040607,0.023556,-0.087535,0.104587,1459,1433,-84.7762
4.0988,205,2.5200,2.5200,9.8477,5.00,2.4800,0.044607,0.044607,0.027556,-0.087535,0.104587,1458,1436,-84.7762
4.1188,206,2.3400,2.3400,9.8477,5.00,2.6600,0.046607,0.046607,0.029556,-0.087535,0.104587,1457,1439,-84.3297
4.1389,207,2.1600,2.1600,11.3025,5.00,2.8400,0.035676,0.035676,0.031556,-0.100467,0.104587,1461,1442,-84.3297
4.1590,208,1.8000,1.8000,11.3025,5.00,3.2000,0.039676,0.039676,0.035556,-0.100467,0.104587,1460,1445,-84.3297
4.1791,209,1.6200,1.6200,13.3168,5.00,3.3800,0.023771,0.023771,0.037556,-0.118371,0.104587,1466,1448,-83.8571
4.1991,210,1.2600,1.2600,13.3168,5.00,3.7400,0.027771,0.027771,0.041556,-0.118371,0.104587,1464,1451,-83.8571
4.2192,211,1.0800,1.0800,13.3168,5.00,3.9200,0.029771,0.029771,0.043556,-0.118371,0.104587,1463,1454,-83.2735
4.2393,212,0.7200,0.7200,14.4359,5.00,4.2800,0.023824,0.023824,0.047556,-0.128319,0.104587,1466,1457,-83.2735
4.2593,213,0.3600,0.3600,14.4359,5.00,4.6400,0.027824,0.027824,0.051556,-0.128319,0.104587,1464,1460,-83.2735
4.2794,214,0.1800,-0.0000,15.3311,5.00,4.8200,0.021866,0.021866,0.053556,-0.136276,0.104587,1466,1463,-82.6050
4.2995,215,-0.1800,-0.1800,15.3311,5.00,5.1800,0.025866,0.025866,0.057556,-0.136276,0.104587,1465,1465,-82.6050
4.3195,216,-0.5400,-0.5400,15.3311,5.00,5.5400,0.029866,0.029866,0.061556,-0.136276,0.104587,1463,1463,-81.9367
4.3396,217,-0.7200,-0.9000,14.7716,5.00,5.7200,0.036840,0.036840,0.063556,-0.131303,0.104587,1461,1461,-81.9367
4.3597,218,-1.0800,-1.0800,14.7716,5.00,6.0800,0.040840,0.040840,0.067556,-0.131303,0.104587,1459,1459,-81.9367
4.3798,219,-1.4400,-1.4400,13.7644,5.00,6.4400,0.053792,0.053792,0.071556,-0.122350,0.104587,1454,1456,-81.2439
4.3998,220,-1.6200,-1.6200,13.7644,5.00,6.6200,0.055792,0.055792,0.073556,-0.122350,0.104587,1454,1454,-81.2439
4.4199,221,-1.8000,-1.9800,13.7644,5.00,6.8000,0.057792,0.057792,0.075556,-0.122350,0.104587,1453,1453,-80.6446
4.4400,222,-2.1600,-2.1600,11.8620,5.00,7.1600,0.078702,0.078702,0.079556,-0.105440,0.104587,1445,1450,-80.6446
4.4600,223,-2.3400,-2.3400,11.8620,5.00,7.3400,0.080702,0.080702,0.081556,-0.105440,0.104587,1444,1447,-80.6446
4.4801,224,-2.5200,-2.5200,9.0644,5.00,7.5200,0.107570,0.107570,0.083556,-0.080572,0.104587,1434,1444,-80.1390
4.5002,225,-2.7000,-2.7000,9.0644,5.00,7.7000,0.109570,0.109570,0.085556,-0.080572,0.104587,1433,1441,-80.1390
4.5204,226,-2.7000,-2.8800,9.0644,5.00,7.7000,0.109570,0.109570,0.085556,-0.080572,0.104587,1433,1438,-79.7321
4.5404,227,-2.8800,-2.8800,5.9310,5.00,7.8800,0.139422,0.139422,0.087556,-0.052720,0.104587,1422,1435,-79.7321
4.5605,228,-3.0600,-3.0600,5.9310,5.00,8.0600,0.141422,0.141422,0.089556,-0.052720,0.104587,1421,1432,-79.7321
4.5806,229,-3.0600,-3.0600,2.1262,5.00,8.0600,0.175243,0.175243,0.089556,-0.018900,0.104587,1409,1429,-79.5356
4.6007,230,-3.0600,-3.0600,2.1262,5.00,8.0600,0.175243,0.175243,0.089556,-0.018900,0.104587,1409,1426,-79.5356
4.6208,231,-3.0600,-3.0600,2.1262,5.00,8.0600,0.175243,0.175243,0.089556,-0.018900,0.104587,1409,1423,-79.4752
4.6409,232,-2.8800,-2.8800,-1.9024,5.00,7.8800,0.209053,0.209053,0.087556,0.016910,0.104587,1396,1420,-79.4752
4.6609,233,-2.8800,-2.8800,-1.9024,5.00,7.8800,0.209053,0.209053,0.087556,0.016910,0.104587,1396,1417,-79.4752
4.6810,234,-2.7000,-2.7000,-5.5953,5.00,7.7000,0.239878,0.239878,0.085556,0.049736,0.104587,1385,1414,-79.6141
4.7011,235,-2.7000,-2.7000,-5.5953,5.00,7.7000,0.239878,0.239878,0.085556,0.049736,0.104587,1385,1411,-79.6141
4.7212,236,-2.5200,-2.3400,-5.5953,5.00,7.5200,0.237878,0.237878,0.083556,0.049736,0.104587,1385,1408,-79.9172
4.7412,237,-2.3400,-2.1600,-8.5048,5.00,7.3400,0.261741,0.261741,0.081556,0.075599,0.104587,1376,1405,-79.9172
4.7614,238,-1.9800,-1.9800,-8.5048,5.00,6.9800,0.257741,0.257741,0.077556,0.075599,0.104587,1378,1402,-79.9172
4.7814,239,-1.8000,-1.8000,-11.9739,5.00,6.8000,0.286577,0.286577,0.075556,0.106435,0.104587,1367,1399,-80.3990
4.8015,240,-1.4400,-1.4400,-11.9739,5.00,6.4400,0.282577,0.282577,0.071556,0.106435,0.104587,1369,1396,-80.3990
4.8216,241,-1.2600,-1.2600,-11.9739,5.00,6.2600,0.280577,0.280577,0.069556,0.106435,0.104587,1369,1393,-81.0160
4.8417,242,-0.9000,-0.9000,-14.7716,5.00,5.9000,0.301445,0.301445,0.065556,0.131303,0.104587,1361,1390,-81.0160
4.8617,243,-0.5400,-0.5400,-14.7716,5.00,5.5400,0.297445,0.297445,0.061556,0.131303,0.104587,1363,1387,-81.0160
4.8818,244,-0.1800,-0.1800,-16.3382,5.00,5.1800,0.307371,0.307371,0.057556,0.145229,0.104587,1359,1384,-81.6929
4.9019,245,-0.0000,0.1800,-16.3382,5.00,5.0000,0.305371,0.305371,0.055556,0.145229,0.104587,1360,1381,-81.6929
4.9220,246,0.5400,0.5400,-16.3382,5.00,4.4600,0.299371,0.299371,0.049556,0.145229,0.104587,1362,1378,-82.4818
4.9421,247,0.9000,0.9000,-18.0168,5.00,4.1000,0.310292,0.310292,0.045556,0.160150,0.104587,1358,1375,-82.4818
4.9621,248,1.2600,1.2600,-18.0168,5.00,3.7400,0.306292,0.306292,0.041556,0.160150,0.104587,1360,1372,-82.4818
4.9822,249,1.6200,1.6200,-22.3812,5.00,3.3800,0.341086,0.341086,0.037556,0.198944,0.104587,1347,1369,-83.2771
5.0023,250,1.9800,1.9800,-22.3812,5.00,3.0200,0.337086,0.337086,0.033556,0.198944,0.104587,1348,1366,-83.2771
5.0223,251,2.3400,2.3400,-22.3812,5.00,2.6600,0.333086,0.333086,0.029556,0.198944,0.104587,1350,1363,-84.0528
5.0424,252,2.7000,2.7000,-21.7097,5.00,2.3000,0.323118,0.323118,0.025556,0.192975,0.104587,1353,1360,-84.0528
5.0625,253,3.0600,3.0600,-21.7097,5.00,1.9400,0.319118,0.319118,0.021556,0.192975,0.104587,1355,1357,-84.0528
5.0826,254,3.4200,3.4200,-18.2406,5.00,1.5800,0.284282,0.284282,0.017556,0.162139,0.104587,1368,1360,-84.8363
5.1026,255,3.7800,3.7800,-18.2406,5.00,1.2200,0.280282,0.280282,0.013556,0.162139,0.104587,1369,1363,-84.8363
5.1228,256,4.1400,4.1400,-18.2406,5.00,0.8600,0.276282,0.276282,0.009556,0.162139,0.104587,1371,1366,-85.4127
5.1428,257,4.3200,4.5000,-15.4430,5.00,0.6800,0.249414,0.249414,0.007556,0.137271,0.104587,1381,1369,-85.4127
5.1629,258,4.6800,4.6800,-15.4430,5.00,0.3200,0.245414,0.245414,0.003556,0.137271,0.104587,1382,1372,-85.4127
5.1830,259,4.8600,5.0400,-13.4287,5.00,0.1400,0.225509,0.225509,0.001556,0.119366,0.104587,1390,1375,-85.8905
5.2031,260,5.2200,5.2200,-13.4287,5.00,-0.2200,0.221509,0.221509,-0.002444,0.119366,0.104587,1391,1378,-85.8905
5.2231,261,5.4000,5.4000,-13.4287,5.00,-0.4000,0.219509,0.219509,-0.004444,0.119366,0.104587,1392,1381,-86.1849
5.2432,262,5.5800,5.5800,-10.0715,5.00,-0.5800,0.187667,0.187667,-0.006444,0.089525,0.104587,1404,1384,-86.1849
5.2633,263,5.7600,5.7600,-10.0715,5.00,-0.7600,0.185667,0.185667,-0.008444,0.089525,0.104587,1405,1387,-86.1849
5.2833,264,5.9400,5.9400,-5.7072,5.00,-0.9400,0.144873,0.144873,-0.010444,0.050731,0.104587,1420,1390,-86.3914
5.3034,265,5.9400,5.9400,-5.7072,5.00,-0.9400,0.144873,0.144873,-0.010444,0.050731,0.104587,1420,1393,-86.3914
5.3235,266,5.9400,5.9400,-5.7072,5.00,-0.9400,0.144873,0.144873,-0.010444,0.050731,0.104587,1420,1396,-86.5344
5.3436,267,5.9400,5.9400,-2.0143,5.00,-0.9400,0.112047,0.112047,-0.010444,0.017905,0.104587,1432,1399,-86.5344
5.3636,268,5.9400,5.9400,-2.0143,5.00,-0.9400,0.112047,0.112047,-0.010444,0.017905,0.104587,1432,1402,-86.5344
5.3837,269,5.9400,5.9400,6.2667,5.00,-0.9400,0.038438,0.038438,-0.010444,-0.055704,0.104587,1460,1405,-86.4527
5.4038,270,5.7600,5.7600,6.2667,5.00,-0.7600,0.040438,0.040438,-0.008444,-0.055704,0.104587,1459,1408,-86.4527
5.4239,271,5.5800,5.5800,6.2667,5.00,-0.5800,0.042438,0.042438,-0.006444,-0.055704,0.104587,1459,1411,-86.2747
5.4439,272,5.4000,5.4000,6.1548,5.00,-0.4000,0.045433,0.045433,-0.004444,-0.054710,0.104587,1457,1414,-86.2747
5.4640,273,5.2200,5.2200,6.1548,5.00,-0.2200,0.047433,0.047433,-0.002444,-0.054710,0.104587,1457,1417,-86.2747
5.4841,274,4.8600,4.8600,13.8763,5.00,0.1400,0.000000,-0.017203,0.001556,-0.123345,0.104587,1500,1420,-86.0808
5.5042,275,4.5000,4.5000,13.8763,5.00,0.5000,0.000000,-0.013203,0.005556,-0.123345,0.104587,1500,1423,-86.0808
5.5242,276,4.1400,4.1400,13.8763,5.00,0.8600,0.000000,-0.009203,0.009556,-0.123345,0.104587,1500,1426,-85.7240
5.5443,277,3.7800,3.7800,17.3454,5.00,1.2200,0.000000,-0.036039,0.013556,-0.154181,0.104587,1500,1429,-85.7240
5.5644,278,3.4200,3.4200,17.3454,5.00,1.5800,0.000000,-0.032039,0.017556,-0.154181,0.104587,1500,1432,-85.7240
5.5845,279,3.0600,2.8800,21.0383,5.00,1.9400,0.000000,-0.060865,0.021556,-0.187007,0.104587,1500,1435,-85.1133
5.6045,280,2.5200,2.5200,21.0383,5.00,2.4800,0.000000,-0.054865,0.027556,-0.187007,0.104587,1500,1438,-85.1133
5.6246,281,2.1600,1.9800,21.0383,5.00,2.8400,0.000000,-0.050865,0.031556,-0.187007,0.104587,1500,1441,-84.2827
5.6447,282,1.6200,1.6200,23.6121,5.00,3.3800,0.000000,-0.067743,0.037556,-0.209886,0.104587,1500,1444,-84.2827
5.6648,283,1.0800,1.0800,23.6121,5.00,3.9200,0.000000,-0.061743,0.043556,-0.209886,0.104587,1500,1447,-84.2827
5.6848,284,0.5400,0.5400,24.8431,5.00,4.4600,0.000000,-0.066685,0.049556,-0.220827,0.104587,1500,1450,-83.3036
5.7049,285,0.1800,-0.0000,24.8431,5.00,4.8200,0.000000,-0.062685,0.053556,-0.220827,0.104587,1500,1453,-83.3036
5.7250,286,-0.3600,-0.5400,24.8431,5.00,5.3600,0.000000,-0.056685,0.059556,-0.220827,0.104587,1500,1456,-82.1861
5.7451,287,-0.9000,-0.9000,24.9550,5.00,5.9000,0.000000,-0.051680,0.065556,-0.221822,0.104587,1500,1459,-82.1861
5.7651,288,-1.4400,-1.4400,24.9550,5.00,6.4400,0.000000,-0.045680,0.071556,-0.221822,0.104587,1500,1462,-82.1861
5.7852,289,-1.8000,-1.9800,23.5002,5.00,6.8000,0.000000,-0.028748,0.075556,-0.208891,0.104587,1500,1465,-81.0768
5.8053,290,-2.3400,-2.3400,23.5002,5.00,7.3400,0.000000,-0.022748,0.081556,-0.208891,0.104587,1500,1468,-81.0768
5.8254,291,-2.7000,-2.8800,23.5002,5.00,7.7000,0.000000,-0.018748,0.085556,-0.208891,0.104587,1500,1471,-80.0109
5.8455,292,-3.0600,-3.0600,21.1502,5.00,8.0600,0.006141,0.006141,0.089556,-0.188002,0.104587,1472,1472,-80.0109
5.8655,293,-3.6000,-3.6000,21.1502,5.00,8.6000,0.012141,0.012141,0.095556,-0.188002,0.104587,1470,1470,-80.0109
5.8856,294,-3.7800,-3.9600,17.3454,5.00,8.7800,0.047961,0.047961,0.097556,-0.154181,0.104587,1457,1467,-79.0701
5.9057,295,-4.1400,-4.1400,17.3454,5.00,9.1400,0.051961,0.051961,0.101556,-0.154181,0.104587,1455,1464,-79.0701
5.9258,296,-4.5000,-4.5000,12.6454,5.00,9.5000,0.097739,0.097739,0.105556,-0.112403,0.104587,1438,1461,-78.3323
5.9458,297,-4.6800,-4.6800,12.6454,5.00,9.6800,0.099739,0.099739,0.107556,-0.112403,0.104587,1437,1458,-78.3323
5.9659,298,-4.8600,-4.8600,12.6454,5.00,9.8600,0.101739,0.101739,0.109556,-0.112403,0.104587,1436,1455,-78.3323
5.9860,299,-4.8600,-4.8600,7.1620,5.00,9.8600,0.150480,0.150480,0.109556,-0.063662,0.104587,1418,1452,-77.8060
6.0061,300,-5.0400,-5.0400,7.1620,5.00,10.0400,0.152480,0.152480,0.111556,-0.063662,0.104587,1417,1449,-77.8060
6.0262,301,-5.0400,-5.0400,1.1191,5.00,10.0400,0.206195,0.206195,0.111556,-0.009947,0.104587,1397,1446,-77.5530
6.0463,302,-5.0400,-5.0400,1.1191,5.00,10.0400,0.206195,0.206195,0.111556,-0.009947,0.104587,1397,1443,-77.5530
6.0663,303,-4.8600,-4.8600,1.1191,5.00,9.8600,0.204195,0.204195,0.109556,-0.009947,0.104587,1398,1440,-77.5965
6.0864,304,-4.8600,-4.8600,-4.7000,5.00,9.8600,0.255921,0.255921,0.109556,0.041778,0.104587,1379,1437,-77.5965
6.1065,305,-4.6800,-4.6800,-4.7000,5.00,9.6800,0.253921,0.253921,0.107556,0.041778,0.104587,1379,1434,-77.5965
6.1266,306,-4.5000,-4.3200,-10.2953,5.00,9.5000,0.301657,0.301657,0.105556,0.091514,0.104587,1361,1431,-77.9336
6.1467,307,-4.1400,-4.1400,-10.2953,5.00,9.1400,0.297657,0.297657,0.101556,0.091514,0.104587,1363,1428,-77.9336
6.1668,308,-3.9600,-3.7800,-10.2953,5.00,8.9600,0.295657,0.295657,0.099556,0.091514,0.104587,1364,1425,-78.5028
6.1868,309,-3.6000,-3.4200,-15.7787,5.00,8.6000,0.340398,0.340398,0.095556,0.140255,0.104587,1347,1422,-78.5028
6.2069,310,-3.2400,-3.2400,-15.7787,5.00,8.2400,0.336398,0.336398,0.091556,0.140255,0.104587,1348,1419,-78.5028
6.2270,311,-2.8800,-2.7000,-19.4716,5.00,7.8800,0.365223,0.365223,0.087556,0.173081,0.104587,1338,1416,-79.3086
6.2471,312,-2.3400,-2.3400,-19.4716,5.00,7.3400,0.359223,0.359223,0.081556,0.173081,0.104587,1340,1413,-79.3086
6.2672,313,-1.9800,-1.8000,-19.4716,5.00,6.9800,0.355223,0.355223,0.077556,0.173081,0.104587,1341,1410,-80.3147
6.2872,314,-1.4400,-1.2600,-22.1574,5.00,6.4400,0.373097,0.373097,0.071556,0.196954,0.104587,1335,1407,-80.3147
6.3073,315,-0.9000,-0.9000,-22.1574,5.00,5.9000,0.367097,0.367097,0.065556,0.196954,0.104587,1337,1404,-80.3147
6.3274,316,-0.3600,-0.3600,-25.2907,5.00,5.3600,0.388949,0.388949,0.059556,0.224806,0.104587,1329,1401,-81.4034
6.3475,317,-0.0000,-0.0000,-25.2907,5.00,5.0000,0.384949,0.384949,0.055556,0.224806,0.104587,1330,1398,-81.4034
6.3675,318,0.5400,0.7200,-25.2907,5.00,4.4600,0.378949,0.378949,0.049556,0.224806,0.104587,1332,1395,-82.5082
6.3876,319,1.0800,1.2600,-25.6264,5.00,3.9200,0.375933,0.375933,0.043556,0.227791,0.104587,1334,1392,-82.5082
6.4077,320,1.6200,1.6200,-25.6264,5.00,3.3800,0.369933,0.369933,0.037556,0.227791,0.104587,1336,1389,-82.5082
6.4278,321,2.1600,2.1600,-24.6193,5.00,2.8400,0.354980,0.354980,0.031556,0.218838,0.104587,1341,1386,-83.6612
6.4479,322,2.5200,2.7000,-24.6193,5.00,2.4800,0.350980,0.350980,0.027556,0.218838,0.104587,1343,1383,-83.6612
6.4680,323,3.0600,3.2400,-24.6193,5.00,1.9400,0.344980,0.344980,0.021556,0.218838,0.104587,1345,1380,-84.5897
6.4888,324,3.4200,3.6000,-23.8359,5.00,1.5800,0.334017,0.334017,0.017556,0.211875,0.104587,1349,1377,-84.5897
6.5089,325,3.9600,3.9600,-23.8359,5.00,1.0400,0.328017,0.328017,0.011556,0.211875,0.104587,1351,1374,-84.5897
6.5290,326,4.3200,4.5000,-18.2406,5.00,0.6800,0.274282,0.274282,0.007556,0.162139,0.104587,1372,1372,-85.4689
6.5492,327,4.6800,4.6800,-18.2406,5.00,0.3200,0.270282,0.270282,0.003556,0.162139,0.104587,1373,1373,-85.4689
6.5695,328,5.0400,5.2200,-18.2406,5.00,-0.0400,0.266282,0.266282,-0.000444,0.162139,0.104587,1375,1375,-86.0671
6.5896,329,5.4000,5.4000,-12.7573,5.00,-0.4000,0.213540,0.213540,-0.004444,0.113398,0.104587,1394,1378,-86.0671
6.6096,330,5.5800,5.7600,-12.7573,5.00,-0.5800,0.211540,0.211540,-0.006444,0.113398,0.104587,1395,1381,-86.0671
6.6297,331,5.9400,5.9400,-13.7644,5.00,-0.9400,0.216493,0.216493,-0.010444,0.122350,0.104587,1393,1384,-86.2281
6.6498,332,6.1200,6.1200,-13.7644,5.00,-1.1200,0.214493,0.214493,-0.012444,0.122350,0.104587,1394,1387,-86.2281
6.6699,333,6.3000,6.3000,-13.7644,5.00,-1.3000,0.212493,0.212493,-0.014444,0.122350,0.104587,1395,1390,-86.4233
6.6900,334,6.4800,6.4800,-4.1405,5.00,-1.4800,0.124947,0.124947,-0.016444,0.036805,0.104587,1428,1393,-86.4233
6.7101,335,6.4800,6.4800,-4.1405,5.00,-1.4800,0.124947,0.124947,-0.016444,0.036805,0.104587,1428,1396,-86.4233
6.7301,336,6.4800,6.4800,0.2238,5.00,-1.4800,0.086153,0.086153,-0.016444,-0.001989,0.104587,1442,1399,-86.4428
6.7502,337,6.4800,6.4800,0.2238,5.00,-1.4800,0.086153,0.086153,-0.016444,-0.001989,0.104587,1442,1402,-86.4428
6.7703,338,6.4800,6.3000,0.2238,5.00,-1.4800,0.086153,0.086153,-0.016444,-0.001989,0.104587,1442,1405,-86.5074
6.7904,339,6.3000,6.3000,3.1334,5.00,-1.3000,0.062290,0.062290,-0.014444,-0.027852,0.104587,1451,1408,-86.5074
6.8105,340,6.1200,6.1200,3.1334,5.00,-1.1200,0.064290,0.064290,-0.012444,-0.027852,0.104587,1450,1411,-86.5074
6.8306,341,5.9400,5.9400,10.9668,5.00,-0.9400,0.000000,-0.003340,-0.010444,-0.097482,0.104587,1500,1414,-86.3923
6.8506,342,5.5800,5.5800,10.9668,5.00,-0.5800,0.000660,0.000660,-0.006444,-0.097482,0.104587,1474,1417,-86.3923
6.8707,343,5.4000,5.4000,10.9668,5.00,-0.4000,0.002660,0.002660,-0.004444,-0.097482,0.104587,1474,1420,-86.2159
6.8909,344,5.0400,5.0400,15.1073,5.00,-0.0400,0.000000,-0.030145,-0.000444,-0.134287,0.104587,1500,1423,-86.2159
6.9110,345,4.6800,4.6800,15.1073,5.00,0.3200,0.000000,-0.026145,0.003556,-0.134287,0.104587,1500,1426,-86.2159
6.9311,346,4.3200,4.1400,19.8073,5.00,0.6800,0.000000,-0.063923,0.007556,-0.176065,0.104587,1500,1429,-85.8586
6.9512,347,3.7800,3.7800,19.8073,5.00,1.2200,0.000000,-0.057923,0.013556,-0.176065,0.104587,1500,1432,-85.8586
6.9712,348,3.4200,3.2400,19.8073,5.00,1.5800,0.000000,-0.053923,0.017556,-0.176065,0.104587,1500,1435,-85.2478
6.9913,349,2.8800,2.8800,23.0526,5.00,2.1200,0.000000,-0.076770,0.023556,-0.204912,0.104587,1500,1438,-85.2478
7.0114,350,2.3400,2.3400,23.0526,5.00,2.6600,0.000000,-0.070770,0.029556,-0.204912,0.104587,1500,1441,-85.2478
7.0315,351,1.8000,1.8000,25.9622,5.00,3.2000,0.000000,-0.090632,0.035556,-0.230775,0.104587,1500,1444,-84.3132
7.0515,352,1.2600,1.2600,25.9622,5.00,3.7400,0.000000,-0.084632,0.041556,-0.230775,0.104587,1500,1447,-84.3132
7.0716,353,0.7200,0.7200,25.9622,5.00,4.2800,0.000000,-0.078632,0.047556,-0.230775,0.104587,1500,1450,-83.2251
7.0917,354,0.1800,0.1800,27.4169,5.00,4.8200,0.000000,-0.085564,0.053556,-0.243706,0.104587,1500,1453,-83.2251
7.1117,355,-0.3600,-0.3600,27.4169,5.00,5.3600,0.000000,-0.079564,0.059556,-0.243706,0.104587,1500,1456,-83.2251
7.1318,356,-0.9000,-0.9000,26.9693,5.00,5.9000,0.000000,-0.069585,0.065556,-0.239727,0.104587,1500,1459,-82.0435
7.1519,357,-1.4400,-1.4400,26.9693,5.00,6.4400,0.000000,-0.063585,0.071556,-0.239727,0.104587,1500,1462,-82.0435
7.1719,358,-1.9800,-1.9800,26.9693,5.00,6.9800,0.000000,-0.057585,0.077556,-0.239727,0.104587,1500,1465,-80.8201
7.1920,359,-2.5200,-2.5200,25.5145,5.00,7.5200,0.000000,-0.038653,0.083556,-0.226796,0.104587,1500,1468,-80.8201
7.2121,360,-2.8800,-2.8800,25.5145,5.00,7.8800,0.000000,-0.034653,0.087556,-0.226796,0.104587,1500,1471,-80.8201
7.2322,361,-3.4200,-3.4200,22.6050,5.00,8.4200,0.000000,-0.002791,0.093556,-0.200933,0.104587,1500,1474,-79.6856
7.2525,362,-3.7800,-3.7800,22.6050,5.00,8.7800,0.001209,0.001209,0.097556,-0.200933,0.104587,1474,1474,-79.6856
7.2726,363,-4.1400,-4.1400,22.6050,5.00,9.1400,0.005209,0.005209,0.101556,-0.200933,0.104587,1473,1473,-78.6871
7.2927,364,-4.5000,-4.5000,18.2406,5.00,9.5000,0.048003,0.048003,0.105556,-0.162139,0.104587,1456,1470,-78.6871
7.3128,365,-4.6800,-4.8600,18.2406,5.00,9.6800,0.050003,0.050003,0.107556,-0.162139,0.104587,1456,1467,-78.6871
7.3329,366,-5.0400,-5.0400,12.7573,5.00,10.0400,0.102745,0.102745,0.111556,-0.113398,0.104587,1436,1464,-77.9023
7.3530,367,-5.2200,-5.2200,12.7573,5.00,10.2200,0.104745,0.104745,0.113556,-0.113398,0.104587,1435,1461,-77.9023
7.3730,368,-5.4000,-5.4000,12.7573,5.00,10.4000,0.106745,0.106745,0.115556,-0.113398,0.104587,1434,1458,-77.3966
7.3931,369,-5.4000,-5.4000,6.9382,5.00,10.4000,0.158470,0.158470,0.115556,-0.061673,0.104587,1415,1455,-77.3966
7.4132,370,-5.4000,-5.4000,6.9382,5.00,10.4000,0.158470,0.158470,0.115556,-0.061673,0.104587,1415,1452,-77.3966
7.4333,371,-5.4000,-5.4000,0.4476,5.00,10.4000,0.216164,0.216164,0.115556,-0.003979,0.104587,1393,1449,-77.1585
7.4533,372,-5.4000,-5.4000,0.4476,5.00,10.4000,0.216164,0.216164,0.115556,-0.003979,0.104587,1393,1446,-77.1585
7.4734,373,-5.2200,-5.2200,-6.2667,5.00,10.2200,0.273847,0.273847,0.113556,0.055704,0.104587,1372,1443,-77.2335
7.4935,374,-5.0400,-5.0400,-6.2667,5.00,10.0400,0.271847,0.271847,0.111556,0.055704,0.104587,1373,1440,-77.2335
7.5136,375,-4.8600,-4.8600,-6.2667,5.00,9.8600,0.269847,0.269847,0.109556,0.055704,0.104587,1373,1437,-77.2335
7.5337,376,-4.6800,-4.5000,-12.1977,5.00,9.6800,0.320567,0.320567,0.107556,0.108424,0.104587,1354,1434,-77.6575
7.5538,377,-4.3200,-4.3200,-12.1977,5.00,9.3200,0.316567,0.316567,0.103556,0.108424,0.104587,1356,1431,-77.6575
7.5738,378,-3.9600,-3.9600,-17.3454,5.00,8.9600,0.358324,0.358324,0.099556,0.154181,0.104587,1340,1428,-78.3014
7.5939,379,-3.6000,-3.6000,-17.3454,5.00,8.6000,0.354324,0.354324,0.095556,0.154181,0.104587,1342,1425,-78.3014
7.6140,380,-3.2400,-3.0600,-17.3454,5.00,8.2400,0.350324,0.350324,0.091556,0.154181,0.104587,1343,1422,-79.1884
7.6341,381,-2.7000,-2.7000,-21.3740,5.00,7.7000,0.380134,0.380134,0.085556,0.189991,0.104587,1332,1419,-79.1884
7.6541,382,-2.1600,-2.1600,-21.3740,5.00,7.1600,0.374134,0.374134,0.079556,0.189991,0.104587,1334,1416,-79.1884
7.6742,383,-1.8000,-1.6200,-24.2836,5.00,6.8000,0.395996,0.395996,0.075556,0.215854,0.104587,1326,1413,-80.2617
7.6943,384,-1.2600,-1.2600,-24.2836,5.00,6.2600,0.389996,0.389996,0.069556,0.215854,0.104587,1328,1410,-80.2617
7.7143,385,-0.7200,-0.7200,-24.2836,5.00,5.7200,0.383996,0.383996,0.063556,0.215854,0.104587,1331,1407,-81.3982
7.7344,386,-0.1800,-0.1800,-25.7383,5.00,5.1800,0.390928,0.390928,0.057556,0.228785,0.104587,1328,1404,-81.3982
7.7546,387,0.3600,0.3600,-25.7383,5.00,4.6400,0.384928,0.384928,0.051556,0.228785,0.104587,1330,1401,-81.3982
7.7746,388,0.9000,0.9000,-25.7383,5.00,4.1000,0.378928,0.378928,0.045556,0.228785,0.104587,1332,1398,-82.5772
7.7947,389,1.2600,1.4400,-25.7383,5.00,3.7400,0.374928,0.374928,0.041556,0.228785,0.104587,1334,1395,-82.5772
7.8148,390,1.8000,1.9800,-25.7383,5.00,3.2000,0.368928,0.368928,0.035556,0.228785,0.104587,1336,1392,-83.7049
7.8349,391,2.3400,2.3400,-24.9550,5.00,2.6600,0.355965,0.355965,0.029556,0.221822,0.104587,1341,1389,-83.7049
7.8550,392,2.7000,2.8800,-24.9550,5.00,2.3000,0.351965,0.351965,0.025556,0.221822,0.104587,1343,1386,-83.7049
7.8751,393,3.2400,3.4200,-22.3812,5.00,1.7600,0.323086,0.323086,0.019556,0.198944,0.104587,1353,1383,-84.6547
7.8951,394,3.6000,3.7800,-22.3812,5.00,1.4000,0.319086,0.319086,0.015556,0.198944,0.104587,1355,1380,-84.6547
7.9152,395,4.1400,4.1400,-22.3812,5.00,0.8600,0.313086,0.313086,0.009556,0.198944,0.104587,1357,1377,-85.3591
7.9353,396,4.5000,4.5000,-19.4716,5.00,0.5000,0.283223,0.283223,0.005556,0.173081,0.104587,1368,1374,-85.3591
7.9554,397,4.6800,4.8600,-19.4716,5.00,0.3200,0.281223,0.281223,0.003556,0.173081,0.104587,1369,1371,-85.3591
7.9754,398,5.0400,5.2200,-16.3382,5.00,-0.0400,0.249371,0.249371,-0.000444,0.145229,0.104587,1381,1374,-85.9597
7.9955,399,5.4000,5.4000,-16.3382,5.00,-0.4000,0.245371,0.245371,-0.004444,0.145229,0.104587,1382,1377,-85.9597
8.0156,400,5.5800,5.5800,-16.3382,5.00,-0.5800,0.243371,0.243371,-0.006444,0.145229,0.104587,1383,1380,-86.2171
8.0357,401,5.7600,5.7600,-13.8763,5.00,-0.7600,0.219488,0.219488,-0.008444,0.123345,0.104587,1392,1383,-86.2171
8.0557,402,5.9400,5.9400,-13.8763,5.00,-0.9400,0.217488,0.217488,-0.010444,0.123345,0.104587,1393,1386,-86.2171
8.0758,403,5.9400,6.1200,-7.1620,5.00,-0.9400,0.157804,0.157804,-0.010444,0.063662,0.104587,1415,1389,-86.4951
8.0959,404,6.1200,6.1200,-7.1620,5.00,-1.1200,0.155804,0.155804,-0.012444,0.063662,0.104587,1416,1392,-86.4951
8.1160,405,6.1200,6.1200,-7.1620,5.00,-1.1200,0.155804,0.155804,-0.012444,0.063662,0.104587,1416,1395,-86.5616
8.1361,406,6.1200,6.1200,1.3429,5.00,-1.1200,0.080206,0.080206,-0.012444,-0.011937,0.104587,1444,1398,-86.5616
8.1561,407,6.1200,6.1200,1.3429,5.00,-1.1200,0.080206,0.080206,-0.012444,-0.011937,0.104587,1444,1401,-86.5616
8.1762,408,5.9400,5.9400,7.1620,5.00,-0.9400,0.030480,0.030480,-0.010444,-0.063662,0.104587,1463,1404,-86.5008
8.1963,409,5.7600,5.7600,7.1620,5.00,-0.7600,0.032480,0.032480,-0.008444,-0.063662,0.104587,1462,1407,-86.5008
8.2164,410,5.5800,5.5800,7.1620,5.00,-0.5800,0.034480,0.034480,-0.006444,-0.063662,0.104587,1462,1410,-86.3440
8.2364,411,5.4000,5.4000,11.8620,5.00,-0.4000,0.000000,-0.005298,-0.004444,-0.105440,0.104587,1500,1413,-86.3440
8.2566,412,5.2200,5.0400,11.8620,5.00,-0.2200,0.000000,-0.003298,-0.002444,-0.105440,0.104587,1500,1416,-86.3440
8.2767,413,4.8600,4.6800,15.3311,5.00,0.1400,0.000000,-0.030134,0.001556,-0.136276,0.104587,1500,1419,-86.1068
8.2967,414,4.5000,4.5000,15.3311,5.00,0.5000,0.000000,-0.026134,0.005556,-0.136276,0.104587,1500,1422,-86.1068
8.3168,415,4.1400,4.1400,15.3311,5.00,0.8600,0.000000,-0.022134,0.009556,-0.136276,0.104587,1500,1425,-85.7659
8.3369,416,3.7800,3.6000,18.6883,5.00,1.2200,0.000000,-0.047976,0.013556,-0.166118,0.104587,1500,1428,-85.7659
8.3570,417,3.4200,3.2400,18.6883,5.00,1.5800,0.000000,-0.043976,0.017556,-0.166118,0.104587,1500,1431,-85.7659
8.3770,418,2.8800,2.8800,21.4859,5.00,2.1200,0.000000,-0.062843,0.023556,-0.190986,0.104587,1500,1434,-85.1111
8.3971,419,2.3400,2.3400,21.4859,5.00,2.6600,0.000000,-0.056843,0.029556,-0.190986,0.104587,1500,1437,-85.1111
8.4172,420,1.9800,1.8000,21.4859,5.00,3.0200,0.000000,-0.052843,0.033556,-0.190986,0.104587,1500,1440,-84.2887
8.4373,421,1.4400,1.2600,24.0598,5.00,3.5600,0.000000,-0.069722,0.039556,-0.213864,0.104587,1500,1443,-84.2887
8.4573,422,0.9000,0.9000,24.0598,5.00,4.1000,0.000000,-0.063722,0.045556,-0.213864,0.104587,1500,1446,-84.2887
8.4774,423,0.3600,0.3600,24.7312,5.00,4.6400,0.000000,-0.063690,0.051556,-0.219833,0.104587,1500,1449,-83.2743
8.4975,424,-0.1800,-0.1800,24.7312,5.00,5.1800,0.000000,-0.057690,0.057556,-0.219833,0.104587,1500,1452,-83.2743
8.5175,425,-0.5400,-0.7200,24.7312,5.00,5.5400,0.000000,-0.053690,0.061556,-0.219833,0.104587,1500,1455,-82.1572
8.5376,426,-1.0800,-1.0800,24.9550,5.00,6.0800,0.000000,-0.049680,0.067556,-0.221822,0.104587,1500,1458,-82.1572
8.5577,427,-1.6200,-1.6200,24.9550,5.00,6.6200,0.000000,-0.043680,0.073556,-0.221822,0.104587,1500,1461,-82.1572
8.5778,428,-1.9800,-2.1600,23.2764,5.00,6.9800,0.000000,-0.024759,0.077556,-0.206901,0.104587,1500,1464,-81.0318
8.5979,429,-2.5200,-2.5200,23.2764,5.00,7.5200,0.000000,-0.018759,0.083556,-0.206901,0.104587,1500,1467,-81.0318
8.6179,430,-2.8800,-2.8800,23.2764,5.00,7.8800,0.000000,-0.014759,0.087556,-0.206901,0.104587,1500,1470,-80.0099
8.6380,431,-3.2400,-3.4200,20.4788,5.00,8.2400,0.014109,0.014109,0.091556,-0.182033,0.104587,1469,1469,-80.0099
8.6581,432,-3.6000,-3.6000,20.4788,5.00,8.6000,0.018109,0.018109,0.095556,-0.182033,0.104587,1468,1468,-80.0099
8.6782,433,-3.9600,-3.9600,16.5621,5.00,8.9600,0.056924,0.056924,0.099556,-0.147218,0.104587,1453,1465,-79.1076
8.6982,434,-4.3200,-4.3200,16.5621,5.00,9.3200,0.060924,0.060924,0.103556,-0.147218,0.104587,1452,1462,-79.1076
8.7183,435,-4.5000,-4.5000,16.5621,5.00,9.5000,0.062924,0.062924,0.105556,-0.147218,0.104587,1451,1459,-78.3992
8.7384,436,-4.6800,-4.6800,11.5263,5.00,9.6800,0.109686,0.109686,0.107556,-0.102456,0.104587,1433,1456,-78.3992
8.7585,437,-4.8600,-4.8600,11.5263,5.00,9.8600,0.111686,0.111686,0.109556,-0.102456,0.104587,1433,1453,-78.3992
8.7785,438,-5.0400,-5.0400,5.8191,5.00,10.0400,0.164417,0.164417,0.111556,-0.051725,0.104587,1413,1450,-77.9430
8.7986,439,-5.0400,-5.0400,5.8191,5.00,10.0400,0.164417,0.164417,0.111556,-0.051725,0.104587,1413,1447,-77.9430
8.8187,440,-5.0400,-5.0400,5.8191,5.00,10.0400,0.164417,0.164417,0.111556,-0.051725,0.104587,1413,1444,-77.7393
8.8388,441,-5.0400,-5.0400,-0.2238,5.00,10.0400,0.218132,0.218132,0.111556,0.001989,0.104587,1393,1441,-77.7393
8.8589,442,-4.8600,-4.8600,-0.2238,5.00,9.8600,0.216132,0.216132,0.109556,0.001989,0.104587,1393,1438,-77.7393
8.8789,443,-4.6800,-4.6800,-6.2667,5.00,9.6800,0.267847,0.267847,0.107556,0.055704,0.104587,1374,1435,-77.8428
8.8990,444,-4.5000,-4.5000,-6.2667,5.00,9.5000,0.265847,0.265847,0.105556,0.055704,0.104587,1375,1432,-77.8428
8.9191,445,-4.3200,-4.3200,-6.2667,5.00,9.3200,0.263847,0.263847,0.103556,0.055704,0.104587,1376,1429,-78.2277
8.9392,446,-4.1400,-4.1400,-11.7501,5.00,9.1400,0.310588,0.310588,0.101556,0.104445,0.104587,1358,1426,-78.2277
8.9592,447,-3.7800,-3.7800,-11.7501,5.00,8.7800,0.306588,0.306588,0.097556,0.104445,0.104587,1360,1423,-78.2277
8.9793,448,-3.4200,-3.4200,-16.4502,5.00,8.4200,0.344366,0.344366,0.093556,0.146224,0.104587,1345,1420,-78.8520
8.9994,449,-3.0600,-3.0600,-16.4502,5.00,8.0600,0.340366,0.340366,0.089556,0.146224,0.104587,1347,1417,-78.8520
9.0195,450,-2.7000,-2.5200,-16.4502,5.00,7.7000,0.336366,0.336366,0.085556,0.146224,0.104587,1348,1414,-79.6950
9.0396,451,-2.1600,-2.1600,-20.7026,5.00,7.1600,0.368165,0.368165,0.079556,0.184023,0.104587,1336,1411,-79.6950
9.0596,452,-1.8000,-1.8000,-20.7026,5.00,6.8000,0.364165,0.364165,0.075556,0.184023,0.104587,1338,1408,-79.6950
9.0797,453,-1.2600,-1.2600,-22.7169,5.00,6.2600,0.376070,0.376070,0.069556,0.201928,0.104587,1333,1405,-80.6986
9.0998,454,-0.7200,-0.7200,-22.7169,5.00,5.7200,0.370070,0.370070,0.063556,0.201928,0.104587,1336,1402,-80.6986
9.1198,455,-0.1800,-0.1800,-22.7169,5.00,5.1800,0.364070,0.364070,0.057556,0.201928,0.104587,1338,1399,-81.8069
9.1399,456,0.1800,0.3600,-25.4026,5.00,4.8200,0.383944,0.383944,0.053556,0.225801,0.104587,1331,1396,-81.8069
9.1600,457,0.7200,0.7200,-25.4026,5.00,4.2800,0.377944,0.377944,0.047556,0.225801,0.104587,1333,1393,-81.8069
9.1801,458,1.2600,1.4400,-25.6264,5.00,3.7400,0.373933,0.373933,0.041556,0.227791,0.104587,1334,1390,-82.9382
9.2001,459,1.8000,1.8000,-25.6264,5.00,3.2000,0.367933,0.367933,0.035556,0.227791,0.104587,1337,1387,-82.9382
9.2202,460,2.3400,2.3400,-25.6264,5.00,2.6600,0.361933,0.361933,0.029556,0.227791,0.104587,1339,1384,-84.0647
9.2403,461,2.7000,2.8800,-25.2907,5.00,2.3000,0.354949,0.354949,0.025556,0.224806,0.104587,1341,1381,-84.0647
9.2604,462,3.2400,3.2400,-25.2907,5.00,1.7600,0.348949,0.348949,0.019556,0.224806,0.104587,1344,1378,-84.0647
9.2804,463,3.7800,3.7800,-21.3740,5.00,1.2200,0.308134,0.308134,0.013556,0.189991,0.104587,1359,1375,-84.9903
9.3005,464,4.1400,4.1400,-21.3740,5.00,0.8600,0.304134,0.304134,0.009556,0.189991,0.104587,1360,1372,-84.9903
9.3206,465,4.5000,4.5000,-16.4502,5.00,0.5000,0.256366,0.256366,0.005556,0.146224,0.104587,1378,1375,-85.6908
9.3407,466,4.8600,4.8600,-16.4502,5.00,0.1400,0.252366,0.252366,0.001556,0.146224,0.104587,1380,1378,-85.6908
