t_s,psi_deg,psi_dot_dps,pwm_us
0.0002,-0.0228,-0.0000,1500
0.0203,-0.0228,-0.0000,1500
0.0404,-0.0228,-0.0000,1500
0.0605,-0.0228,-0.0000,1500
0.0806,-0.0280,-0.0000,1500
0.1007,-0.0280,-0.0000,1500
0.1208,-0.0280,-0.0000,1500
0.1409,-0.0280,-0.0000,1500
0.1609,-0.0280,-0.0000,1500
0.1810,-0.0280,-0.0000,1500
0.2011,-0.0280,-0.0000,1500
0.2212,-0.0280,-0.0000,1500
0.2413,-0.0280,-0.2238,1500
0.2614,-0.0280,-0.2238,1500
0.2815,-0.0282,0.1119,1500
0.3016,-0.0282,0.1119,1500
0.3217,-0.0278,0.1119,1500
0.3426,-0.0278,-0.1119,1500
0.3627,-0.0278,-0.1119,1500
0.3828,-0.0278,0.1119,1500
0.4029,-0.0278,0.1119,1500
0.4230,0.1765,0.1119,1500
0.4431,0.1765,-0.1119,1500
0.4631,0.1765,-0.1119,1500
0.4833,-0.0230,0.1119,1500
0.5034,-0.0230,0.1119,1500
0.5234,0.1765,0.1119,1500
0.5435,0.1765,-0.0000,1500
0.5637,0.1765,-0.0000,1500
0.5838,-0.0234,-0.0000,1500
0.6040,-0.0234,-0.0000,1500
0.6241,-0.0286,-0.0000,1500
0.6441,-0.0286,-0.0000,1500
0.6642,-0.0286,-0.0000,1500
0.6843,-0.0288,-0.0000,1500
0.7044,-0.0288,-0.0000,1500
0.7245,-0.0236,-0.2238,1500
0.7446,-0.0236,-0.2238,1500
0.7647,-0.0236,-0.2238,1500
0.7849,-0.0236,0.1119,1500
0.8050,-0.0236,0.1119,1500
0.8251,-0.0234,-0.0000,1500
0.8452,-0.0234,-0.0000,1500
0.8654,-0.0236,-0.0000,1500
0.8855,-0.0236,-0.0000,1500
0.9056,-0.0236,-0.0000,1500
0.9257,-0.0236,-0.0000,1500
0.9458,-0.0236,-0.0000,1500
0.9659,0.1759,-0.0000,1500
0.9860,0.1759,-0.0000,1500
1.0061,0.1759,-0.0000,1300
1.0262,0.1759,-0.0000,1300
1.0463,0.1759,-0.0000,1300
1.0664,-0.0286,-0.0000,1300
1.0865,-0.0286,-0.0000,1300
1.1066,-0.0286,-0.0000,1300
1.1267,-0.0286,-0.0000,1300
1.1468,-0.0286,-0.0000,1300
1.1669,-0.0286,-0.0000,1300
1.1870,-0.0286,-0.0000,1300
1.2071,-0.0286,-0.0000,1300
1.2281,-0.0286,-0.0000,1300
1.2481,-0.0286,-0.0000,1300
1.2685,-0.0484,-0.0000,1300
1.2886,-0.0484,1.6786,1300
1.3087,-0.0484,1.6786,1300
1.3288,-0.1289,8.6167,1300
1.3488,-0.1289,8.6167,1300
1.3689,-1.3277,8.6167,1300
1.3890,-1.3277,26.7455,1300
1.4091,-1.3277,26.7455,1300
1.4292,-0.0524,52.3719,1300
1.4492,-0.0524,52.3719,1300
1.4693,2.9847,52.3719,1300
1.4894,2.9847,79.7888,1300
1.5094,2.9847,79.7888,1300
1.5295,7.3599,105.0796,1300
1.5496,7.3599,105.0796,1300
1.5697,12.9088,105.0796,1300
1.5897,12.9088,123.0964,1300
1.6098,12.9088,123.0964,1300
1.6299,19.2526,133.9513,1300
1.6499,19.2526,133.9513,1300
1.6700,26.0375,133.9513,1300
1.6901,26.0375,136.6370,1300
1.7102,26.0375,136.6370,1300
1.7302,32.7905,131.3774,1300
1.7503,32.7905,131.3774,1300
1.7704,39.1759,131.3774,1300
1.7904,39.1759,117.6130,1300
1.8105,39.1759,117.6130,1300
1.8306,44.8287,100.1557,1300
1.8506,44.8287,100.1557,1300
1.8707,49.5339,100.1557,1300
1.8908,49.5339,77.9984,1300
1.9109,49.5339,77.9984,1300
1.9309,53.0485,52.8195,1300
1.9510,53.0485,52.8195,1300
1.9711,55.2952,52.8195,1300
1.9911,55.2952,26.7455,1300
2.0112,55.2952,26.7455,1300
2.0313,56.2010,-0.3357,1300
2.0514,56.2010,-0.3357,1300
2.0714,55.7919,-0.3357,1300
2.0915,55.7919,-24.8431,1300
2.1116,55.7919,-24.8431,1300
2.1317,54.1336,-50.8052,1300
2.1517,54.1336,-50.8052,1300
2.1718,51.2724,-50.8052,1300
2.1919,51.2724,-71.0602,1300
2.2119,51.2724,-71.0602,1300
2.2320,47.4389,-89.8604,1300
2.2521,47.4389,-89.8604,1300
2.2722,42.6780,-89.8604,1300
2.2922,42.6780,-103.8486,1300
2.3126,42.6780,-103.8486,1300
2.3327,37.3108,-111.4582,1300
2.3527,37.3108,-111.4582,1300
2.3728,31.6358,-111.4582,1300
2.3929,31.6358,-114.8154,1300
2.4130,31.6358,-114.8154,1300
2.4330,25.9686,-110.2272,1300
2.4531,25.9686,-110.2272,1300
2.4732,20.5884,-110.2272,1300
2.4932,20.5884,-98.5890,1300
2.5133,20.5884,-98.5890,1300
2.5334,15.9051,-80.0127,1300
2.5535,15.9051,-80.0127,1300
2.5735,12.2014,-80.0127,1300
2.5936,12.2014,-57.8553,1300
2.6137,12.2014,-57.8553,1300
2.6338,9.7057,-31.8932,1300
2.6539,9.7057,-31.8932,1300
2.6739,8.5274,-31.8932,1300
2.6940,8.5274,-4.2524,1300
2.7141,8.5274,-4.2524,1300
2.7341,8.7911,24.2836,1300
2.7542,8.7911,24.2836,1300
2.7743,10.3663,24.2836,1300
2.7943,10.3663,49.1267,1300
2.8144,10.3663,49.1267,1300
2.8345,13.1544,69.4935,1300
2.8548,13.1544,69.4935,1300
2.8749,16.9012,69.4935,1300
2.8950,16.9012,84.4889,1300
2.9150,16.9012,84.4889,1300
2.9351,21.3056,95.0080,1300
2.9552,21.3056,95.0080,1300
2.9753,26.1034,95.0080,1300
2.9953,26.1034,97.9176,1300
3.0154,26.1034,97.9176,1300
3.0355,30.9776,95.9033,1300
3.0556,30.9776,95.9033,1300
3.0757,35.6563,87.1746,1300
3.0958,35.6563,87.1746,1300
3.1159,35.6563,87.1746,1300
3.1360,39.8251,74.0817,1300
3.1560,39.8251,74.0817,1300
3.1761,43.3178,58.4148,1300
3.1963,43.3178,58.4148,1300
3.2164,43.3178,58.4148,1300
3.2364,45.9744,38.9432,1300
3.2565,45.9744,38.9432,1300
3.2766,47.6788,20.3669,1300
3.2967,47.6788,20.3669,1300
3.3168,48.4193,20.3669,1300
3.3368,48.4193,-0.4476,1300
3.3569,48.4193,-0.4476,1300
3.3770,48.1276,-20.5907,1300
3.3971,48.1276,-20.5907,1300
3.4171,46.8526,-20.5907,1300
3.4372,46.8526,-38.1599,1300
3.4573,46.8526,-38.1599,1300
3.4773,44.7312,-53.0434,1300
3.4974,44.7312,-53.0434,1300
3.5183,41.8750,-53.0434,1300
3.5384,41.8750,-67.1435,1300
3.5585,41.8750,-67.1435,1300
3.5785,38.3987,-75.0888,1300
3.5986,38.3987,-75.0888,1300
3.6187,34.5514,-75.0888,1300
3.6388,34.5514,-81.0198,1300
3.6588,34.5514,-81.0198,1300
3.6789,30.4923,-80.5722,1300
3.6990,30.4923,-80.5722,1300
3.7191,26.4925,-80.5722,1300
3.7391,26.4925,-77.2150,1300
3.7592,26.4925,-77.2150,1300
3.7793,22.7965,-67.1435,1300
3.7994,22.7965,-67.1435,1300
3.8194,19.6245,-67.1435,1300
3.8395,19.6245,-54.2743,1300
3.8596,19.6245,-54.2743,1300
3.8796,17.1711,-38.3837,1300
3.8997,17.1711,-38.3837,1300
3.9198,15.5672,-38.3837,1300
3.9399,15.5672,-18.3526,1300
3.9599,15.5672,-18.3526,1300
3.9800,14.9591,0.7833,1300
4.0001,14.9591,0.7833,1300
4.0202,15.3413,0.7833,1300
4.0402,15.3413,20.5907,1300
4.0603,15.3413,20.5907,1300
4.0804,16.6484,36.7051,1300
4.1004,16.6484,36.7051,1300
4.1205,18.7169,36.7051,1300
4.1406,18.7169,50.9171,1300
4.1607,18.7169,50.9171,1300
4.1807,21.4540,60.5410,1300
4.2008,21.4540,60.5410,1300
4.2209,24.6167,60.5410,1300
4.2410,24.6167,67.9268,1300
4.2610,24.6167,67.9268,1300
4.2811,28.0323,68.3745,1300
4.3012,28.0323,68.3745,1300
4.3213,31.4521,68.3745,1300
4.3413,31.4521,66.0244,1300
4.3614,31.4521,66.0244,1300
4.3815,34.6895,59.5339,1300
4.4015,34.6895,59.5339,1300
4.4216,37.5579,59.5339,1300
4.4417,37.5579,50.1338,1300
4.4618,37.5579,50.1338,1300
4.4818,39.9109,37.6004,1300
4.5019,39.9109,37.6004,1300
4.5220,41.6083,37.6004,1300
4.5421,41.6083,24.5074,1300
4.5621,41.6083,24.5074,1300
4.5822,42.6218,9.5120,1300
4.6023,42.6218,9.5120,1300
4.6223,42.8870,9.5120,1300
4.6424,42.8870,-4.1405,1300
4.6625,42.8870,-4.1405,1300
4.6826,42.4479,-18.6883,1300
4.7026,42.4479,-18.6883,1300
4.7227,41.3590,-18.6883,1300
4.7428,41.3590,-31.1098,1300
4.7628,41.3590,-31.1098,1300
4.7829,39.6822,-41.9647,1300
4.8030,39.6822,-41.9647,1300
4.8231,37.4716,-41.9647,1300
4.8431,37.4716,-48.5671,1300
4.8632,37.4716,-48.5671,1300
4.8833,34.9369,-53.7148,1300
4.9033,34.9369,-53.7148,1300
4.9234,32.2269,-53.7148,1300
4.9435,32.2269,-56.5124,1300
4.9636,32.2269,-56.5124,1300
4.9837,29.4671,-54.9458,1300
5.0037,29.4671,-54.9458,1300
5.0238,26.7750,-54.9458,1300
5.0439,26.7750,-50.4695,1300
5.0640,26.7750,-50.4695,1300
5.0840,24.3718,-41.9647,1300
5.1041,24.3718,-41.9647,1300
5.1242,22.4252,-41.9647,1300
5.1443,22.4252,-32.0051,1300
5.1644,22.4252,-32.0051,1300
5.1844,21.0262,-18.9121,1300
5.2045,21.0262,-18.9121,1300
5.2247,20.2800,-18.9121,1300
5.2447,20.2800,-5.9310,1300
5.2648,20.2800,-5.9310,1300
5.2849,20.1769,6.7143,1300
5.3050,20.1769,6.7143,1300
5.3251,20.7212,6.7143,1300
5.3451,20.7212,19.0240,1300
5.3652,20.7212,19.0240,1300
5.3853,21.8509,30.2146,1300
5.4054,21.8509,30.2146,1300
5.4254,23.4545,30.2146,1300
5.4455,23.4545,37.3765,1300
5.4656,23.4545,37.3765,1300
5.4857,25.4283,43.4195,1300
5.5057,25.4283,43.4195,1300
5.5258,27.6481,43.4195,1300
5.5459,27.6481,46.1052,1300
5.5660,27.6481,46.1052,1300
5.5860,29.9661,44.8742,1300
5.6061,29.9661,44.8742,1300
5.6262,32.2000,44.8742,1300
5.6463,32.2000,41.6290,1300
5.6664,32.2000,41.6290,1300
5.6864,34.2629,36.3694,1300
5.7065,34.2629,36.3694,1300
5.7266,35.9864,36.3694,1300
5.7467,35.9864,29.0955,1300
5.7667,35.9864,29.0955,1300
5.7868,37.3498,21.1502,1300
5.8069,37.3498,21.1502,1300
5.8270,38.2641,10.1834,1300
5.8471,38.2641,10.1834,1300
5.8671,38.2641,10.1834,1300
5.8872,38.6477,0.7833,1300
5.9073,38.6477,0.7833,1300
5.9274,38.5417,-8.9525,1300
5.9475,38.5417,-8.9525,1300
5.9676,38.5417,-8.9525,1300
5.9876,37.9454,-17.5692,1300
6.0077,37.9454,-17.5692,1300
6.0278,36.9251,-25.0669,1300
6.0479,36.9251,-25.0669,1300
6.0680,36.9251,-25.0669,1300
6.0881,35.5810,-31.2217,1300
6.1081,35.5810,-31.2217,1300
6.1282,33.9823,-34.5789,1300
6.1483,33.9823,-34.5789,1300
6.1684,32.1952,-34.5789,1300
6.1885,32.1952,-37.3765,1300
6.2086,32.1952,-37.3765,1300
6.2287,30.3403,-36.9289,1300
6.2487,30.3403,-36.9289,1300
6.2688,28.5413,-36.9289,1300
6.2889,28.5413,-33.1241,1300
6.3090,28.5413,-33.1241,1300
6.3291,26.9488,-28.8717,1300
6.3492,26.9488,-28.8717,1300
6.3693,25.6237,-28.8717,1300
6.3894,25.6237,-22.1574,1300
6.4095,25.6237,-22.1574,1300
6.4296,24.6322,-15.1073,1300
6.4497,24.6322,-15.1073,1300
6.4698,24.0023,-15.1073,1300
6.4899,24.0023,-6.0429,1300
6.5100,24.0023,-6.0429,1300
6.5301,23.8343,3.3572,1300
6.5502,23.8343,3.3572,1300
6.5703,24.1066,3.3572,1300
6.5904,24.1066,11.7501,1300
6.6105,24.1066,11.7501,1300
6.6306,24.7555,17.9049,1300
6.6507,24.7555,17.9049,1300
6.6708,25.7380,17.9049,1300
6.6908,25.7380,22.7169,1300
6.7109,25.7380,22.7169,1300
6.7310,26.9666,27.4169,1300
6.7511,26.9666,27.4169,1300
6.7712,28.3825,27.4169,1300
6.7913,28.3825,28.8717,1300
6.8114,28.3825,28.8717,1300
6.8315,29.8667,28.3122,1300
6.8516,29.8667,28.3122,1300
6.8717,31.3112,28.3122,1300
6.8917,31.3112,27.8645,1300
6.9118,31.3112,27.8645,1300
6.9319,32.6441,24.5074,1300
6.9520,32.6441,24.5074,1300
6.9721,33.8018,24.5074,1300
6.9922,33.8018,19.2478,1300
7.0123,33.8018,19.2478,1300
7.0324,34.7066,13.2049,1300
7.0526,34.7066,13.2049,1300
7.0726,35.2993,13.2049,1300
7.0927,35.2993,7.8334,1300
7.1128,35.2993,7.8334,1300
7.1329,35.6071,1.5667,1300
7.1530,35.6071,1.5667,1300
7.1731,35.5758,1.5667,1300
7.1932,35.5758,-5.9310,1300
7.2133,35.5758,-5.9310,1300
7.2334,35.2208,-11.3025,1300
7.2535,35.2208,-11.3025,1300
7.2736,34.6011,-11.3025,1300
7.2938,34.6011,-16.0025,1300
7.3139,34.6011,-16.0025,1300
7.3340,33.7697,-19.3597,1300
7.3541,33.7697,-19.3597,1300
7.3742,32.7787,-19.3597,1300
7.3943,32.7787,-20.9264,1300
7.4144,32.7787,-20.9264,1300
7.4345,31.7107,-22.0454,1300
7.4545,31.7107,-22.0454,1300
7.4746,30.6334,-22.0454,1300
7.4948,30.6334,-21.0383,1300
7.5148,30.6334,-21.0383,1300
7.5349,29.5971,-21.2621,1300
7.5551,29.5971,-21.2621,1300
7.5752,28.5928,-21.2621,1300
7.5953,28.5928,-17.2335,1300
7.6154,28.5928,-17.2335,1300
7.6355,27.7637,-13.7644,1300
7.6556,27.7637,-13.7644,1300
7.6757,27.1236,-13.7644,1300
7.6958,27.1236,-9.6239,1300
7.7159,27.1236,-9.6239,1300
7.7360,26.7220,-4.3643,1300
7.7561,26.7220,-4.3643,1300
7.7762,26.5893,-4.3643,1300
7.7963,26.5893,0.7833,1300
7.8164,26.5893,0.7833,1300
7.8365,26.6939,4.7000,1300
7.8566,26.6939,4.7000,1300
7.8767,27.0195,4.7000,1300
7.8967,27.0195,8.9525,1300
7.9168,27.0195,8.9525,1300
7.9369,27.5224,11.8620,1300
7.9570,27.5224,11.8620,1300
7.9771,28.1708,11.8620,1300
7.9972,28.1708,14.1001,1300
8.0173,28.1708,14.1001,1300
8.0374,28.8817,15.1073,1300
8.0575,28.8817,15.1073,1300
8.0776,29.6531,15.6668,1300
8.0978,29.6531,15.6668,1300
8.1179,29.6531,15.6668,1300
8.1380,30.4510,16.0025,1300
8.1581,30.4510,16.0025,1300
8.1782,31.2182,13.5406,1300
8.1983,31.2182,13.5406,1300
8.2184,31.2182,13.5406,1300
8.2385,31.8740,11.4144,1300
8.2586,31.8740,11.4144,1300
8.2787,31.8687,7.3858,1300
8.2988,31.8687,7.3858,1300
8.3190,31.8687,7.3858,1300
8.3391,31.8308,3.5810,1300
8.3592,31.8308,3.5810,1300
8.3792,31.7651,-0.3357,1300
8.3993,31.7651,-0.3357,1300
8.4194,31.7158,-0.3357,1300
8.4395,31.7158,-3.3572,1300
8.4596,31.7158,-3.3572,1300
8.4797,31.5029,-6.3786,1300
8.4998,31.5029,-6.3786,1300
8.5199,31.1569,-6.3786,1300
8.5400,31.1569,-9.5120,1300
8.5601,31.1569,-9.5120,1300
8.5802,30.6886,-10.4072,1300
8.6003,30.6886,-10.4072,1300
8.6204,30.1164,-10.4072,1300
8.6405,30.1164,-11.6382,1300
8.6606,30.1164,-11.6382,1300
8.6807,29.5188,-11.5263,1300
8.7008,29.5188,-11.5263,1300
8.7209,28.9384,-11.5263,1300
8.7410,28.9384,-10.7430,1300
8.7611,28.9384,-10.7430,1300
8.7812,28.3995,-9.9596,1300
8.8013,28.3995,-9.9596,1300
8.8213,27.9013,-9.9596,1300
8.8415,27.9013,-8.9525,1300
8.8615,27.9013,-8.9525,1300
8.8816,27.7936,-6.8263,1300
8.9017,27.7936,-6.8263,1300
8.9218,28.3132,-6.8263,1300
8.9419,28.3132,-3.6929,1300
8.9620,28.3132,-3.6929,1300
8.9821,28.5707,-1.5667,1300
9.0022,28.5707,-1.5667,1300
9.0223,28.7910,-1.5667,1300
9.0424,28.7910,1.5667,1300
9.0625,28.7910,1.5667,1300
9.0826,29.0123,4.4762,1300
9.1027,29.0123,4.4762,1300
9.1228,29.2432,4.4762,1300
9.1429,29.2432,6.1548,1300
9.1630,29.2432,6.1548,1300
9.1831,29.5700,6.4905,1300
9.2032,29.5700,6.4905,1300
9.2233,29.9225,6.4905,1300
9.2434,29.9225,7.4977,1300
9.2635,29.9225,7.4977,1300
9.2836,30.3068,8.0572,1300
9.3037,30.3068,8.0572,1300
9.3238,30.7173,8.0572,1300
9.3439,30.7173,7.1620,1300
9.3640,30.7173,7.1620,1300
9.3841,31.1023,7.2739,1300
9.4042,31.1023,7.2739,1300
9.4243,30.9593,7.2739,1300
9.4444,30.9593,5.9310,1300
9.4645,30.9593,5.9310,1300
9.4845,30.9873,4.3643,1300
9.5046,30.9873,4.3643,1300
9.5247,31.1240,4.3643,1300
9.5448,31.1240,2.2381,1300
9.5649,31.1240,2.2381,1300
9.5850,31.2018,1.0072,1300
9.6051,31.2018,1.0072,1300
9.6252,31.2017,1.0072,1300
9.6453,31.2017,0.4476,1300
9.6654,31.2017,0.4476,1300
9.6855,31.1470,-1.6786,1300
9.7056,31.1470,-1.6786,1300
9.7257,31.0257,-1.6786,1300
9.7458,31.0257,-3.5810,1300
9.7659,31.0257,-3.5810,1300
9.7860,30.8160,-4.5881,1300
9.8062,30.8160,-4.5881,1300
9.8263,30.5837,-4.5881,1300
9.8464,30.5837,-4.4762,1300
9.8665,30.5837,-4.4762,1300
9.8866,30.3507,-5.3715,1300
9.9067,30.3507,-5.3715,1300
9.9268,30.1066,-5.3715,1300
9.9469,30.1066,-5.2596,1300
9.9670,30.1066,-5.2596,1300
9.9871,29.8549,-3.5810,1300
10.0072,29.8549,-3.5810,1300
10.0273,29.6534,-3.5810,1300
10.0474,29.6534,-4.2524,1300
10.0675,29.6534,-4.2524,1300
10.0876,29.4749,-2.6857,1300
10.1077,29.4749,-2.6857,1300
10.1278,29.3285,-2.6857,1300
10.1479,29.3285,-2.3500,1300
10.1680,29.3285,-2.3500,1300
10.1881,29.2603,-0.5595,1300
10.2082,29.2603,-0.5595,1300
10.2283,29.2722,-0.5595,1300
10.2484,29.2722,0.7833,1300
10.2685,29.2722,0.7833,1300
10.2885,29.3900,1.5667,1300
10.3086,29.3900,1.5667,1300
10.3287,29.5362,2.7976,1300
10.3488,29.5362,2.7976,1300
10.3689,29.5362,2.7976,1300
10.3890,29.7162,2.1262,1300
10.4091,29.7162,2.1262,1300
10.4292,29.8890,3.3572,1300
10.4493,29.8890,3.3572,1300
10.4694,29.8890,3.3572,1300
10.4895,30.0848,3.5810,1300
10.5095,30.0848,3.5810,1300
10.5296,30.2904,3.8048,1300
10.5498,30.2904,3.8048,1300
10.5699,30.2904,3.8048,1300
10.5900,30.4850,3.2453,1300
10.6100,30.4850,3.2453,1300
10.6301,30.6394,2.5738,1300
10.6502,30.6394,2.5738,1300
10.6704,30.7561,2.5738,1300
10.6904,30.7561,1.7905,1300
10.7105,30.7561,1.7905,1300
10.7306,30.8114,0.2238,1300
10.7508,30.8114,0.2238,1300
10.7709,30.8115,0.2238,1300
10.7909,30.8115,-0.2238,1300
10.8110,30.8115,-0.2238,1300
10.8311,30.7730,-1.3429,1300
10.8512,30.7730,-1.3429,1300
10.8713,30.6897,-1.3429,1300
10.8914,30.6897,-1.5667,1300
10.9115,30.6897,-1.5667,1300
10.9316,30.5959,-2.2381,1300
10.9517,30.5959,-2.2381,1300
10.9718,30.4737,-2.2381,1300
10.9919,30.4737,-2.6857,1300
11.0120,30.4737,-2.6857,1300
11.0321,30.3746,-2.9096,1300
11.0522,30.3746,-2.9096,1300
11.0723,30.2353,-2.9096,1300
11.0924,30.2353,-2.3500,1300
11.1125,30.2353,-2.3500,1300
11.1326,30.1295,-2.1262,1300
11.1527,30.1295,-2.1262,1300
11.1728,30.0687,-2.1262,1300
11.1929,30.0687,-1.3429,1300
11.2131,30.0687,-1.3429,1300
11.2332,30.0235,-0.1119,1300
11.2533,30.0235,-0.1119,1300
11.2734,30.0521,-0.1119,1300
11.2936,30.0521,0.6714,1300
11.3137,30.0521,0.6714,1300
11.3338,30.0740,0.6714,1300
11.3539,30.0740,0.6714,1300
11.3740,30.1077,0.6714,1300
11.3940,30.1077,0.6714,1300
11.4141,30.1077,0.6714,1300
11.4342,30.1517,0.6714,1300
11.4543,30.1517,0.6714,1300
11.4744,30.2022,0.6714,1300
11.4945,30.2022,0.8952,1300
11.5146,30.2022,0.8952,1300
11.5347,30.2743,2.1262,1300
11.5548,30.2743,2.1262,1300
11.5749,30.3583,2.1262,1300
11.5950,30.3583,0.7833,1300
11.6151,30.3583,0.7833,1300
11.6352,30.4020,0.6714,1300
11.6553,30.4020,0.6714,1300
11.6754,30.4355,0.6714,1300
11.6955,30.4355,0.1119,1300
11.7156,30.4355,0.1119,1300
11.7357,30.4407,-1.0072,1300
11.7561,30.4407,-1.0072,1300
11.7762,30.4240,-1.0072,1300
11.7963,30.4240,-0.5595,1300
11.8164,30.4240,-0.5595,1300
11.8365,30.3970,-0.5595,1300
11.8566,30.3970,-0.5595,1300
11.8767,30.3853,-0.5595,1300
11.8968,30.3853,-0.2238,1300
11.9169,30.3853,-0.2238,1300
11.9370,30.3467,-1.0072,1300
11.9571,30.3467,-1.0072,1300
11.9772,30.2796,-1.0072,1300
11.9973,30.2796,-1.7905,1300
12.0189,30.2796,-1.7905,1300
12.0390,30.2189,-1.6786,1300
12.0591,30.2189,-1.6786,1300
12.0792,30.1802,-0.5595,1300
12.0993,30.1802,-0.5595,1300
12.1194,30.1802,-0.5595,1300
12.1395,30.1516,-0.0000,1300
12.1596,30.1516,-0.0000,1300
12.1797,30.1633,-0.0000,1300
12.1998,30.1633,-0.2238,1300
12.2199,30.1633,-0.2238,1300
12.2399,30.1748,-0.3357,1300
12.2600,30.1748,-0.3357,1300
12.2801,30.1683,-0.6714,1300
12.3002,30.1683,-0.6714,1300
12.3203,30.1683,-0.6714,1300
12.3404,30.1966,0.4476,1300
12.3605,30.1966,0.4476,1300
12.3806,30.2354,0.8952,1300
12.4007,30.2354,0.8952,1300
12.4208,30.2354,0.8952,1300
12.4409,30.2907,1.1191,1300
12.4610,30.2907,1.1191,1300
12.4811,30.3461,0.8952,1300
12.5012,30.3461,0.8952,1300
12.5212,30.3847,0.8952,1300
12.5413,30.3847,-0.0000,1300
12.5615,30.3847,-0.0000,1300
12.5816,30.4131,-0.1119,1300
12.6016,30.4131,-0.1119,1300
12.6217,30.4233,-0.1119,1300
12.6418,30.4233,-0.7833,1300
12.6619,30.4233,-0.7833,1300
12.6821,30.4130,0.6714,1300
12.7022,30.4130,0.6714,1300
12.7223,30.4350,0.6714,1300
12.7423,30.4350,-0.0000,1300
12.7624,30.4350,-0.0000,1300
12.7825,30.4350,-0.0000,1300
12.8026,30.4350,-0.0000,1300
12.8227,30.4182,-0.0000,1300
12.8428,30.4182,-1.0072,1300
12.8629,30.4182,-1.0072,1300
12.8830,30.4016,0.1119,1300
12.9031,30.4016,0.1119,1300
12.9232,30.3681,0.1119,1300
12.9433,30.3681,-0.5595,1300
12.9634,30.3681,-0.5595,1300
12.9834,30.3515,-0.3357,1300
13.0035,30.3515,-0.3357,1300
13.0236,30.3463,-0.3357,1300
13.0437,30.3463,-0.0000,1300
13.0638,30.3463,-0.0000,1300
13.0839,30.3463,0.1119,1300
13.1040,30.3463,0.1119,1300
13.1241,30.3296,0.1119,1300
13.1442,30.3296,-0.6714,1300
13.1643,30.3296,-0.6714,1300
13.1844,30.3129,0.2238,1300
13.2045,30.3129,0.2238,1300
13.2245,30.3296,0.2238,1300
13.2446,30.3296,-0.4476,1300
13.2647,30.3296,-0.4476,1300
13.2848,30.3297,0.3357,1300
13.3049,30.3297,0.3357,1300
13.3250,30.3465,0.3357,1300
13.3451,30.3465,-0.4476,1300
13.3652,30.3465,-0.4476,1300
13.3853,30.3633,-0.4476,1300
13.4054,30.3633,-0.4476,1300
13.4255,30.3801,-0.4476,1300
13.4456,30.3801,0.1119,1300
13.4657,30.3801,0.1119,1300
13.4858,30.3803,0.3357,1300
13.5059,30.3803,0.3357,1300
13.5260,30.3802,0.3357,1300
13.5461,30.3802,-0.7833,1300
13.5662,30.3802,-0.7833,1300
13.5863,30.3583,-1.0072,1300
13.6063,30.3583,-1.0072,1300
13.6264,30.3299,-1.0072,1300
13.6466,30.3299,-0.5595,1300
13.6667,30.3299,-0.5595,1300
13.6868,30.3196,-0.3357,1300
13.7069,30.3196,-0.3357,1300
13.7270,30.3195,-0.3357,1300
13.7471,30.3195,-0.3357,1300
13.7672,30.3195,-0.3357,1300
13.7873,30.3246,0.3357,1300
13.8074,30.3246,0.3357,1300
13.8275,30.3130,0.3357,1300
13.8476,30.3130,-0.4476,1300
13.8677,30.3130,-0.4476,1300
13.8878,30.3027,-0.3357,1300
13.9079,30.3027,-0.3357,1300
13.9280,30.2742,-0.3357,1300
13.9481,30.2742,-0.3357,1300
13.9682,30.2742,-0.3357,1300
13.9883,30.2522,0.1119,1300
14.0084,30.2522,0.1119,1300
14.0285,30.2573,0.1119,1300
14.0486,30.2573,0.2238,1300
14.0687,30.2573,0.2238,1300
14.0888,30.2858,-0.3357,1300
14.1089,30.2858,-0.3357,1300
14.1290,30.2909,-0.3357,1300
14.1491,30.2909,-0.1119,1300
14.1692,30.2909,-0.1119,1300
14.1893,30.2794,-0.2238,1300
14.2093,30.2794,-0.2238,1300
14.2294,30.2911,-0.2238,1300
14.2495,30.2911,0.1119,1300
14.2696,30.2911,0.1119,1300
14.2898,30.2795,0.3357,1300
14.3099,30.2795,0.3357,1300
14.3299,30.2911,0.3357,1300
14.3500,30.2911,-0.5595,1300
14.3701,30.2911,-0.5595,1300
14.3903,30.3194,1.2310,1300
14.4103,30.3194,1.2310,1300
14.4305,30.3413,-0.3357,1300
14.4505,30.3413,-0.3357,1300
14.4706,30.3413,-0.3357,1300
14.4908,30.3464,0.8952,1300
14.5109,30.3464,0.8952,1300
14.5310,30.3631,-0.6714,1300
14.5511,30.3631,-0.6714,1300
14.5712,30.3631,-0.6714,1300
14.5912,30.3515,-0.5595,1300
14.6113,30.3515,-0.5595,1300
14.6315,30.3463,0.8952,1300
14.6516,30.3463,0.8952,1300
14.6716,30.3463,0.8952,1300
14.6917,30.3799,-0.2238,1300
14.7118,30.3799,-0.2238,1300
14.7319,30.4017,0.2238,1300
14.7520,30.4017,0.2238,1300
14.7721,30.4069,0.2238,1300
14.7922,30.4069,-0.2238,1300
14.8123,30.4069,-0.2238,1300
14.8324,30.4018,-0.6714,1300
14.8525,30.4018,-0.6714,1300
14.8726,30.3967,-0.6714,1300
14.8927,30.3967,0.1119,1300
14.9128,30.3967,0.1119,1300
14.9329,30.3799,-0.5595,1300
14.9529,30.3799,-0.5595,1300
14.9732,30.3799,-0.5595,1300
14.9933,30.3799,0.6714,1300
15.0133,30.3799,0.6714,1300
15.0334,30.3850,-0.0000,1300
15.0535,30.3850,-0.0000,1300
15.0736,30.3901,-0.0000,1300
15.0937,30.3901,0.6714,1300
15.1138,30.3901,0.6714,1300
15.1339,30.4234,0.7833,1300
15.1540,30.4234,0.7833,1300
15.1741,30.4350,0.7833,1300
15.1942,30.4350,-0.2238,1300
15.2143,30.4350,-0.2238,1300
15.2344,30.4132,-0.4476,1300
15.2545,30.4132,-0.4476,1300
15.2746,30.4014,-0.4476,1300
15.2947,30.4014,-0.3357,1300
15.3148,30.4014,-0.3357,1300
15.3349,30.3963,0.2238,1300
15.3550,30.3963,0.2238,1300
15.3751,30.4130,0.2238,1300
15.3951,30.4130,1.5667,1300
15.4152,30.4130,1.5667,1300
15.4353,30.4568,0.6714,1300
15.4554,30.4568,0.6714,1300
15.4755,30.5018,0.6714,1300
15.4956,30.5018,0.5595,1300
15.5156,30.5018,0.5595,1300
15.5357,30.5289,0.2238,1300
15.5558,30.5289,0.2238,1300
15.5759,30.5341,0.2238,1300
15.5960,30.5341,-0.2238,1300
15.6161,30.5341,-0.2238,1300
15.6363,30.5457,0.2238,1300
15.6564,30.5457,0.2238,1300
15.6765,30.5625,0.2238,1300
15.6966,30.5625,0.3357,1300
15.7167,30.5625,0.3357,1300
15.7368,30.5959,1.1191,1300
15.7568,30.5959,1.1191,1300
15.7769,30.6229,1.1191,1300
15.7971,30.6229,-0.4476,1300
15.8171,30.6229,-0.4476,1300
15.8372,30.6512,-0.2238,1300
15.8573,30.6512,-0.2238,1300
15.8775,30.6396,-0.2238,1300
15.8975,30.6396,0.2238,1300
15.9176,30.6396,0.2238,1300
15.9377,30.6345,-1.0072,1300
15.9578,30.6345,-1.0072,1300
15.9779,30.6127,-1.0072,1300
15.9980,30.6127,-1.2310,1300
16.0181,30.6127,-1.2310,1300
16.0382,30.5623,-0.0000,1300
16.0583,30.5623,-0.0000,1300
16.0784,30.5456,-0.0000,1300
16.0985,30.5456,0.1119,1300
16.1186,30.5456,0.1119,1300
16.1387,30.5288,-0.2238,1300
16.1588,30.5288,-0.2238,1300
16.1789,30.4953,-0.2238,1300
16.1990,30.4953,-0.8952,1300
16.2191,30.4953,-0.8952,1300
16.2392,30.4683,-1.3429,1300
16.2595,30.4683,-1.3429,1300
16.2796,30.4347,-1.3429,1300
16.3009,30.4347,-0.3357,1300
16.3210,30.4347,-0.3357,1300
16.3410,30.4180,-0.6714,1300
16.3611,30.4180,-0.6714,1300
16.3812,30.4012,0.5595,1300
16.4013,30.4012,0.5595,1300
16.4214,30.4012,0.5595,1300
16.4415,30.4179,-0.2238,1300
16.4615,30.4179,-0.2238,1300
16.4816,30.4231,-0.0000,1300
16.5017,30.4231,-0.0000,1300
16.5218,30.4231,-0.0000,1300
16.5419,30.4565,-0.0000,1300
16.5620,30.4565,-0.0000,1300
16.5821,30.4901,0.5595,1300
16.6022,30.4901,0.5595,1300
16.6223,30.4901,0.5595,1300
16.6424,30.5069,0.4476,1300
16.6625,30.5069,0.4476,1300
16.6826,30.5238,0.7833,1300
16.7027,30.5238,0.7833,1300
16.7228,30.5406,0.7833,1300
16.7429,30.5406,0.1119,1300
16.7630,30.5406,0.1119,1300
16.7831,30.5290,-0.2238,1300
16.8032,30.5290,-0.2238,1300
16.8233,30.5070,-0.2238,1300
16.8434,30.5070,-1.2310,1300
16.8635,30.5070,-1.2310,1300
16.8836,30.4904,0.4476,1300
16.9037,30.4904,0.4476,1300
16.9238,30.5073,0.4476,1300
16.9439,30.5073,0.1119,1300
16.9639,30.5073,0.1119,1300
16.9840,30.5126,0.1119,1300
17.0042,30.5126,0.1119,1300
17.0243,30.5358,0.1119,1300
17.0443,30.5358,-0.5595,1300
17.0644,30.5358,-0.5595,1300
17.0846,30.5294,-0.2238,1300
17.1047,30.5294,-0.2238,1300
17.1248,30.5360,-0.2238,1300
17.1449,30.5360,-0.1119,1300
17.1649,30.5360,-0.1119,1300
17.1851,30.5244,-0.0000,1300
17.2052,30.5244,-0.0000,1300
17.2253,30.5295,-0.0000,1300
17.2454,30.5295,-0.3357,1300
17.2655,30.5295,-0.3357,1300
17.2856,30.5412,0.2238,1300
17.3057,30.5412,0.2238,1300
17.3269,30.5581,0.2238,1300
17.3470,30.5581,-0.2238,1300
17.3670,30.5581,-0.2238,1300
17.3871,30.5580,0.4476,1300
17.4072,30.5580,0.4476,1300
17.4273,30.5630,0.4476,1300
17.4474,30.5630,-0.2238,1300
17.4675,30.5630,-0.2238,1300
17.4876,30.5463,-0.3357,1300
17.5077,30.5463,-0.3357,1300
17.5278,30.5129,-0.3357,1300
17.5479,30.5129,-0.6714,1300
17.5680,30.5129,-0.6714,1300
17.5881,30.4909,0.6714,1300
17.6082,30.4909,0.6714,1300
17.6283,30.4859,0.6714,1300
17.6483,30.4859,-0.7833,1300
17.6684,30.4859,-0.7833,1300
17.6885,30.4524,-0.5595,1300
17.7086,30.4524,-0.5595,1300
17.7287,30.4409,-0.5595,1300
17.7488,30.4409,-1.1191,1300
17.7689,30.4409,-1.1191,1300
17.7890,30.4242,-0.4476,1300
17.8091,30.4242,-0.4476,1300
17.8292,30.4191,-0.4476,1300
17.8493,30.4191,-0.6714,1300
17.8694,30.4191,-0.6714,1300
17.8895,30.3973,-0.5595,1300
17.9096,30.3973,-0.5595,1300
17.9297,30.3806,-0.5595,1300
17.9498,30.3806,-0.4476,1300
17.9699,30.3806,-0.4476,1300
17.9900,30.3520,-0.4476,1300
18.0101,30.3520,-0.4476,1300
18.0302,30.3585,-0.4476,1300
18.0503,30.3585,0.1119,1300
18.0703,30.3585,0.1119,1300
18.0905,30.3636,0.7833,1300
18.1106,30.3636,0.7833,1300
18.1306,30.3971,0.7833,1300
18.1508,30.3971,-0.0000,1300
18.1709,30.3971,-0.0000,1300
18.1910,30.4074,0.3357,1300
18.2111,30.4074,0.3357,1300
18.2312,30.4242,0.3357,1300
18.2512,30.4242,0.2238,1300
18.2713,30.4242,0.2238,1300
18.2915,30.4526,-0.6714,1300
18.3116,30.4526,-0.6714,1300
18.3316,30.4527,-0.6714,1300
18.3517,30.4527,0.1119,1300
18.3718,30.4527,0.1119,1300
18.3919,30.4410,-0.4476,1300
18.4120,30.4410,-0.4476,1300
18.4321,30.4578,1.0072,1300
18.4522,30.4578,1.0072,1300
18.4723,30.4578,1.0072,1300
18.4924,30.4912,1.2310,1300
18.5129,30.4912,1.2310,1300
18.5329,30.5130,0.2238,1300
18.5530,30.5130,0.2238,1300
18.5731,30.5412,0.2238,1300
18.5932,30.5412,0.3357,1300
18.6133,30.5412,0.3357,1300
18.6334,30.5296,-0.6714,1300
18.6535,30.5296,-0.6714,1300
18.6736,30.5192,-0.6714,1300
18.6937,30.5192,-0.0000,1300
18.7138,30.5192,-0.0000,1300
18.7339,30.4960,-0.4476,1300
18.7540,30.4960,-0.4476,1300
18.7741,30.5077,-0.4476,1300
18.7942,30.5077,-1.3429,1300
18.8143,30.5077,-1.3429,1300
18.8345,30.4961,0.1119,1300
18.8545,30.4961,0.1119,1300
18.8746,30.5245,0.1119,1300
18.8948,30.5245,0.3357,1300
18.9149,30.5245,0.3357,1300
18.9350,30.5245,-0.1119,1300
18.9551,30.5245,-0.1119,1300
18.9752,30.5362,-0.1119,1300
18.9962,30.5362,-0.7833,1300
19.0163,30.5362,-0.7833,1300
19.0364,30.5132,-0.0000,1300
19.0565,30.5132,-0.0000,1300
19.0766,30.5081,-0.0000,1300
19.0967,30.5081,-0.3357,1300
19.1168,30.5081,-0.3357,1300
19.1368,30.5029,-0.4476,1300
19.1569,30.5029,-0.4476,1300
19.1770,30.4914,-0.4476,1300
19.1971,30.4914,0.3357,1300
19.2172,30.4914,0.3357,1300
19.2373,30.4915,-0.3357,1300
19.2574,30.4915,-0.3357,1300
19.2775,30.4915,-0.3357,1300
19.2976,30.4915,-0.4476,1300
19.3177,30.4915,-0.4476,1300
19.3378,30.4914,-1.0072,1300
19.3579,30.4914,-1.0072,1300
19.3780,30.4746,-1.0072,1300
19.3981,30.4746,-0.2238,1300
19.4182,30.4746,-0.2238,1300
19.4383,30.4696,-1.0072,1300
19.4587,30.4696,-1.0072,1300
19.4788,30.4580,-1.0072,1300
19.4989,30.4580,-0.4476,1300
19.5190,30.4580,-0.4476,1300
19.5390,30.4413,-0.3357,1300
19.5591,30.4413,-0.3357,1300
19.5792,30.4360,-0.3357,1300
19.5993,30.4360,-0.4476,1300
19.6195,30.4360,-0.4476,1300
19.6395,30.4309,0.1119,1300
19.6596,30.4309,0.1119,1300
19.6797,30.4243,0.1119,1300
19.6998,30.4243,-0.2238,1300
19.7199,30.4243,-0.2238,1300
19.7400,30.4359,0.4476,1300
19.7601,30.4359,0.4476,1300
19.7802,30.4578,0.4476,1300
19.8003,30.4578,0.2238,1300
19.8204,30.4578,0.2238,1300
19.8405,30.4861,-0.6714,1300
19.8606,30.4861,-0.6714,1300
19.8807,30.4641,-0.6714,1300
19.9008,30.4641,-0.4476,1300
19.9209,30.4641,-0.4476,1300
19.9410,30.4409,-0.6714,1300
19.9611,30.4409,-0.6714,1300
19.9812,30.4306,-0.6714,1300
20.0013,30.4306,-0.1119,1300
20.0214,30.4306,-0.1119,1300
20.0415,30.4022,-0.2238,1300
20.0616,30.4022,-0.2238,1300
20.0817,30.4022,-0.2238,1300
20.1018,30.4022,-0.3357,1300
20.1219,30.4022,-0.3357,1300
20.1420,30.4305,1.1191,1300
20.1621,30.4305,1.1191,1300
20.1822,30.4576,0.4476,1300
20.2023,30.4576,0.4476,1300
20.2224,30.4576,0.4476,1300
20.2425,30.4691,0.1119,1300
20.2625,30.4691,0.1119,1300
20.2826,30.4573,-0.0000,1300
20.3028,30.4573,-0.0000,1300
20.3229,30.4573,-0.0000,1300
20.3430,30.4354,-1.2310,1300
20.3631,30.4354,-1.2310,1300
20.3832,30.3966,-0.2238,1300
20.4033,30.3966,-0.2238,1300
20.4234,30.3966,-0.2238,1300
20.4435,30.3849,-0.0000,1300
20.4636,30.3849,-0.0000,1300
20.4837,30.3847,-0.2238,1300
20.5038,30.3847,-0.2238,1300
20.5239,30.3847,-0.2238,1300
20.5439,30.3899,0.8952,1300
20.5640,30.3899,0.8952,1300
20.5841,30.4299,-0.7833,1300
20.6042,30.4299,-0.7833,1300
20.6243,30.4182,-0.7833,1300
20.6444,30.4182,-0.5595,1300
20.6645,30.4182,-0.5595,1300
20.6846,30.4181,0.6714,1300
20.7047,30.4181,0.6714,1300
20.7248,30.4015,0.6714,1300
20.7449,30.4015,-1.9024,1300
20.7650,30.4015,-1.9024,1300
20.7851,30.3628,-0.6714,1300
20.8052,30.3628,-0.6714,1300
20.8253,30.3578,-0.6714,1300
20.8454,30.3578,-0.1119,1300
20.8655,30.3578,-0.1119,1300
20.8856,30.3578,0.7833,1300
20.9057,30.3578,0.7833,1300
20.9258,30.3965,0.7833,1300
20.9459,30.3965,0.1119,1300
20.9660,30.3965,0.1119,1300
20.9861,30.4068,-0.3357,1300
21.0062,30.4068,-0.3357,1500
21.0263,30.4184,-0.3357,1500
21.0464,30.4184,-0.8952,1500
21.0664,30.4184,-0.8952,1500
21.0865,30.0684,-27.5288,1500
21.1066,30.0684,-27.5288,1500
21.1268,28.0745,-27.5288,1500
21.1469,28.0745,-67.7030,1500
21.1670,28.0745,-67.7030,1500
21.1870,24.1498,-104.4081,1500
21.2072,24.1498,-104.4081,1500
21.2273,18.4889,-104.4081,1500
21.2474,18.4889,-104.6319,1500
21.2675,18.4889,-104.6319,1500
21.2876,14.7755,-48.9028,1500
21.3077,14.7755,-48.9028,1500
21.3277,12.9854,-48.9028,1500
21.3478,12.9854,10.0715,1500
21.3679,12.9854,10.0715,1500
21.3879,13.9728,30.3265,1500
21.4081,13.9728,30.3265,1500
21.4281,15.3620,30.3265,1500
21.4482,15.3620,18.9121,1500
21.4683,15.3620,18.9121,1500
21.4883,16.0410,2.3500,1500
21.5084,16.0410,2.3500,1500
21.5285,16.0021,2.3500,1500
21.5486,16.0021,-9.8477,1500
21.5686,16.0021,-9.8477,1500
21.5887,15.3224,-22.0454,1500
21.6088,15.3224,-22.0454,1500
21.6289,14.1979,-22.0454,1500
21.6489,14.1979,-22.0454,1500
21.6690,14.1979,-22.0454,1500
21.6891,13.2599,-9.4001,1500
21.7091,13.2599,-9.4001,1500
21.7292,12.8953,-9.4001,1500
21.7493,12.8953,-8.3929,1500
21.7694,12.8953,-8.3929,1500
21.7895,12.3161,-20.4788,1500
21.8095,12.3161,-20.4788,1500
21.8296,11.1097,-20.4788,1500
21.8497,11.1097,-32.2289,1500
21.8698,11.1097,-32.2289,1500
21.8899,9.3948,-37.0408,1500
21.9099,9.3948,-37.0408,1500
21.9300,7.6148,-37.0408,1500
21.9501,7.6148,-32.9003,1500
21.9702,7.6148,-32.9003,1500
21.9902,6.1484,-24.2836,1500
22.0103,6.1484,-24.2836,1500
22.0304,4.9805,-24.2836,1500
22.0505,4.9805,-25.4026,1500
22.0706,4.9805,-25.4026,1500
22.0906,3.5881,-32.2289,1500
22.1107,3.5881,-32.2289,1500
22.1308,1.9189,-32.2289,1500
22.1508,1.9189,-35.5861,1500
22.1709,1.9189,-35.5861,1500
22.1910,0.2587,-32.9003,1500
22.2111,0.2587,-32.9003,1500
22.2311,-0.7894,-32.9003,1500
22.2512,-0.7894,-31.1098,1500
22.2713,-0.7894,-31.1098,1500
22.2913,0.4884,-28.4241,1500
22.3114,0.4884,-28.4241,1500
22.3315,1.7224,-28.4241,1500
22.3516,1.7224,-24.0598,1500
22.3717,1.7224,-24.0598,1500
22.3917,2.8222,-17.5692,1500
22.4118,2.8222,-17.5692,1500
22.4319,3.5801,-17.5692,1500
22.4520,3.5801,-10.0715,1500
22.4721,3.5801,-10.0715,1500
22.4921,3.9889,-1.7905,1500
22.5122,3.9889,-1.7905,1500
22.5323,3.9126,-1.7905,1500
22.5524,3.9126,6.8263,1500
22.5724,3.9126,6.8263,1500
22.5925,3.4645,13.7644,1500
22.6126,3.4645,13.7644,1500
22.6327,2.6889,13.7644,1500
22.6528,2.6889,19.2478,1500
22.6728,2.6889,19.2478,1500
22.6929,1.6988,23.1645,1500
22.7130,1.6988,23.1645,1500
22.7331,0.5442,23.1645,1500
22.7532,0.5442,25.2907,1500
22.7732,0.5442,25.2907,1500
22.7933,-0.7272,25.6264,1500
22.8134,-0.7272,25.6264,1500
22.8335,-0.5935,23.9478,1500
22.8535,-0.5935,23.9478,1500
22.8736,-0.5935,23.9478,1500
22.8937,0.6194,20.4788,1500
22.9138,0.6194,20.4788,1500
22.9339,1.5539,15.4430,1500
22.9539,1.5539,15.4430,1500
22.9740,1.5539,15.4430,1500
22.9941,2.2385,9.1763,1500
23.0142,2.2385,9.1763,1500
23.0343,2.5618,2.1262,1500
23.0543,2.5618,2.1262,1500
23.0744,2.5618,2.1262,1500
23.0945,2.5611,-5.1477,1500
23.1146,2.5611,-5.1477,1500
23.1346,2.1535,-11.3025,1500
23.1547,2.1535,-11.3025,1500
23.1748,1.5653,-11.3025,1500
23.1949,1.5653,-16.2263,1500
23.2150,1.5653,-16.2263,1500
23.2350,0.7968,-19.5835,1500
23.2551,0.7968,-19.5835,1500
23.2752,-0.4874,-19.5835,1500
23.2953,-0.4874,-21.5978,1500
23.3154,-0.4874,-21.5978,1500
23.3354,-0.8638,-22.0454,1500
23.3555,-0.8638,-22.0454,1500
23.3756,-0.1074,-22.0454,1500
23.3957,-0.1074,-20.5907,1500
23.4157,-0.1074,-20.5907,1500
23.4358,0.8780,-17.4573,1500
23.4559,0.8780,-17.4573,1500
23.4760,1.7161,-17.4573,1500
23.4960,1.7161,-12.8692,1500
23.5161,1.7161,-12.8692,1500
23.5362,2.2599,-7.3858,1500
23.5563,2.2599,-7.3858,1500
23.5763,2.6291,-7.3858,1500
23.5964,2.6291,-1.5667,1500
23.6165,2.6291,-1.5667,1500
23.6366,2.5594,4.1405,1500
23.6566,2.5594,4.1405,1500
23.6767,2.2634,4.1405,1500
23.6968,2.2634,9.2882,1500
23.7169,2.2634,9.2882,1500
23.7370,1.7428,13.2049,1500
23.7570,1.7428,13.2049,1500
23.7771,1.0849,13.2049,1500
23.7972,1.0849,16.1144,1500
23.8173,1.0849,16.1144,1500
23.8373,0.2545,17.4573,1500
23.8574,0.2545,17.4573,1500
23.8775,-0.6955,17.4573,1500
23.8975,-0.6955,17.7930,1500
23.9176,-0.6955,17.7930,1500
23.9377,-0.8824,16.4502,1500
23.9578,-0.8824,16.4502,1500
23.9778,-0.5192,16.4502,1500
23.9979,-0.5192,13.9882,1500
