t_s,iteration,sensor_mode,new_data,psi_deg,psi_dot_dps,psi_enc_deg,psi_imu_deg,phi_yaw_deg,setpoint_deg,rest_angle_deg,error_deg,integral_deg_s,u_norm,u_p,u_i,u_d,u_g,pwm_us
0.0000,1,enc,1,-0.0000,0.0000,-0.0000,0.0001,0.0232,20.00,82.20,20.0000,0.1000,0.471340,0.177778,0.000333,-0.000000,0.293229,1480
0.0086,2,enc,0,-0.0000,0.0000,-0.0000,0.0001,0.0232,20.00,82.20,20.0000,0.2000,0.471673,0.177778,0.000667,-0.000000,0.293229,1460
0.0137,3,enc,0,-0.0000,0.0000,-0.0000,0.0001,0.0232,20.00,82.20,20.0000,0.3000,0.472006,0.177778,0.001000,-0.000000,0.293229,1440
0.0188,4,enc,0,-0.0000,0.0000,-0.0000,0.0001,0.0232,20.00,82.20,20.0000,0.4000,0.472340,0.177778,0.001333,-0.000000,0.293229,1420
0.0239,5,enc,0,-0.0000,0.0000,-0.0000,0.0001,0.0232,20.00,82.20,20.0000,0.5000,0.472673,0.177778,0.001667,-0.000000,0.293229,1400
0.0289,6,enc,0,-0.0000,0.0000,-0.0000,0.0001,0.0232,20.00,82.20,20.0000,0.6000,0.473006,0.177778,0.002000,-0.000000,0.293229,1380
0.0340,7,enc,0,-0.0000,0.0000,-0.0000,0.0001,0.0232,20.00,82.20,20.0000,0.7000,0.473340,0.177778,0.002333,-0.000000,0.293229,1360
0.0391,8,enc,0,-0.0000,0.0000,-0.0000,0.0001,0.0232,20.00,82.20,20.0000,0.8000,0.473673,0.177778,0.002667,-0.000000,0.293229,1340
0.0441,9,enc,0,-0.0000,0.0000,-0.0000,0.0001,0.0232,20.00,82.20,20.0000,0.9000,0.474006,0.177778,0.003000,-0.000000,0.293229,1320
0.0492,10,enc,0,-0.0000,0.0000,-0.0000,0.0001,0.0232,20.00,82.20,20.0000,1.0000,0.474340,0.177778,0.003333,-0.000000,0.293229,1300
0.0543,11,enc,0,-0.0000,0.0000,-0.0000,0.0001,0.0232,20.00,82.20,20.0000,1.1000,0.474673,0.177778,0.003667,-0.000000,0.293229,1296
0.0594,12,enc,0,-0.0000,0.0000,-0.0000,0.0001,0.0232,20.00,82.20,20.0000,1.2000,0.475006,0.177778,0.004000,-0.000000,0.293229,1296
0.0644,13,enc,0,-0.0000,0.0000,-0.0000,0.0001,0.0232,20.00,82.20,20.0000,1.3000,0.475340,0.177778,0.004333,-0.000000,0.293229,1296
0.0696,14,enc,0,-0.0000,0.0000,-0.0000,0.0001,0.0232,20.00,82.20,20.0000,1.4000,0.475673,0.177778,0.004667,-0.000000,0.293229,1296
0.0747,15,enc,0,-0.0000,0.0000,-0.0000,0.0001,0.0232,20.00,82.20,20.0000,1.5000,0.476006,0.177778,0.005000,-0.000000,0.293229,1296
0.0798,16,enc,0,-0.0000,0.0000,-0.0000,0.0001,0.0232,20.00,82.20,20.0000,1.6000,0.476340,0.177778,0.005333,-0.000000,0.293229,1296
0.0849,17,enc,0,-0.0000,0.0000,-0.0000,0.0001,0.0232,20.00,82.20,20.0000,1.7000,0.476673,0.177778,0.005667,-0.000000,0.293229,1296
0.0904,18,enc,0,-0.0000,0.0000,-0.0000,0.0001,0.0232,20.00,82.20,20.0000,1.8000,0.477006,0.177778,0.006000,-0.000000,0.293229,1296
0.0955,19,enc,0,-0.0000,0.0000,-0.0000,0.0001,0.0232,20.00,82.20,20.0000,1.9000,0.477340,0.177778,0.006333,-0.000000,0.293229,1295
0.1006,20,enc,1,-0.0000,0.0000,-0.0000,0.0111,0.0039,20.00,82.20,20.0000,2.0000,0.477673,0.177778,0.006667,-0.000000,0.293229,1295
0.1065,21,enc,0,-0.0000,0.0000,-0.0000,0.0111,0.0039,20.00,82.20,20.0000,2.1000,0.478006,0.177778,0.007000,-0.000000,0.293229,1295
0.1116,22,enc,0,-0.0000,0.0000,-0.0000,0.0111,0.0039,20.00,82.20,20.0000,2.2000,0.478340,0.177778,0.007333,-0.000000,0.293229,1295
0.1169,23,enc,0,-0.0000,0.0000,-0.0000,0.0111,0.0039,20.00,82.20,20.0000,2.3000,0.478673,0.177778,0.007667,-0.000000,0.293229,1295
0.1220,24,enc,0,-0.0000,0.0000,-0.0000,0.0111,0.0039,20.00,82.20,20.0000,2.4000,0.479006,0.177778,0.008000,-0.000000,0.293229,1295
0.1273,25,enc,0,-0.0000,0.0000,-0.0000,0.0111,0.0039,20.00,82.20,20.0000,2.5000,0.479340,0.177778,0.008333,-0.000000,0.293229,1295
0.1324,26,enc,1,-0.0000,0.0000,-0.0000,0.0032,-0.0355,20.00,82.20,20.0000,2.6000,0.479673,0.177778,0.008667,-0.000000,0.293229,1295
0.1376,27,enc,0,-0.0000,0.0000,-0.0000,0.0032,-0.0355,20.00,82.20,20.0000,2.7000,0.480006,0.177778,0.009000,-0.000000,0.293229,1294
0.1427,28,enc,0,-0.0000,0.0000,-0.0000,0.0032,-0.0355,20.00,82.20,20.0000,2.8000,0.480340,0.177778,0.009333,-0.000000,0.293229,1294
0.1478,29,enc,0,-0.0000,0.0000,-0.0000,0.0032,-0.0355,20.00,82.20,20.0000,2.9000,0.480673,0.177778,0.009667,-0.000000,0.293229,1294
0.1529,30,enc,0,-0.0000,0.0000,-0.0000,0.0032,-0.0355,20.00,82.20,20.0000,3.0000,0.481006,0.177778,0.010000,-0.000000,0.293229,1294
0.1580,31,enc,0,-0.0000,0.0000,-0.0000,0.0032,-0.0355,20.00,82.20,20.0000,3.1000,0.481340,0.177778,0.010333,-0.000000,0.293229,1294
0.1631,32,enc,0,-0.0000,0.0000,-0.0000,0.0032,-0.0355,20.00,82.20,20.0000,3.2000,0.481673,0.177778,0.010667,-0.000000,0.293229,1294
0.1683,33,enc,0,-0.0000,0.0000,-0.0000,0.0032,-0.0355,20.00,82.20,20.0000,3.3000,0.482006,0.177778,0.011000,-0.000000,0.293229,1294
0.1734,34,enc,0,-0.0000,0.0000,-0.0000,0.0032,-0.0355,20.00,82.20,20.0000,3.4000,0.482340,0.177778,0.011333,-0.000000,0.293229,1294
0.1785,35,enc,1,-0.0000,0.0000,-0.0000,0.0142,-0.0548,20.00,82.20,20.0000,3.5000,0.482673,0.177778,0.011667,-0.000000,0.293229,1293
0.1835,36,enc,1,-0.0000,0.0000,-0.0000,-0.0228,-0.1043,20.00,82.20,20.0000,3.6000,0.483006,0.177778,0.012000,-0.000000,0.293229,1293
0.1886,37,enc,0,-0.0000,0.0000,-0.0000,-0.0228,-0.1043,20.00,82.20,20.0000,3.7000,0.483340,0.177778,0.012333,-0.000000,0.293229,1293
0.1937,38,enc,0,-0.0000,0.0000,-0.0000,-0.0228,-0.1043,20.00,82.20,20.0000,3.8000,0.483673,0.177778,0.012667,-0.000000,0.293229,1293
0.1988,39,enc,0,-0.0000,0.0000,-0.0000,-0.0228,-0.1043,20.00,82.20,20.0000,3.9000,0.484006,0.177778,0.013000,-0.000000,0.293229,1293
0.2039,40,enc,1,-0.0000,0.0000,-0.0000,0.0104,-0.0979,20.00,82.20,20.0000,4.0000,0.484340,0.177778,0.013333,-0.000000,0.293229,1293
0.2090,41,enc,1,-0.0000,0.0000,-0.0000,-0.0006,-0.0787,20.00,82.20,20.0000,4.1000,0.484673,0.177778,0.013667,-0.000000,0.293229,1293
0.2141,42,enc,0,-0.0000,0.0000,-0.0000,-0.0006,-0.0787,20.00,82.20,20.0000,4.2000,0.485006,0.177778,0.014000,-0.000000,0.293229,1293
0.2192,43,enc,0,-0.0000,0.0000,-0.0000,-0.0006,-0.0787,20.00,82.20,20.0000,4.3000,0.485340,0.177778,0.014333,-0.000000,0.293229,1292
0.2242,44,enc,0,-0.0000,0.0000,-0.0000,-0.0006,-0.0787,20.00,82.20,20.0000,4.4000,0.485673,0.177778,0.014667,-0.000000,0.293229,1292
0.2293,45,enc,0,-0.0000,0.0000,-0.0000,-0.0006,-0.0787,20.00,82.20,20.0000,4.5000,0.486006,0.177778,0.015000,-0.000000,0.293229,1292
0.2344,46,enc,0,-0.0000,0.0000,-0.0000,-0.0006,-0.0787,20.00,82.20,20.0000,4.6000,0.486340,0.177778,0.015333,-0.000000,0.293229,1292
0.2395,47,enc,0,-0.0000,0.0000,-0.0000,-0.0006,-0.0787,20.00,82.20,20.0000,4.7000,0.486673,0.177778,0.015667,-0.000000,0.293229,1292
0.2446,48,enc,0,-0.0000,0.0000,-0.0000,-0.0006,-0.0787,20.00,82.20,20.0000,4.8000,0.487006,0.177778,0.016000,-0.000000,0.293229,1292
0.2497,49,enc,1,-0.0000,0.0000,-0.0000,-0.0377,-0.1284,20.00,82.20,20.0000,4.9000,0.487340,0.177778,0.016333,-0.000000,0.293229,1292
0.2547,50,enc,0,-0.0000,0.0000,-0.0000,-0.0377,-0.1284,20.00,82.20,20.0000,5.0000,0.487673,0.177778,0.016667,-0.000000,0.293229,1292
0.2598,51,enc,1,-0.0000,0.0000,-0.0000,-0.0298,-0.0889,20.00,82.20,20.0000,5.1000,0.488006,0.177778,0.017000,-0.000000,0.293229,1291
0.2649,52,enc,0,-0.0000,0.0000,-0.0000,-0.0298,-0.0889,20.00,82.20,20.0000,5.2000,0.488340,0.177778,0.017333,-0.000000,0.293229,1291
0.2700,53,enc,0,-0.0000,0.0000,-0.0000,-0.0298,-0.0889,20.00,82.20,20.0000,5.3000,0.488673,0.177778,0.017667,-0.000000,0.293229,1291
0.2751,54,enc,0,-0.0000,0.0000,-0.0000,-0.0298,-0.0889,20.00,82.20,20.0000,5.4000,0.489006,0.177778,0.018000,-0.000000,0.293229,1291
0.2802,55,enc,0,-0.0000,0.0000,-0.0000,-0.0298,-0.0889,20.00,82.20,20.0000,5.5000,0.489340,0.177778,0.018333,-0.000000,0.293229,1291
0.2853,56,enc,0,-0.0000,0.0000,-0.0000,-0.0298,-0.0889,20.00,82.20,20.0000,5.6000,0.489673,0.177778,0.018667,-0.000000,0.293229,1291
0.2904,57,enc,0,-0.0000,0.0000,-0.0000,-0.0298,-0.0889,20.00,82.20,20.0000,5.7000,0.490006,0.177778,0.019000,-0.000000,0.293229,1291
0.2955,58,enc,1,-0.0000,0.0000,-0.0000,0.0035,-0.0825,20.00,82.20,20.0000,5.8000,0.490340,0.177778,0.019333,-0.000000,0.293229,1291
0.3006,59,enc,0,-0.0000,0.0000,-0.0000,0.0035,-0.0825,20.00,82.20,20.0000,5.9000,0.490673,0.177778,0.019667,-0.000000,0.293229,1290
0.3056,60,enc,0,-0.0000,0.0000,-0.0000,0.0035,-0.0825,20.00,82.20,20.0000,6.0000,0.491006,0.177778,0.020000,-0.000000,0.293229,1290
0.3107,61,enc,0,-0.0000,0.0000,-0.0000,0.0035,-0.0825,20.00,82.20,20.0000,6.1000,0.491340,0.177778,0.020333,-0.000000,0.293229,1290
0.3158,62,enc,0,-0.0000,0.0000,-0.0000,0.0035,-0.0825,20.00,82.20,20.0000,6.2000,0.491673,0.177778,0.020667,-0.000000,0.293229,1290
0.3209,63,enc,1,-0.0000,0.0000,-0.0000,-0.0076,-0.0632,20.00,82.20,20.0000,6.3000,0.492006,0.177778,0.021000,-0.000000,0.293229,1290
0.3260,64,enc,0,-0.0000,0.0000,-0.0000,-0.0076,-0.0632,20.00,82.20,20.0000,6.4000,0.492340,0.177778,0.021333,-0.000000,0.293229,1290
0.3311,65,enc,0,-0.0000,0.0000,-0.0000,-0.0076,-0.0632,20.00,82.20,20.0000,6.5000,0.492673,0.177778,0.021667,-0.000000,0.293229,1290
0.3362,66,enc,1,-0.0000,0.0000,-0.0000,-0.0447,-0.113,20.00,82.20,20.0000,6.6000,0.493006,0.177778,0.022000,-0.000000,0.293229,1290
0.3420,67,enc,0,-0.0000,0.0000,-0.0000,-0.0447,-0.113,20.00,82.20,20.0000,6.7000,0.493340,0.177778,0.022333,-0.000000,0.293229,1289
0.3471,68,enc,0,-0.0000,0.0000,-0.0000,-0.0447,-0.113,20.00,82.20,20.0000,6.8000,0.493673,0.177778,0.022667,-0.000000,0.293229,1289
0.3522,69,enc,0,-0.0000,0.0000,-0.0000,-0.0447,-0.113,20.00,82.20,20.0000,6.9000,0.494006,0.177778,0.023000,-0.000000,0.293229,1289
0.3573,70,enc,1,-0.0000,0.0000,-0.0000,-0.0336,-0.1322,20.00,82.20,20.0000,7.0000,0.494340,0.177778,0.023333,-0.000000,0.293229,1289
0.3623,71,enc,1,-0.0000,0.0000,-0.0000,-0.0374,-0.1756,20.00,82.20,20.0000,7.1000,0.494673,0.177778,0.023667,-0.000000,0.293229,1289
0.3674,72,enc,0,-0.0000,0.0000,-0.0000,-0.0374,-0.1361,20.00,82.20,20.0000,7.2000,0.495006,0.177778,0.024000,-0.000000,0.293229,1289
0.3725,73,enc,1,-0.0000,0.0000,-0.0000,-0.0333,-0.1796,20.00,82.20,20.0000,7.3000,0.495340,0.177778,0.024333,-0.000000,0.293229,1289
0.3776,74,enc,0,-0.0000,0.0000,-0.0000,-0.0333,-0.1796,20.00,82.20,20.0000,7.4000,0.495673,0.177778,0.024667,-0.000000,0.293229,1289
0.3827,75,enc,1,0.1800,10.8000,0.1800,-0.0744,-0.2732,20.00,82.20,19.8200,7.4991,0.434403,0.176178,0.024997,-0.060000,0.293229,1309
0.3878,76,enc,1,0.1800,7.5600,0.1800,-0.0814,-0.258,20.00,82.20,19.8200,7.5982,0.452734,0.176178,0.025327,-0.042000,0.293229,1305
0.3930,77,enc,1,0.1800,5.2920,0.1800,-0.0852,-0.3018,20.00,82.20,19.8200,7.6973,0.465664,0.176178,0.025658,-0.029400,0.293229,1300
0.3982,78,enc,1,0.1800,3.7044,0.1800,-0.0815,-0.3447,20.00,82.20,19.8200,7.7964,0.474814,0.176178,0.025988,-0.020580,0.293229,1296
0.4033,79,enc,1,0.1800,2.5931,0.1800,-0.126,-0.3801,20.00,82.20,19.8200,7.8955,0.481319,0.176178,0.026318,-0.014406,0.293229,1294
0.4084,80,enc,1,0.1800,1.8152,0.1800,-0.122,-0.449,20.00,82.20,19.8200,7.9946,0.485971,0.176178,0.026649,-0.010084,0.293229,1292
0.4135,81,enc,1,0.1800,1.2706,0.1800,-0.1212,-0.4587,20.00,82.20,19.8200,8.0937,0.489327,0.176178,0.026979,-0.007059,0.293229,1291
0.4186,82,enc,1,0.1800,0.8894,0.1800,-0.1058,-0.4825,20.00,82.20,19.8200,8.1928,0.491775,0.176178,0.027309,-0.004941,0.293229,1290
0.4237,83,enc,1,0.1800,0.6226,0.1800,-0.1847,-0.5643,20.00,82.20,19.8200,8.2919,0.493587,0.176178,0.027640,-0.003459,0.293229,1289
0.4288,84,enc,1,0.1800,0.4358,0.1800,-0.1808,-0.6085,20.00,82.20,19.8200,8.3910,0.494955,0.176178,0.027970,-0.002421,0.293229,1289
0.4339,85,enc,1,0.1800,0.3051,0.1800,-0.1846,-0.6533,20.00,82.20,19.8200,8.4901,0.496012,0.176178,0.028300,-0.001695,0.293229,1288
0.4390,86,enc,1,0.3600,11.0136,0.3600,-0.222,-0.7547,20.00,82.20,19.6400,8.5883,0.435248,0.174578,0.028628,-0.061186,0.293229,1308
0.4441,87,enc,1,0.3600,7.7095,0.3600,-0.2295,-0.8452,20.00,82.20,19.6400,8.6865,0.453931,0.174578,0.028955,-0.042830,0.293229,1304
0.4491,88,enc,1,0.3600,5.3966,0.3600,-0.2671,-0.9478,20.00,82.20,19.6400,8.7847,0.467107,0.174578,0.029282,-0.029981,0.293229,1299
0.4542,89,enc,1,0.3600,3.7776,0.3600,-0.2816,-1.0251,20.00,82.20,19.6400,8.8829,0.476429,0.174578,0.029610,-0.020987,0.293229,1296
0.4593,90,enc,1,0.3600,2.6444,0.3600,-0.3158,-1.124,20.00,82.20,19.6400,8.9811,0.483053,0.174578,0.029937,-0.014691,0.293229,1293
0.4644,91,enc,1,0.3600,1.8510,0.3600,-0.3455,-1.2296,20.00,82.20,19.6400,9.0793,0.487787,0.174578,0.030264,-0.010284,0.293229,1292
0.4695,92,enc,1,0.5400,12.0957,0.5400,-0.4066,-1.2959,20.00,82.20,19.4600,9.1766,0.429597,0.172978,0.030589,-0.067199,0.293229,1312
0.4748,93,enc,1,0.5400,8.4670,0.5400,-0.4059,-1.3909,20.00,82.20,19.4600,9.2739,0.450080,0.172978,0.030913,-0.047039,0.293229,1306
0.4799,94,enc,1,0.5400,5.9269,0.5400,-0.4241,-1.5192,20.00,82.20,19.4600,9.3712,0.464517,0.172978,0.031237,-0.032927,0.293229,1300
0.4850,95,enc,1,0.5400,4.1488,0.5400,-0.4776,-1.6553,20.00,82.20,19.4600,9.4685,0.474719,0.172978,0.031562,-0.023049,0.293229,1296
0.4901,96,enc,1,0.7200,13.7042,0.7200,-0.5043,-1.8276,20.00,82.20,19.2800,9.5649,0.420355,0.171378,0.031883,-0.076134,0.293229,1316
0.4952,97,enc,1,0.7200,9.5929,0.7200,-0.5652,-1.9539,20.00,82.20,19.2800,9.6613,0.443517,0.171378,0.032204,-0.053294,0.293229,1308
0.5003,98,enc,1,0.7200,6.7151,0.7200,-0.6281,-2.1361,20.00,82.20,19.2800,9.7577,0.459826,0.171378,0.032526,-0.037306,0.293229,1302
0.5054,99,enc,1,0.7200,4.7005,0.7200,-0.61,-2.2652,20.00,82.20,19.2800,9.8541,0.471339,0.171378,0.032847,-0.026114,0.293229,1298
0.5104,100,enc,1,0.9000,14.0904,0.9000,-0.6838,-2.4889,20.00,82.20,19.1000,9.9496,0.417892,0.169778,0.033165,-0.078280,0.293229,1318
0.5155,101,enc,1,0.9000,9.8633,0.9000,-0.7423,-2.6852,20.00,82.20,19.1000,10.0451,0.441694,0.169778,0.033484,-0.054796,0.293229,1309
0.5206,102,enc,1,0.9000,6.9043,0.9000,-0.7762,-3.0322,20.00,82.20,19.1000,10.1406,0.458451,0.169778,0.033802,-0.038357,0.293229,1303
0.5257,103,enc,0,1.0800,15.6330,1.0800,-0.8101,-3.0322,20.00,82.20,18.9200,10.2352,0.408674,0.168178,0.034117,-0.086850,0.293229,1321
0.5308,104,enc,1,1.0800,10.9431,1.0800,-0.8762,-3.4783,20.00,82.20,18.9200,10.3298,0.435044,0.168178,0.034433,-0.060795,0.293229,1311
0.5359,105,enc,0,1.0800,7.6602,1.0800,-0.9014,-3.4783,20.00,82.20,18.9200,10.4244,0.453598,0.168178,0.034748,-0.042556,0.293229,1304
0.5410,106,enc,1,1.2600,16.1621,1.2600,-1.0181,-4.0166,20.00,82.20,18.7400,10.5181,0.405077,0.166578,0.035060,-0.089790,0.293229,1323
0.5461,107,enc,0,1.2600,11.3135,1.2600,-1.0181,-4.0166,20.00,82.20,18.7400,10.6118,0.432326,0.166578,0.035373,-0.062853,0.293229,1312
0.5512,108,enc,1,1.2600,7.9194,1.2600,-1.1264,-4.5296,20.00,82.20,18.7400,10.7055,0.451495,0.166578,0.035685,-0.043997,0.293229,1305
0.5563,109,enc,0,1.4400,16.3436,1.4400,-1.1264,-4.5296,20.00,82.20,18.5600,10.7983,0.403403,0.164978,0.035994,-0.090798,0.293229,1323
0.5614,110,enc,1,1.4400,11.4405,1.4400,-1.2388,-5.1191,20.00,82.20,18.5600,10.8911,0.430952,0.164978,0.036304,-0.063558,0.293229,1313
0.5664,111,enc,0,1.6200,18.8084,1.6200,-1.2388,-5.1191,20.00,82.20,18.3800,10.9830,0.388726,0.163378,0.036610,-0.104491,0.293229,1329
0.5715,112,enc,1,1.6200,13.1659,1.6200,-1.355,-5.7912,20.00,82.20,18.3800,11.0749,0.420379,0.163378,0.036916,-0.073144,0.293229,1317
0.5766,113,enc,0,1.8000,20.0161,1.8000,-1.355,-6.194,20.00,82.20,18.2000,11.1659,0.381026,0.161778,0.037220,-0.111201,0.293229,1332
0.5817,114,enc,0,1.8000,14.0113,1.8000,-1.4405,-6.6015,20.00,82.20,18.2000,11.2569,0.414689,0.161778,0.037523,-0.077840,0.293229,1319
0.5868,115,enc,0,1.9800,20.6079,1.9800,-1.5338,-6.9701,20.00,82.20,18.0200,11.3470,0.376742,0.160178,0.037823,-0.114488,0.293229,1333
0.5919,116,enc,0,1.9800,14.4255,1.9800,-1.5683,-7.3999,20.00,82.20,18.0200,11.4371,0.411388,0.160178,0.038124,-0.080142,0.293229,1320
0.5970,117,enc,1,2.1600,20.8979,2.1600,-1.7467,-7.7725,20.00,82.20,17.8400,11.5263,0.374128,0.158578,0.038421,-0.116099,0.293229,1334
0.6027,118,enc,1,2.1600,14.6285,2.1600,-1.8457,-8.2878,20.00,82.20,17.8400,11.6155,0.409255,0.158578,0.038718,-0.081269,0.293229,1321
0.6078,119,enc,1,2.3400,21.0400,2.3400,-1.8974,-8.7432,20.00,82.20,17.6600,11.7038,0.372330,0.156978,0.039013,-0.116889,0.293229,1335
0.6128,120,enc,1,2.3400,14.7280,2.3400,-1.9311,-9.1613,20.00,82.20,17.6600,11.7921,0.407691,0.156978,0.039307,-0.081822,0.293229,1322
0.6179,121,enc,1,2.5200,21.1096,2.5200,-2.0309,-9.7183,20.00,82.20,17.4800,11.8795,0.370929,0.155378,0.039598,-0.117275,0.293229,1335
0.6230,122,enc,1,2.5200,14.7767,2.5200,-2.0821,-10.2125,20.00,82.20,17.4800,11.9669,0.406403,0.155378,0.039890,-0.082093,0.293229,1322
0.6281,123,enc,1,2.7000,21.1437,2.7000,-2.183,-10.8015,20.00,82.20,17.3000,12.0534,0.369719,0.153778,0.040178,-0.117465,0.293229,1336
0.6332,124,enc,1,2.7000,14.8006,2.7000,-2.2779,-11.3999,20.00,82.20,17.3000,12.1399,0.405247,0.153778,0.040466,-0.082225,0.293229,1323
0.6382,125,enc,1,2.8800,21.1604,2.8800,-2.3206,-11.9683,20.00,82.20,17.1200,12.2255,0.368600,0.152178,0.040752,-0.117558,0.293229,1336
0.6433,126,enc,1,2.8800,14.8123,2.8800,-2.4265,-12.6907,20.00,82.20,17.1200,12.3111,0.404153,0.152178,0.041037,-0.082290,0.293229,1323
0.6484,127,enc,1,3.0600,21.1686,3.0600,-2.4614,-13.2852,20.00,82.20,16.9400,12.3958,0.367522,0.150578,0.041319,-0.117603,0.293229,1337
0.6535,128,enc,1,3.2400,25.6180,3.2400,-2.5842,-14.033,20.00,82.20,16.7600,12.4796,0.341483,0.148978,0.041599,-0.142322,0.293229,1346
0.6586,129,enc,1,3.2400,17.9326,3.2400,-2.673,-14.7569,20.00,82.20,16.7600,12.5634,0.384459,0.148978,0.041878,-0.099626,0.293229,1330
0.6636,130,enc,1,3.4200,23.3528,3.4200,-2.7332,-15.4993,20.00,82.20,16.5800,12.6463,0.353023,0.147378,0.042154,-0.129738,0.293229,1342
0.6687,131,enc,1,3.4200,16.3470,3.4200,-2.7666,-16.1727,20.00,82.20,16.5800,12.7292,0.392221,0.147378,0.042431,-0.090817,0.293229,1327
0.6738,132,enc,1,3.6000,22.2429,3.6000,-2.8952,-17.1162,20.00,82.20,16.4000,12.8112,0.358139,0.145778,0.042704,-0.123572,0.293229,1340
0.6789,133,enc,1,3.7800,26.3700,3.7800,-2.9897,-17.8687,20.00,82.20,16.2200,12.8923,0.333881,0.144178,0.042974,-0.146500,0.293229,1349
0.6840,134,enc,1,3.7800,18.4590,3.7800,-3.0447,-18.7907,20.00,82.20,16.2200,12.9734,0.378101,0.144178,0.043245,-0.102550,0.293229,1333
0.6891,135,enc,1,3.9600,23.7213,3.9600,-3.1451,-19.8005,20.00,82.20,16.0400,13.0536,0.347533,0.142578,0.043512,-0.131785,0.293229,1344
0.6941,136,enc,1,3.9600,16.6049,3.9600,-3.1992,-20.79,20.00,82.20,16.0400,13.1338,0.387336,0.142578,0.043779,-0.092250,0.293229,1329
0.6992,137,enc,1,4.1400,22.4234,4.1400,-3.2478,-21.5989,20.00,82.20,15.8600,13.2131,0.353675,0.140978,0.044044,-0.124575,0.293229,1342
0.7043,138,enc,1,4.3200,26.4964,4.3200,-3.3006,-23.7322,20.00,82.20,15.6800,13.2915,0.329709,0.139378,0.044305,-0.147202,0.293229,1351
0.7112,139,enc,0,4.5000,29.3475,4.5000,-3.4325,-23.7322,20.00,82.20,15.5000,13.3690,0.312528,0.137778,0.044563,-0.163042,0.293229,1357
0.7165,140,enc,1,4.5000,20.5432,4.5000,-3.5844,-25.9776,20.00,82.20,15.5000,13.4465,0.361699,0.137778,0.044822,-0.114129,0.293229,1339
0.7216,141,enc,0,4.6800,25.1803,4.6800,-3.5844,-25.9776,20.00,82.20,15.3200,13.5231,0.334593,0.136178,0.045077,-0.139890,0.293229,1349
0.7267,142,enc,1,4.6800,17.6262,4.6800,-3.6767,-28.4469,20.00,82.20,15.3200,13.5997,0.376816,0.136178,0.045332,-0.097923,0.293229,1333
0.7318,143,enc,0,4.8600,23.1383,4.8600,-3.6767,-29.6014,20.00,82.20,15.1400,13.6754,0.344845,0.134578,0.045585,-0.128546,0.293229,1345
0.7369,144,enc,1,5.0400,26.9968,5.0400,-3.861,-30.9339,20.00,82.20,14.9600,13.7502,0.322058,0.132978,0.045834,-0.149982,0.293229,1354
0.7419,145,enc,1,5.0400,18.8978,5.0400,-3.8928,-32.26,20.00,82.20,14.9600,13.8250,0.367302,0.132978,0.046083,-0.104988,0.293229,1337
0.7470,146,enc,1,5.2200,24.0284,5.2200,-3.94,-33.6763,20.00,82.20,14.7800,13.8989,0.337445,0.131378,0.046330,-0.133491,0.293229,1348
0.7521,147,enc,1,5.2200,16.8199,5.2200,-3.9849,-34.9929,20.00,82.20,14.7800,13.9728,0.377738,0.131378,0.046576,-0.093444,0.293229,1333
0.7574,148,enc,1,5.4000,22.5739,5.4000,-4.1027,-36.4914,20.00,82.20,14.6000,14.0458,0.344415,0.129778,0.046819,-0.125411,0.293229,1345
0.7625,149,enc,1,5.5800,26.6018,5.5800,-4.1466,-37.8837,20.00,82.20,14.4200,14.1179,0.320679,0.128178,0.047060,-0.147788,0.293229,1354
0.7676,150,enc,1,5.5800,18.6212,5.5800,-4.1716,-39.2721,20.00,82.20,14.4200,14.1900,0.365255,0.128178,0.047300,-0.103451,0.293229,1338
0.7727,151,enc,1,5.7600,23.8349,5.7600,-4.2143,-40.8924,20.00,82.20,14.2400,14.2612,0.334928,0.126578,0.047537,-0.132416,0.293229,1349
0.7778,152,enc,1,5.9400,27.4844,5.9400,-4.2551,-42.3965,20.00,82.20,14.0600,14.3315,0.313287,0.124978,0.047772,-0.152691,0.293229,1357
0.7829,153,enc,1,5.9400,19.2391,5.9400,-4.2949,-43.9349,20.00,82.20,14.0600,14.4018,0.359329,0.124978,0.048006,-0.106884,0.293229,1340
0.7881,154,enc,1,6.1200,24.2674,6.1200,-4.2796,-45.6859,20.00,82.20,13.8800,14.4712,0.330025,0.123378,0.048237,-0.134819,0.293229,1351
0.7932,155,enc,1,6.1200,16.9872,6.1200,-4.3712,-47.1098,20.00,82.20,13.8800,14.5406,0.370702,0.123378,0.048469,-0.094373,0.293229,1335
0.7983,156,enc,1,6.3000,22.6910,6.3000,-4.3886,-48.88,20.00,82.20,13.7000,14.6091,0.337642,0.121778,0.048697,-0.126061,0.293229,1348
0.8034,157,enc,1,6.3000,15.8837,6.3000,-4.4236,-50.3787,20.00,82.20,13.7000,14.6776,0.375689,0.121778,0.048925,-0.088243,0.293229,1334
0.8085,158,enc,1,6.4800,21.9186,6.4800,-4.4331,-52.0457,20.00,82.20,13.5200,14.7452,0.340787,0.120178,0.049151,-0.121770,0.293229,1347
0.8136,159,enc,1,6.6600,26.1430,6.6600,-4.4659,-53.5882,20.00,82.20,13.3400,14.8119,0.315940,0.118578,0.049373,-0.145239,0.293229,1356
0.8186,160,enc,1,6.6600,18.3001,6.6600,-4.4977,-55.1502,20.00,82.20,13.3400,14.8786,0.359735,0.118578,0.049595,-0.101667,0.293229,1340
0.8237,161,enc,1,6.8400,23.6101,6.8400,-4.503,-56.8696,20.00,82.20,13.1600,14.9444,0.328854,0.116978,0.049815,-0.131167,0.293229,1351
0.8288,162,enc,1,6.8400,16.5271,6.8400,-4.4258,-58.2698,20.00,82.20,13.1600,15.0102,0.368423,0.116978,0.050034,-0.091817,0.293229,1336
0.8339,163,enc,1,7.0200,22.3689,7.0200,-4.5356,-60.0333,20.00,82.20,12.9800,15.0751,0.334585,0.115378,0.050250,-0.124272,0.293229,1349
0.8390,164,enc,1,7.0200,15.6583,7.0200,-4.4799,-61.4883,20.00,82.20,12.9800,15.1400,0.372083,0.115378,0.050467,-0.086990,0.293229,1335
0.8441,165,enc,1,7.0200,10.9608,7.0200,-4.5048,-64.6979,20.00,82.20,12.9800,15.2049,0.398396,0.115378,0.050683,-0.060893,0.293229,1325
0.8510,166,enc,0,7.2000,18.4725,7.2000,-4.5048,-65.95,20.00,82.20,12.8000,15.2689,0.355278,0.113778,0.050896,-0.102625,0.293229,1341
0.8561,167,enc,0,7.2000,12.9308,7.2000,-4.5056,-65.95,20.00,82.20,12.8000,15.3329,0.386278,0.113778,0.051110,-0.071838,0.293229,1330
0.8612,168,enc,1,7.3800,19.8515,7.3800,-4.5469,-68.8284,20.00,82.20,12.6200,15.3960,0.346440,0.112178,0.051320,-0.110286,0.293229,1345
0.8663,169,enc,0,7.3800,13.8961,7.3800,-4.5469,-68.8284,20.00,82.20,12.6200,15.4591,0.379736,0.112178,0.051530,-0.077200,0.293229,1332
0.8714,170,enc,1,7.5600,20.5273,7.5600,-4.4571,-71.4996,20.00,82.20,12.4400,15.5213,0.341504,0.110578,0.051738,-0.114040,0.293229,1346
0.8765,171,enc,0,7.5600,14.3691,7.5600,-4.4571,-72.7306,20.00,82.20,12.4400,15.5835,0.375923,0.110578,0.051945,-0.079828,0.293229,1334
0.8816,172,enc,1,7.7400,20.8584,7.7400,-4.4693,-73.9644,20.00,82.20,12.2600,15.6448,0.338476,0.108978,0.052149,-0.115880,0.293229,1348
0.8867,173,enc,1,7.7400,14.6008,7.7400,-4.4843,-75.1779,20.00,82.20,12.2600,15.7061,0.373444,0.108978,0.052354,-0.081116,0.293229,1334
0.8918,174,enc,1,7.7400,10.2206,7.7400,-4.3983,-76.2583,20.00,82.20,12.2600,15.7674,0.397983,0.108978,0.052558,-0.056781,0.293229,1325
0.8968,175,enc,1,7.9200,17.9544,7.9200,-4.4138,-77.3011,20.00,82.20,12.0800,15.8278,0.353619,0.107378,0.052759,-0.099747,0.293229,1342
0.9019,176,enc,1,7.9200,12.5681,7.9200,-4.4265,-78.4852,20.00,82.20,12.0800,15.8882,0.383744,0.107378,0.052961,-0.069823,0.293229,1331
0.9070,177,enc,1,7.9200,8.7977,7.9200,-4.3994,-79.3245,20.00,82.20,12.0800,15.9486,0.404893,0.107378,0.053162,-0.048876,0.293229,1323
0.9121,178,enc,1,8.1000,16.9584,8.1000,-4.4132,-80.3408,20.00,82.20,11.9000,16.0081,0.358154,0.105778,0.053360,-0.094213,0.293229,1340
0.9172,179,enc,1,8.1000,11.8709,8.1000,-4.405,-81.1453,20.00,82.20,11.9000,16.0676,0.386616,0.105778,0.053559,-0.065949,0.293229,1330
0.9223,180,enc,1,8.1000,8.3096,8.1000,-4.3393,-82.0178,20.00,82.20,11.9000,16.1271,0.406599,0.105778,0.053757,-0.046164,0.293229,1322
0.9273,181,enc,1,8.2800,16.6167,8.2800,-4.3347,-82.8918,20.00,82.20,11.7200,16.1857,0.359044,0.104178,0.053952,-0.092315,0.293229,1340
0.9324,182,enc,1,8.2800,11.6317,8.2800,-4.3282,-83.5361,20.00,82.20,11.7200,16.2443,0.386934,0.104178,0.054148,-0.064621,0.293229,1329
0.9375,183,enc,1,8.2800,8.1422,8.2800,-4.3408,-84.1484,20.00,82.20,11.7200,16.3029,0.406515,0.104178,0.054343,-0.045234,0.293229,1322
0.9426,184,enc,1,8.2800,5.6995,8.2800,-4.2586,-84.8881,20.00,82.20,11.7200,16.3615,0.420281,0.104178,0.054538,-0.031664,0.293229,1317
0.9477,185,enc,1,8.2800,3.9897,8.2800,-4.3279,-85.6343,20.00,82.20,11.7200,16.4201,0.429975,0.104178,0.054734,-0.022165,0.293229,1313
0.9527,186,enc,1,8.4600,13.5928,8.4600,-4.2402,-86.052,20.00,82.20,11.5400,16.4778,0.375217,0.102578,0.054926,-0.075515,0.293229,1333
0.9578,187,enc,1,8.4600,9.5149,8.4600,-4.2327,-86.6704,20.00,82.20,11.5400,16.5355,0.398064,0.102578,0.055118,-0.052861,0.293229,1325
0.9629,188,enc,1,8.4600,6.6605,8.4600,-4.228,-87.1538,20.00,82.20,11.5400,16.5932,0.414115,0.102578,0.055311,-0.037003,0.293229,1319
0.9680,189,enc,1,8.4600,4.6623,8.4600,-4.2191,-87.5416,20.00,82.20,11.5400,16.6509,0.425408,0.102578,0.055503,-0.025902,0.293229,1315
0.9731,190,enc,1,8.4600,3.2636,8.4600,-4.2171,-87.8912,20.00,82.20,11.5400,16.7086,0.433371,0.102578,0.055695,-0.018131,0.293229,1312
0.9781,191,enc,1,8.4600,2.2845,8.4600,-4.2308,-88.3348,20.00,82.20,11.5400,16.7663,0.439002,0.102578,0.055888,-0.012692,0.293229,1310
0.9832,192,enc,1,8.4600,1.5992,8.4600,-4.2286,-88.6817,20.00,82.20,11.5400,16.8240,0.443002,0.102578,0.056080,-0.008884,0.293229,1308
0.9883,193,enc,1,8.6400,11.9194,8.6400,-4.2225,-88.9326,20.00,82.20,11.3600,16.8808,0.384257,0.100978,0.056269,-0.066219,0.293229,1328
0.9934,194,enc,1,8.6400,8.3436,8.6400,-4.1976,-89.2149,20.00,82.20,11.3600,16.9376,0.404312,0.100978,0.056459,-0.046353,0.293229,1323
0.9985,195,enc,1,8.6400,5.8405,8.6400,-4.217,-89.4012,20.00,82.20,11.3600,16.9944,0.418407,0.100978,0.056648,-0.032447,0.293229,1318
1.0036,196,enc,1,8.6400,4.0884,8.6400,-4.137,-89.543,20.00,82.20,11.3600,17.0512,0.428331,0.100978,0.056837,-0.022713,0.293229,1314
1.0087,197,enc,1,8.6400,2.8619,8.6400,-4.1561,-89.7285,20.00,82.20,11.3600,17.1080,0.435334,0.100978,0.057027,-0.015899,0.293229,1311
1.0138,198,enc,1,8.6400,2.0033,8.6400,-4.153,-89.8513,20.00,82.20,11.3600,17.1648,0.440293,0.100978,0.057216,-0.011129,0.293229,1309
1.0189,199,enc,0,8.6400,1.4023,8.6400,-4.153,-89.8513,20.00,82.20,11.3600,17.2216,0.443821,0.100978,0.057405,-0.007791,0.293229,1308
1.0240,200,enc,1,8.6400,0.9816,8.6400,-4.2271,-89.9555,20.00,82.20,11.3600,17.2784,0.446348,0.100978,0.057595,-0.005453,0.293229,1307
1.0315,201,enc,0,8.6400,0.6871,8.6400,-4.2271,-89.789,20.00,82.20,11.3600,17.3352,0.448173,0.100978,0.057784,-0.003817,0.293229,1306
1.0365,202,enc,0,8.6400,0.4810,8.6400,-4.1308,-89.789,20.00,82.20,11.3600,17.3920,0.449508,0.100978,0.057973,-0.002672,0.293229,1306
1.0416,203,enc,1,8.6400,0.3367,8.6400,-4.1118,-89.6039,20.00,82.20,11.3600,17.4488,0.450499,0.100978,0.058163,-0.001871,0.293229,1306
1.0467,204,enc,1,8.4600,-10.5643,8.4600,-4.2069,-89.5524,20.00,82.20,11.5400,17.5065,0.512852,0.102578,0.058355,0.058691,0.293229,1286
1.0518,205,enc,1,8.4600,-7.3950,8.4600,-4.1362,-89.3238,20.00,82.20,11.5400,17.5642,0.495437,0.102578,0.058547,0.041083,0.293229,1289
1.0569,206,enc,1,8.4600,-5.1765,8.4600,-4.1172,-89.1378,20.00,82.20,11.5400,17.6219,0.483305,0.102578,0.058740,0.028758,0.293229,1293
1.0620,207,enc,1,8.4600,-3.6236,8.4600,-4.2154,-88.9626,20.00,82.20,11.5400,17.6796,0.474869,0.102578,0.058932,0.020131,0.293229,1296
1.0674,208,enc,1,8.4600,-2.5365,8.4600,-4.199,-88.6509,20.00,82.20,11.5400,17.7373,0.469022,0.102578,0.059124,0.014092,0.293229,1299
1.0725,209,enc,1,8.4600,-1.7755,8.4600,-4.2051,-88.3994,20.00,82.20,11.5400,17.7950,0.464987,0.102578,0.059317,0.009864,0.293229,1300
1.0776,210,enc,1,8.4600,-1.2429,8.4600,-4.2072,-88.0527,20.00,82.20,11.5400,17.8527,0.462220,0.102578,0.059509,0.006905,0.293229,1301
1.0827,211,enc,1,8.4600,-0.8700,8.4600,-4.2092,-87.7052,20.00,82.20,11.5400,17.9104,0.460341,0.102578,0.059701,0.004833,0.293229,1302
1.0878,212,enc,1,8.4600,-0.6090,8.4600,-4.2706,-87.3699,20.00,82.20,11.5400,17.9681,0.459084,0.102578,0.059894,0.003383,0.293229,1302
1.0929,213,enc,1,8.2800,-11.2263,8.2800,-4.1974,-86.9089,20.00,82.20,11.7200,18.0267,0.519864,0.104178,0.060089,0.062368,0.293229,1282
1.0980,214,enc,1,8.2800,-7.8584,8.2800,-4.2248,-86.4883,20.00,82.20,11.7200,18.0853,0.501349,0.104178,0.060284,0.043658,0.293229,1286
1.1031,215,enc,1,8.2800,-5.5009,8.2800,-4.2067,-85.9436,20.00,82.20,11.7200,18.1439,0.488447,0.104178,0.060480,0.030561,0.293229,1291
1.1082,216,enc,1,8.2800,-3.8506,8.2800,-4.2111,-85.4572,20.00,82.20,11.7200,18.2025,0.479474,0.104178,0.060675,0.021392,0.293229,1295
1.1132,217,enc,1,8.2800,-2.6954,8.2800,-4.2154,-84.9685,20.00,82.20,11.7200,18.2611,0.473251,0.104178,0.060870,0.014975,0.293229,1297
1.1183,218,enc,1,8.1000,-12.6868,8.1000,-4.3186,-84.6545,20.00,82.20,11.9000,18.3206,0.530557,0.105778,0.061069,0.070482,0.293229,1277
1.1234,219,enc,1,8.1000,-8.8808,8.1000,-4.2465,-84.0433,20.00,82.20,11.9000,18.3801,0.509611,0.105778,0.061267,0.049338,0.293229,1283
1.1285,220,enc,1,8.1000,-6.2165,8.1000,-4.3296,-83.53,20.00,82.20,11.9000,18.4396,0.495008,0.105778,0.061465,0.034536,0.293229,1289
1.1335,221,enc,1,8.1000,-4.3516,8.1000,-4.3334,-83.032,20.00,82.20,11.9000,18.4991,0.484846,0.105778,0.061664,0.024175,0.293229,1293
1.1386,222,enc,1,7.9200,-13.8461,7.9200,-4.3189,-82.1941,20.00,82.20,12.0800,18.5595,0.539394,0.107378,0.061865,0.076923,0.293229,1273
1.1437,223,enc,1,7.9200,-9.6923,7.9200,-4.325,-81.5488,20.00,82.20,12.0800,18.6199,0.516519,0.107378,0.062066,0.053846,0.293229,1281
1.1488,224,enc,1,7.9200,-6.7846,7.9200,-4.4092,-81.0253,20.00,82.20,12.0800,18.6803,0.500566,0.107378,0.062268,0.037692,0.293229,1287
1.1538,225,enc,1,7.9200,-4.7492,7.9200,-4.3363,-80.2454,20.00,82.20,12.0800,18.7407,0.489460,0.107378,0.062469,0.026385,0.293229,1291
1.1589,226,enc,1,7.7400,-14.1244,7.7400,-4.3393,-79.7331,20.00,82.20,12.2600,18.8020,0.543349,0.108978,0.062673,0.078469,0.293229,1271
1.1640,227,enc,1,7.7400,-9.8871,7.7400,-4.3232,-78.8701,20.00,82.20,12.2600,18.8633,0.520013,0.108978,0.062878,0.054928,0.293229,1279
1.1691,228,enc,1,7.7400,-6.9210,7.7400,-4.3281,-78.205,20.00,82.20,12.2600,18.9246,0.503738,0.108978,0.063082,0.038450,0.293229,1286
1.1742,229,enc,1,7.7400,-4.8447,7.7400,-4.4135,-77.5203,20.00,82.20,12.2600,18.9859,0.492408,0.108978,0.063286,0.026915,0.293229,1290
1.1792,230,enc,1,7.5600,-14.1913,7.5600,-4.4179,-76.8483,20.00,82.20,12.4400,19.0481,0.546141,0.110578,0.063494,0.078840,0.293229,1270
1.1843,231,enc,1,7.5600,-9.9339,7.5600,-4.4002,-75.9677,20.00,82.20,12.4400,19.1103,0.522696,0.110578,0.063701,0.055188,0.293229,1278
1.1894,232,enc,1,7.5600,-6.9537,7.5600,-4.4061,-75.1351,20.00,82.20,12.4400,19.1725,0.506347,0.110578,0.063908,0.038632,0.293229,1285
1.1945,233,enc,1,7.3800,-15.6676,7.3800,-4.4676,-74.3855,20.00,82.20,12.6200,19.2356,0.556567,0.112178,0.064119,0.087042,0.293229,1266
1.1996,234,enc,1,7.3800,-10.9673,7.3800,-4.4683,-72.7469,20.00,82.20,12.6200,19.2987,0.530665,0.112178,0.064329,0.060930,0.293229,1276
1.2047,235,enc,0,7.3800,-7.6771,7.3800,-4.4468,-72.7469,20.00,82.20,12.6200,19.3618,0.512596,0.112178,0.064539,0.042651,0.293229,1282
1.2098,236,enc,1,7.3800,-5.3740,7.3800,-4.3717,-71.1132,20.00,82.20,12.6200,19.4249,0.500012,0.112178,0.064750,0.029855,0.293229,1287
1.2148,237,enc,0,7.2000,-14.5618,7.2000,-4.398,-71.1132,20.00,82.20,12.8000,19.4889,0.552868,0.113778,0.064963,0.080899,0.293229,1267
1.2199,238,enc,1,7.2000,-10.1933,7.2000,-4.3991,-69.5105,20.00,82.20,12.8000,19.5529,0.528812,0.113778,0.065176,0.056629,0.293229,1276
1.2252,239,enc,0,7.2000,-7.1353,7.2000,-4.3991,-69.5105,20.00,82.20,12.8000,19.6169,0.512037,0.113778,0.065390,0.039640,0.293229,1282
1.2303,240,enc,1,7.0200,-15.7947,7.0200,-4.4379,-67.6903,20.00,82.20,12.9800,19.6818,0.561961,0.115378,0.065606,0.087748,0.293229,1264
1.2354,241,enc,0,7.0200,-11.0563,7.0200,-4.4379,-67.6903,20.00,82.20,12.9800,19.7467,0.535853,0.115378,0.065822,0.061424,0.293229,1274
1.2405,242,enc,1,7.0200,-7.7394,7.0200,-4.499,-66.0764,20.00,82.20,12.9800,19.8116,0.517642,0.115378,0.066039,0.042997,0.293229,1280
1.2456,243,enc,0,6.8400,-16.2176,6.8400,-4.499,-66.0764,20.00,82.20,13.1600,19.8774,0.566562,0.116978,0.066258,0.090098,0.293229,1262
1.2506,244,enc,1,6.8400,-11.3523,6.8400,-4.428,-64.2317,20.00,82.20,13.1600,19.9432,0.539752,0.116978,0.066477,0.063068,0.293229,1272
1.2557,245,enc,0,6.8400,-7.9466,6.8400,-4.428,-63.3324,20.00,82.20,13.1600,20.0090,0.521051,0.116978,0.066697,0.044148,0.293229,1279
1.2612,246,enc,1,6.8400,-5.5626,6.8400,-4.3809,-62.435,20.00,82.20,13.1600,20.0748,0.508026,0.116978,0.066916,0.030904,0.293229,1284
1.2663,247,enc,1,6.6600,-14.6938,6.6600,-4.4368,-61.6952,20.00,82.20,13.3400,20.1415,0.560577,0.118578,0.067138,0.081632,0.293229,1264
1.2714,248,enc,1,6.6600,-10.2857,6.6600,-4.4365,-60.8385,20.00,82.20,13.3400,20.2082,0.536310,0.118578,0.067361,0.057143,0.293229,1273
1.2764,249,enc,1,6.6600,-7.2000,6.6600,-4.435,-60.149,20.00,82.20,13.3400,20.2749,0.519389,0.118578,0.067583,0.040000,0.293229,1280
1.2816,250,enc,1,6.6600,-5.0400,6.6600,-4.4909,-59.4181,20.00,82.20,13.3400,20.3416,0.507612,0.118578,0.067805,0.028000,0.293229,1284
1.2867,251,enc,1,6.4800,-14.3280,6.4800,-4.4077,-58.5764,20.00,82.20,13.5200,20.4092,0.561037,0.120178,0.068031,0.079600,0.293229,1264
1.2917,252,enc,1,6.4800,-10.0296,6.4800,-4.4048,-58.0595,20.00,82.20,13.5200,20.4768,0.537382,0.120178,0.068256,0.055720,0.293229,1273
1.2968,253,enc,1,6.4800,-7.0207,6.4800,-4.4266,-57.4085,20.00,82.20,13.5200,20.5444,0.520892,0.120178,0.068481,0.039004,0.293229,1279
1.3019,254,enc,1,6.4800,-4.9145,6.4800,-4.4234,-56.895,20.00,82.20,13.5200,20.6120,0.509416,0.120178,0.068707,0.027303,0.293229,1283
1.3070,255,enc,1,6.3000,-14.2402,6.3000,-4.445,-56.2462,20.00,82.20,13.7000,20.6805,0.563053,0.121778,0.068935,0.079112,0.293229,1263
1.3121,256,enc,1,6.3000,-9.9681,6.3000,-4.4045,-55.6244,20.00,82.20,13.7000,20.7490,0.539548,0.121778,0.069163,0.055378,0.293229,1272
1.3172,257,enc,1,6.3000,-6.9777,6.3000,-4.4008,-55.1172,20.00,82.20,13.7000,20.8175,0.523163,0.121778,0.069392,0.038765,0.293229,1278
1.3222,258,enc,1,6.3000,-4.8844,6.3000,-4.3731,-54.4207,20.00,82.20,13.7000,20.8860,0.511762,0.121778,0.069620,0.027135,0.293229,1283
1.3273,259,enc,1,6.1200,-14.2191,6.1200,-4.3504,-53.7335,20.00,82.20,13.8800,20.9554,0.565453,0.123378,0.069851,0.078995,0.293229,1263
1.3324,260,enc,1,6.1200,-9.9533,6.1200,-4.3462,-53.2344,20.00,82.20,13.8800,21.0248,0.541985,0.123378,0.070083,0.055296,0.293229,1271
1.3376,261,enc,1,6.1200,-6.9673,6.1200,-4.2993,-52.692,20.00,82.20,13.8800,21.0942,0.525628,0.123378,0.070314,0.038707,0.293229,1277
1.3427,262,enc,1,6.1200,-4.8771,6.1200,-4.3789,-52.1911,20.00,82.20,13.8800,21.1636,0.514247,0.123378,0.070545,0.027095,0.293229,1282
1.3478,263,enc,1,6.1200,-3.4140,6.1200,-4.2718,-51.6833,20.00,82.20,13.8800,21.2330,0.506350,0.123378,0.070777,0.018967,0.293229,1285
1.3529,264,enc,1,5.9400,-13.1898,5.9400,-4.3454,-51.3513,20.00,82.20,14.0600,21.3033,0.562494,0.124978,0.071011,0.073277,0.293229,1265
1.3579,265,enc,1,5.9400,-9.2329,5.9400,-4.3406,-50.8649,20.00,82.20,14.0600,21.3736,0.540745,0.124978,0.071245,0.051294,0.293229,1272
1.3630,266,enc,1,5.9400,-6.4630,5.9400,-4.3356,-50.3813,20.00,82.20,14.0600,21.4439,0.525592,0.124978,0.071480,0.035906,0.293229,1277
1.3681,267,enc,1,5.9400,-4.5241,5.9400,-4.3355,-49.8939,20.00,82.20,14.0600,21.5142,0.515054,0.124978,0.071714,0.025134,0.293229,1281
1.3732,268,enc,1,5.9400,-3.1669,5.9400,-4.3065,-49.3961,20.00,82.20,14.0600,21.5845,0.507749,0.124978,0.071948,0.017594,0.293229,1284
1.3783,269,enc,1,5.9400,-2.2168,5.9400,-4.2828,-49.2158,20.00,82.20,14.0600,21.6548,0.502705,0.124978,0.072183,0.012316,0.293229,1286
1.3833,270,enc,1,5.9400,-1.5518,5.9400,-4.2776,-48.9027,20.00,82.20,14.0600,21.7251,0.499244,0.124978,0.072417,0.008621,0.293229,1287
1.3884,271,enc,1,5.7600,-11.8862,5.7600,-4.2773,-48.581,20.00,82.20,14.2400,21.7963,0.558495,0.126578,0.072654,0.066035,0.293229,1267
1.3935,272,enc,1,5.7600,-8.3204,5.7600,-4.2535,-48.2423,20.00,82.20,14.2400,21.8675,0.538922,0.126578,0.072892,0.046224,0.293229,1272
1.3986,273,enc,1,5.7600,-5.8243,5.7600,-4.3019,-47.7524,20.00,82.20,14.2400,21.9387,0.525292,0.126578,0.073129,0.032357,0.293229,1278
1.4037,274,enc,0,5.7600,-4.0770,5.7600,-4.3019,-47.7524,20.00,82.20,14.2400,22.0099,0.515823,0.126578,0.073366,0.022650,0.293229,1281
1.4088,275,enc,1,5.7600,-2.8539,5.7600,-4.3017,-47.5928,20.00,82.20,14.2400,22.0811,0.509265,0.126578,0.073604,0.015855,0.293229,1284
1.4139,276,enc,1,5.7600,-1.9977,5.7600,-4.2964,-47.4469,20.00,82.20,14.2400,22.1523,0.504746,0.126578,0.073841,0.011098,0.293229,1285
1.4190,277,enc,1,5.7600,-1.3984,5.7600,-4.2423,-47.3085,20.00,82.20,14.2400,22.2235,0.501654,0.126578,0.074078,0.007769,0.293229,1286
1.4240,278,enc,1,5.7600,-0.9789,5.7600,-4.3198,-47.3037,20.00,82.20,14.2400,22.2947,0.499560,0.126578,0.074316,0.005438,0.293229,1287
1.4291,279,enc,1,5.7600,-0.6852,5.7600,-4.2188,-47.1337,20.00,82.20,14.2400,22.3659,0.498166,0.126578,0.074553,0.003807,0.293229,1288
1.4342,280,enc,1,5.7600,-0.4797,5.7600,-4.2368,-47.005,20.00,82.20,14.2400,22.4371,0.497262,0.126578,0.074790,0.002665,0.293229,1288
1.4393,281,enc,1,5.7600,-0.3358,5.7600,-4.2905,-46.985,20.00,82.20,14.2400,22.5083,0.496699,0.126578,0.075028,0.001865,0.293229,1288
1.4444,282,enc,0,5.7600,-0.2350,5.7600,-4.2905,-46.9594,20.00,82.20,14.2400,22.5795,0.496377,0.126578,0.075265,0.001306,0.293229,1288
1.4495,283,enc,0,5.7600,-0.1645,5.7600,-4.1955,-46.9594,20.00,82.20,14.2400,22.6507,0.496223,0.126578,0.075502,0.000914,0.293229,1288
1.4546,284,enc,1,5.7600,-0.1152,5.7600,-4.2958,-47.129,20.00,82.20,14.2400,22.7219,0.496186,0.126578,0.075740,0.000640,0.293229,1288
1.4596,285,enc,0,5.7600,-0.0806,5.7600,-4.2958,-47.129,20.00,82.20,14.2400,22.7931,0.496231,0.126578,0.075977,0.000448,0.293229,1288
1.4647,286,enc,1,5.7600,-0.0564,5.7600,-4.1958,-47.1182,20.00,82.20,14.2400,22.8643,0.496334,0.126578,0.076214,0.000314,0.293229,1288
1.4698,287,enc,0,5.7600,-0.0395,5.7600,-4.1958,-47.1182,20.00,82.20,14.2400,22.9355,0.496478,0.126578,0.076452,0.000219,0.293229,1288
1.4749,288,enc,1,5.7600,-0.0277,5.7600,-4.2729,-47.431,20.00,82.20,14.2400,23.0067,0.496649,0.126578,0.076689,0.000154,0.293229,1288
1.4800,289,enc,0,5.7600,-0.0194,5.7600,-4.2729,-47.431,20.00,82.20,14.2400,23.0779,0.496840,0.126578,0.076926,0.000108,0.293229,1288
1.4851,290,enc,1,5.7600,-0.0135,5.7600,-4.2199,-47.7701,20.00,82.20,14.2400,23.1491,0.497045,0.126578,0.077164,0.000075,0.293229,1288
1.4902,291,enc,0,5.7600,-0.0095,5.7600,-4.2199,-47.7701,20.00,82.20,14.2400,23.2203,0.497260,0.126578,0.077401,0.000053,0.293229,1288
1.4952,292,enc,1,5.7600,-0.0066,5.7600,-4.2254,-48.2366,20.00,82.20,14.2400,23.2915,0.497482,0.126578,0.077638,0.000037,0.293229,1288
1.5003,293,enc,0,5.7600,-0.0046,5.7600,-4.2254,-48.3965,20.00,82.20,14.2400,23.3627,0.497708,0.126578,0.077876,0.000026,0.293229,1288
1.5054,294,enc,1,5.7600,-0.0033,5.7600,-4.2492,-48.734,20.00,82.20,14.2400,23.4339,0.497938,0.126578,0.078113,0.000018,0.293229,1288
1.5105,295,enc,1,5.7600,-0.0023,5.7600,-4.2728,-49.0727,20.00,82.20,14.2400,23.5051,0.498169,0.126578,0.078350,0.000013,0.293229,1288
1.5156,296,enc,0,5.7600,-0.0016,5.7600,-4.2728,-49.3855,20.00,82.20,14.2400,23.5763,0.498403,0.126578,0.078588,0.000009,0.293229,1288
1.5207,297,enc,0,5.7600,-0.0011,5.7600,-4.278,-49.7268,20.00,82.20,14.2400,23.6475,0.498638,0.126578,0.078825,0.000006,0.293229,1288
1.5257,298,enc,1,5.9400,10.7992,5.9400,-4.3068,-50.043,20.00,82.20,14.0600,23.7178,0.437270,0.124978,0.079059,-0.059996,0.293229,1308
1.5308,299,enc,1,5.9400,7.5595,5.9400,-4.3306,-50.5488,20.00,82.20,14.0600,23.7881,0.455503,0.124978,0.079294,-0.041997,0.293229,1304
1.5359,300,enc,1,5.9400,5.2916,5.9400,-4.3356,-50.8689,20.00,82.20,14.0600,23.8584,0.468337,0.124978,0.079528,-0.029398,0.293229,1299
1.5410,301,enc,1,5.9400,3.7041,5.9400,-4.3355,-51.3566,20.00,82.20,14.0600,23.9287,0.477390,0.124978,0.079762,-0.020579,0.293229,1295
1.5461,302,enc,1,5.9400,2.5929,5.9400,-4.2807,-51.7103,20.00,82.20,14.0600,23.9990,0.483798,0.124978,0.079997,-0.014405,0.293229,1293
1.5512,303,enc,1,5.9400,1.8150,5.9400,-4.3639,-52.1917,20.00,82.20,14.0600,24.0693,0.488354,0.124978,0.080231,-0.010083,0.293229,1291
1.5563,304,enc,1,5.9400,1.2705,5.9400,-4.3634,-52.6813,20.00,82.20,14.0600,24.1396,0.491613,0.124978,0.080465,-0.007058,0.293229,1290
1.5616,305,enc,1,5.9400,0.8894,5.9400,-4.3079,-53.0385,20.00,82.20,14.0600,24.2099,0.493965,0.124978,0.080700,-0.004941,0.293229,1289
1.5667,306,enc,1,6.1200,11.4226,6.1200,-4.3121,-53.5322,20.00,82.20,13.8800,24.2793,0.434079,0.123378,0.080931,-0.063459,0.293229,1309
1.5718,307,enc,1,6.1200,7.9958,6.1200,-4.3715,-53.9956,20.00,82.20,13.8800,24.3487,0.453348,0.123378,0.081162,-0.044421,0.293229,1304
1.5769,308,enc,1,6.1200,5.5971,6.1200,-4.3515,-54.4675,20.00,82.20,13.8800,24.4181,0.466905,0.123378,0.081394,-0.031095,0.293229,1299
1.5825,309,enc,1,6.1200,3.9179,6.1200,-4.3745,-54.9857,20.00,82.20,13.8800,24.4875,0.476465,0.123378,0.081625,-0.021766,0.293229,1296
1.5875,310,enc,1,6.1200,2.7426,6.1200,-4.3542,-55.4596,20.00,82.20,13.8800,24.5569,0.483226,0.123378,0.081856,-0.015236,0.293229,1293
1.5926,311,enc,1,6.1200,1.9198,6.1200,-4.3819,-55.9902,20.00,82.20,13.8800,24.6263,0.488029,0.123378,0.082088,-0.010665,0.293229,1291
1.5977,312,enc,1,6.3000,12.1439,6.3000,-4.3608,-56.6317,20.00,82.20,13.7000,24.6948,0.429857,0.121778,0.082316,-0.067466,0.293229,1311
1.6028,313,enc,1,6.3000,8.5007,6.3000,-4.3876,-57.3334,20.00,82.20,13.7000,24.7633,0.450325,0.121778,0.082544,-0.047226,0.293229,1306
1.6079,314,enc,1,6.3000,5.9505,6.3000,-4.3901,-58.0086,20.00,82.20,13.7000,24.8318,0.464721,0.121778,0.082773,-0.033058,0.293229,1300
1.6130,315,enc,1,6.3000,4.1653,6.3000,-4.4123,-58.5341,20.00,82.20,13.7000,24.9003,0.474867,0.121778,0.083001,-0.023141,0.293229,1296
1.6181,316,enc,1,6.3000,2.9157,6.3000,-4.4144,-59.2122,20.00,82.20,13.7000,24.9688,0.482037,0.121778,0.083229,-0.016199,0.293229,1294
1.6232,317,enc,1,6.4800,12.8410,6.4800,-4.3599,-59.9355,20.00,82.20,13.5200,25.0364,0.425522,0.120178,0.083455,-0.071339,0.293229,1314
1.6283,318,enc,1,6.4800,8.9887,6.4800,-4.3614,-60.6181,20.00,82.20,13.5200,25.1040,0.447149,0.120178,0.083680,-0.049937,0.293229,1307
1.6334,319,enc,1,6.4800,6.2921,6.4800,-4.4673,-61.4915,20.00,82.20,13.5200,25.1716,0.462356,0.120178,0.083905,-0.034956,0.293229,1301
1.6384,320,enc,1,6.4800,4.4045,6.4800,-4.3868,-62.1881,20.00,82.20,13.5200,25.2392,0.473068,0.120178,0.084131,-0.024469,0.293229,1297
1.6435,321,enc,1,6.4800,3.0831,6.4800,-4.3315,-62.9235,20.00,82.20,13.5200,25.3068,0.480634,0.120178,0.084356,-0.017128,0.293229,1294
1.6486,322,enc,1,6.6600,12.9582,6.6600,-4.4354,-63.8031,20.00,82.20,13.3400,25.3735,0.424395,0.118578,0.084578,-0.071990,0.293229,1314
1.6537,323,enc,1,6.6600,9.0707,6.6600,-4.4601,-64.5321,20.00,82.20,13.3400,25.4402,0.446214,0.118578,0.084801,-0.050393,0.293229,1307
1.6591,324,enc,1,6.6600,6.3495,6.6600,-4.445,-66.1722,20.00,82.20,13.3400,25.5069,0.461554,0.118578,0.085023,-0.035275,0.293229,1301
1.6641,325,enc,0,6.6600,4.4447,6.6600,-4.445,-66.1722,20.00,82.20,13.3400,25.5736,0.472359,0.118578,0.085245,-0.024693,0.293229,1297
1.6692,326,enc,1,6.8400,13.9113,6.8400,-4.3871,-67.8146,20.00,82.20,13.1600,25.6394,0.418386,0.116978,0.085465,-0.077285,0.293229,1317
1.6743,327,enc,0,6.8400,9.7379,6.8400,-4.4089,-67.8146,20.00,82.20,13.1600,25.7052,0.441791,0.116978,0.085684,-0.054099,0.293229,1309
1.6795,328,enc,1,6.8400,6.8165,6.8400,-4.4289,-69.4007,20.00,82.20,13.1600,25.7710,0.458240,0.116978,0.085903,-0.037870,0.293229,1303
1.6846,329,enc,0,6.8400,4.7716,6.8400,-4.4289,-69.4007,20.00,82.20,13.1600,25.8368,0.469820,0.116978,0.086123,-0.026509,0.293229,1298
1.6899,330,enc,1,6.8400,3.3401,6.8400,-4.3709,-71.0508,20.00,82.20,13.1600,25.9026,0.477992,0.116978,0.086342,-0.018556,0.293229,1295
1.6952,331,enc,1,7.0200,13.1381,7.0200,-4.4482,-71.8815,20.00,82.20,12.9800,25.9675,0.422176,0.115378,0.086558,-0.072989,0.293229,1315
1.7003,332,enc,0,7.0200,9.1966,7.0200,-4.4482,-72.5808,20.00,82.20,12.9800,26.0324,0.444289,0.115378,0.086775,-0.051092,0.293229,1308
1.7055,333,enc,1,7.0200,6.4377,7.0200,-4.3419,-73.2742,20.00,82.20,12.9800,26.0973,0.459833,0.115378,0.086991,-0.035765,0.293229,1302
1.7106,334,enc,0,7.0200,4.5064,7.0200,-4.3419,-73.9051,20.00,82.20,12.9800,26.1622,0.470778,0.115378,0.087207,-0.025035,0.293229,1298
1.7157,335,enc,1,7.2000,13.9544,7.2000,-4.3921,-74.5684,20.00,82.20,12.8000,26.2262,0.416902,0.113778,0.087421,-0.077525,0.293229,1318
1.7207,336,enc,1,7.2000,9.7681,7.2000,-4.4461,-75.177,20.00,82.20,12.8000,26.2902,0.440373,0.113778,0.087634,-0.054267,0.293229,1309
1.7258,337,enc,1,7.2000,6.8377,7.2000,-4.3584,-75.6468,20.00,82.20,12.8000,26.3542,0.456867,0.113778,0.087847,-0.037987,0.293229,1303
1.7311,338,enc,1,7.2000,4.7864,7.2000,-4.4335,-76.4496,20.00,82.20,12.8000,26.4182,0.468476,0.113778,0.088061,-0.026591,0.293229,1299
1.7362,339,enc,1,7.2000,3.3505,7.2000,-4.3501,-76.9811,20.00,82.20,12.8000,26.4822,0.476667,0.113778,0.088274,-0.018614,0.293229,1296
1.7412,340,enc,1,7.3800,13.1453,7.3800,-4.3694,-77.6974,20.00,82.20,12.6200,26.5453,0.420861,0.112178,0.088484,-0.073030,0.293229,1316
1.7464,341,enc,1,7.3800,9.2017,7.3800,-4.3862,-78.5576,20.00,82.20,12.6200,26.6084,0.442980,0.112178,0.088695,-0.051121,0.293229,1308
1.7514,342,enc,1,7.3800,6.4412,7.3800,-4.301,-79.2291,20.00,82.20,12.6200,26.6715,0.458527,0.112178,0.088905,-0.035784,0.293229,1303
1.7565,343,enc,1,7.3800,4.5088,7.3800,-4.3191,-79.9365,20.00,82.20,12.6200,26.7346,0.469473,0.112178,0.089115,-0.025049,0.293229,1298
1.7616,344,enc,1,7.3800,3.1562,7.3800,-4.3136,-80.5847,20.00,82.20,12.6200,26.7977,0.477198,0.112178,0.089326,-0.017534,0.293229,1296
1.7667,345,enc,1,7.5600,13.0093,7.5600,-4.2871,-81.0313,20.00,82.20,12.4400,26.8599,0.421065,0.110578,0.089533,-0.072274,0.293229,1316
1.7718,346,enc,1,7.5600,9.1065,7.5600,-4.2813,-81.6723,20.00,82.20,12.4400,26.9221,0.442955,0.110578,0.089740,-0.050592,0.293229,1308
1.7769,347,enc,1,7.5600,6.3746,7.5600,-4.2547,-82.1131,20.00,82.20,12.4400,26.9843,0.458340,0.110578,0.089948,-0.035414,0.293229,1303
1.7820,348,enc,1,7.5600,4.4622,7.5600,-4.3276,-82.7296,20.00,82.20,12.4400,27.0465,0.469171,0.110578,0.090155,-0.024790,0.293229,1299
1.7871,349,enc,1,7.5600,3.1235,7.5600,-4.2219,-83.1814,20.00,82.20,12.4400,27.1087,0.476816,0.110578,0.090362,-0.017353,0.293229,1296
1.7922,350,enc,1,7.5600,2.1865,7.5600,-4.218,-83.6718,20.00,82.20,12.4400,27.1709,0.482229,0.110578,0.090570,-0.012147,0.293229,1294
1.7972,351,enc,1,7.7400,12.3305,7.7400,-4.2529,-84.3261,20.00,82.20,12.2600,27.2322,0.424477,0.108978,0.090774,-0.068503,0.293229,1314
1.8023,352,enc,1,7.7400,8.6314,7.7400,-4.1937,-84.8871,20.00,82.20,12.2600,27.2935,0.445233,0.108978,0.090978,-0.047952,0.293229,1308
1.8074,353,enc,1,7.7400,6.0420,7.7400,-4.1866,-85.5013,20.00,82.20,12.2600,27.3548,0.459823,0.108978,0.091183,-0.033566,0.293229,1302
1.8125,354,enc,1,7.7400,4.2294,7.7400,-4.2234,-86.0117,20.00,82.20,12.2600,27.4161,0.470097,0.108978,0.091387,-0.023497,0.293229,1298
1.8175,355,enc,1,7.7400,2.9606,7.7400,-4.1418,-86.5059,20.00,82.20,12.2600,27.4774,0.477350,0.108978,0.091591,-0.016448,0.293229,1295
1.8226,356,enc,1,7.7400,2.0724,7.7400,-4.1331,-86.8904,20.00,82.20,12.2600,27.5387,0.482489,0.108978,0.091796,-0.011513,0.293229,1294
1.8277,357,enc,1,7.7400,1.4507,7.7400,-4.1283,-87.3615,20.00,82.20,12.2600,27.6000,0.486147,0.108978,0.092000,-0.008059,0.293229,1292
1.8328,358,enc,1,7.9200,11.8155,7.9200,-4.1774,-87.7521,20.00,82.20,12.0800,27.6604,0.427166,0.107378,0.092201,-0.065642,0.293229,1312
1.8379,359,enc,1,7.9200,8.2708,7.9200,-4.0993,-88.1111,20.00,82.20,12.0800,27.7208,0.447060,0.107378,0.092403,-0.045949,0.293229,1307
1.8429,360,enc,1,7.9200,5.7896,7.9200,-4.1662,-88.4655,20.00,82.20,12.0800,27.7812,0.461046,0.107378,0.092604,-0.032164,0.293229,1302
1.8480,361,enc,1,7.9200,4.0527,7.9200,-4.0881,-88.8216,20.00,82.20,12.0800,27.8416,0.470897,0.107378,0.092805,-0.022515,0.293229,1298
1.8531,362,enc,1,7.9200,2.8369,7.9200,-4.1009,-89.2486,20.00,82.20,12.0800,27.9020,0.477853,0.107378,0.093007,-0.015761,0.293229,1295
1.8582,363,enc,1,7.9200,1.9858,7.9200,-4.1357,-89.7331,20.00,82.20,12.0800,27.9624,0.482782,0.107378,0.093208,-0.011032,0.293229,1293
1.8633,364,enc,1,7.9200,1.3901,7.9200,-4.0548,-90.2042,20.00,82.20,12.0800,28.0228,0.486293,0.107378,0.093409,-0.007723,0.293229,1292
1.8684,365,enc,1,7.9200,0.9731,7.9200,-4.0523,-90.5366,20.00,82.20,12.0800,28.0832,0.488811,0.107378,0.093611,-0.005406,0.293229,1291
1.8735,366,enc,1,8.1000,11.4811,8.1000,-4.0644,-90.9512,20.00,82.20,11.9000,28.1427,0.429031,0.105778,0.093809,-0.063784,0.293229,1311
1.8786,367,enc,1,8.1000,8.0368,8.1000,-4.0401,-91.4859,20.00,82.20,11.9000,28.2022,0.448365,0.105778,0.094007,-0.044649,0.293229,1306
1.8837,368,enc,0,8.1000,5.6258,8.1000,-4.0159,-91.4859,20.00,82.20,11.9000,28.2617,0.461958,0.105778,0.094206,-0.031254,0.293229,1301
1.8888,369,enc,1,8.1000,3.9380,8.1000,-4.0658,-91.8663,20.00,82.20,11.9000,28.3212,0.471533,0.105778,0.094404,-0.021878,0.293229,1298
1.8938,370,enc,0,8.1000,2.7566,8.1000,-3.9885,-91.8663,20.00,82.20,11.9000,28.3807,0.478294,0.105778,0.094602,-0.015315,0.293229,1295
1.8989,371,enc,1,8.1000,1.9296,8.1000,-4.053,-92.4007,20.00,82.20,11.9000,28.4402,0.483087,0.105778,0.094801,-0.010720,0.293229,1293
1.9040,372,enc,0,8.1000,1.3507,8.1000,-4.053,-92.4007,20.00,82.20,11.9000,28.4997,0.486501,0.105778,0.094999,-0.007504,0.293229,1292
1.9091,373,enc,1,8.1000,0.9455,8.1000,-3.9938,-92.8975,20.00,82.20,11.9000,28.5592,0.488951,0.105778,0.095197,-0.005253,0.293229,1291
1.9142,374,enc,0,8.1000,0.6619,8.1000,-3.9388,-92.8975,20.00,82.20,11.9000,28.6187,0.490725,0.105778,0.095396,-0.003677,0.293229,1290
1.9192,375,enc,1,8.1000,0.4633,8.1000,-4.0021,-93.4219,20.00,82.20,11.9000,28.6782,0.492027,0.105778,0.095594,-0.002574,0.293229,1290
1.9243,376,enc,0,8.1000,0.3243,8.1000,-4.0021,-93.4219,20.00,82.20,11.9000,28.7377,0.492997,0.105778,0.095792,-0.001802,0.293229,1290
1.9294,377,enc,1,8.1000,0.2270,8.1000,-3.9777,-93.6785,20.00,82.20,11.9000,28.7972,0.493736,0.105778,0.095991,-0.001261,0.293229,1289
1.9344,378,enc,0,8.1000,0.1589,8.1000,-3.9777,-93.6785,20.00,82.20,11.9000,28.8567,0.494313,0.105778,0.096189,-0.000883,0.293229,1289
1.9395,379,enc,1,8.1000,0.1112,8.1000,-3.9018,-93.8058,20.00,82.20,11.9000,28.9162,0.494776,0.105778,0.096387,-0.000618,0.293229,1289
1.9446,380,enc,1,8.1000,0.0779,8.1000,-3.8985,-93.9148,20.00,82.20,11.9000,28.9757,0.495160,0.105778,0.096586,-0.000433,0.293229,1289
1.9497,381,enc,0,8.1000,0.0545,8.1000,-3.8985,-93.9148,20.00,82.20,11.9000,29.0352,0.495488,0.105778,0.096784,-0.000303,0.293229,1289
1.9548,382,enc,1,8.1000,0.0382,8.1000,-3.9465,-94.1508,20.00,82.20,11.9000,29.0947,0.495777,0.105778,0.096982,-0.000212,0.293229,1289
1.9599,383,enc,1,8.1000,0.0267,8.1000,-3.9431,-94.2587,20.00,82.20,11.9000,29.1542,0.496039,0.105778,0.097181,-0.000148,0.293229,1288
1.9649,384,enc,0,8.1000,0.0187,8.1000,-3.9431,-94.2766,20.00,82.20,11.9000,29.2137,0.496282,0.105778,0.097379,-0.000104,0.293229,1288
1.9700,385,enc,0,8.1000,0.0131,8.1000,-3.8712,-94.3662,20.00,82.20,11.9000,29.2732,0.496511,0.105778,0.097577,-0.000073,0.293229,1288
