t_s,iteration,psi_imu_deg,psi_enc_deg,phi_yaw_deg,psi_dot_dps,setpoint_deg,rest_angle_deg,phys_angle_deg,error_deg,integral_deg_s,kp_eff,u_norm,u_p,u_i,u_d,u_g,pwm_us,pitch_raw_deg
0.0000,1,-0.1220,-0.0000,-0.0172,0.4476,6.00,87.69,93.69,6.1220,0.1224,3.3012,0.472747,0.224552,0.000204,-0.001492,0.249483,1475,2.4354
0.0201,2,-0.1220,-0.0000,-0.0172,-0.3357,6.00,87.69,93.69,6.1220,0.2449,3.3012,0.475562,0.224552,0.000408,0.001119,0.249483,1450,2.4354
0.0402,3,-0.1220,-0.0000,-0.0172,-0.3357,6.00,87.69,93.69,6.1220,0.3673,3.3012,0.475766,0.224552,0.000612,0.001119,0.249483,1425,2.4354
0.0603,4,-0.1357,-0.0000,-0.0178,-0.1119,6.00,87.69,93.69,6.1357,0.4900,3.3022,0.475797,0.225125,0.000817,0.000373,0.249483,1400,2.4491
0.0803,5,-0.1357,-0.0000,-0.0178,-0.1119,6.00,87.69,93.69,6.1357,0.6127,3.3022,0.476002,0.225125,0.001021,0.000373,0.249483,1375,2.4491
0.1004,6,-0.1548,-0.0000,-0.0184,-0.1119,6.00,87.69,93.69,6.1548,0.7358,3.3036,0.477000,0.225918,0.001226,0.000373,0.249483,1350,2.4682
0.1205,7,-0.1548,-0.0000,-0.0184,0.4476,6.00,87.69,93.69,6.1548,0.8589,3.3036,0.475340,0.225918,0.001432,-0.001492,0.249483,1325,2.4682
0.1406,8,-0.1548,-0.0000,-0.0184,0.4476,6.00,87.69,93.69,6.1548,0.9820,3.3036,0.475546,0.225918,0.001637,-0.001492,0.249483,1300,2.4682
0.1607,9,-0.1684,-0.0000,-0.0092,-0.1119,6.00,87.69,93.69,6.1684,1.1054,3.3046,0.478184,0.226486,0.001842,0.000373,0.249483,1295,2.4818
0.1807,10,-0.1684,-0.0000,-0.0092,-0.1119,6.00,87.69,93.69,6.1684,1.2288,3.3046,0.478390,0.226486,0.002048,0.000373,0.249483,1295,2.4818
0.2008,11,-0.1913,-0.0000,-0.0102,-0.1119,6.00,87.69,93.69,6.1913,1.3526,3.3062,0.479551,0.227441,0.002254,0.000373,0.249483,1295,2.5047
0.2209,12,-0.1913,-0.0000,-0.0102,-0.2238,6.00,87.69,93.69,6.1913,1.4764,3.3062,0.480131,0.227441,0.002461,0.000746,0.249483,1294,2.5047
0.2410,13,-0.1913,-0.0000,-0.0102,-0.2238,6.00,87.69,93.69,6.1913,1.6002,3.3062,0.480337,0.227441,0.002667,0.000746,0.249483,1294,2.5047
0.2610,14,-0.2234,-0.0000,-0.0223,0.4476,6.00,87.69,93.69,6.2234,1.7247,3.3085,0.479644,0.228779,0.002875,-0.001492,0.249483,1295,2.5368
0.2811,15,-0.2234,-0.0000,-0.0223,0.4476,6.00,87.69,93.69,6.2234,1.8492,3.3085,0.479851,0.228779,0.003082,-0.001492,0.249483,1295,2.5368
0.3012,16,-0.2562,-0.0000,-0.0236,-0.0000,6.00,87.69,93.69,6.2562,1.9743,3.3108,0.482918,0.230145,0.003291,0.000000,0.249483,1293,2.5696
0.3213,17,-0.2562,-0.0000,-0.0236,-0.0000,6.00,87.69,93.69,6.2562,2.0994,3.3108,0.483126,0.230145,0.003499,0.000000,0.249483,1293,2.5696
0.3414,18,-0.2562,-0.0000,-0.0236,-0.0000,6.00,87.69,93.69,6.2562,2.2246,3.3108,0.483335,0.230145,0.003708,0.000000,0.249483,1293,2.5696
0.3615,19,-0.2829,-0.0000,-0.0153,-0.0000,6.00,87.69,93.69,6.2829,2.3502,3.3126,0.484655,0.231256,0.003917,0.000000,0.249483,1293,2.5963
0.3815,20,-0.2829,-0.0000,-0.0153,-0.0000,6.00,87.69,93.69,6.2829,2.4759,3.3126,0.484865,0.231256,0.004126,0.000000,0.249483,1293,2.5963
0.4016,21,-0.3150,-0.0000,-0.0169,-0.1119,6.00,87.69,93.69,6.3150,2.6022,3.3149,0.486785,0.232592,0.004337,0.000373,0.249483,1292,2.6284
0.4217,22,-0.3150,-0.0000,-0.0169,-0.1119,6.00,87.69,93.69,6.3150,2.7285,3.3149,0.486995,0.232592,0.004547,0.000373,0.249483,1292,2.6284
0.4418,23,-0.3150,-0.0000,-0.0169,-0.1119,6.00,87.69,93.69,6.3150,2.8548,3.3149,0.487206,0.232592,0.004758,0.000373,0.249483,1292,2.6559
0.4619,24,-0.3425,-0.0000,-0.0183,-0.0000,6.00,87.69,93.69,6.3425,2.9816,3.3167,0.488190,0.233738,0.004969,0.000000,0.249483,1291,2.6559
0.4819,25,-0.3425,-0.0000,-0.0183,-0.0000,6.00,87.69,93.69,6.3425,3.1085,3.3167,0.488401,0.233738,0.005181,0.000000,0.249483,1291,2.6559
0.5020,26,-0.3564,-0.0000,-0.0288,0.1119,6.00,87.69,93.69,6.3564,3.2356,3.3177,0.488818,0.234315,0.005393,-0.000373,0.249483,1291,2.6698
0.5221,27,-0.3564,-0.0000,-0.0288,0.1119,6.00,87.69,93.69,6.3564,3.3627,3.3177,0.489030,0.234315,0.005605,-0.000373,0.249483,1291,2.6698
0.5422,28,-0.3564,-0.0000,-0.0288,0.1119,6.00,87.69,93.69,6.3564,3.4899,3.3177,0.489241,0.234315,0.005816,-0.000373,0.249483,1291,2.6795
0.5622,29,-0.3661,-0.0000,-0.0193,-0.0000,6.00,87.69,93.69,6.3661,3.6172,3.3183,0.490233,0.234721,0.006029,0.000000,0.249483,1291,2.6795
0.5823,30,-0.3661,-0.0000,-0.0193,-0.0000,6.00,87.69,93.69,6.3661,3.7445,3.3183,0.490445,0.234721,0.006241,0.000000,0.249483,1291,2.6795
0.6024,31,-0.3722,-0.0000,-0.0289,-0.0000,6.00,87.69,93.69,6.3722,3.8719,3.3187,0.490912,0.234976,0.006453,0.000000,0.249483,1290,2.6857
0.6225,32,-0.3722,-0.0000,-0.0289,-0.0000,6.00,87.69,93.69,6.3722,3.9994,3.3187,0.491124,0.234976,0.006666,0.000000,0.249483,1290,2.6857
0.6425,33,-0.3682,-0.0000,-0.0292,-0.0000,6.00,87.69,93.69,6.3682,4.1268,3.3185,0.491170,0.234810,0.006878,0.000000,0.249483,1290,2.6817
0.6626,34,-0.3682,-0.0000,-0.0292,-0.0000,6.00,87.69,93.69,6.3682,4.2541,3.3185,0.491383,0.234810,0.007090,0.000000,0.249483,1290,2.6817
0.6835,35,-0.3682,-0.0000,-0.0292,-0.0000,6.00,87.69,93.69,6.3682,4.3815,3.3185,0.491595,0.234810,0.007302,0.000000,0.249483,1290,2.6817
0.7036,36,-0.3553,-0.0000,-0.0275,-0.0000,6.00,87.69,93.69,6.3553,4.5086,3.3176,0.491268,0.234271,0.007514,0.000000,0.249483,1290,2.6687
0.7237,37,-0.3553,-0.0000,-0.0275,-0.0000,6.00,87.69,93.69,6.3553,4.6357,3.3176,0.491480,0.234271,0.007726,0.000000,0.249483,1290,2.6687
0.7438,38,-0.3475,-0.0000,-0.0266,-0.0000,6.00,87.69,93.69,6.3475,4.7626,3.3171,0.491369,0.233948,0.007938,0.000000,0.249483,1290,2.661
0.7639,39,-0.3475,-0.0000,-0.0266,0.1119,6.00,87.69,93.69,6.3475,4.8896,3.3171,0.491207,0.233948,0.008149,-0.000373,0.249483,1290,2.661
0.7840,40,-0.3475,-0.0000,-0.0266,0.1119,6.00,87.69,93.69,6.3475,5.0165,3.3171,0.491419,0.233948,0.008361,-0.000373,0.249483,1290,2.661
0.8041,41,-0.3398,-0.0000,-0.0257,-0.0000,6.00,87.69,93.69,6.3398,5.1433,3.3166,0.491680,0.233625,0.008572,0.000000,0.249483,1290,2.6532
0.8241,42,-0.3398,-0.0000,-0.0257,-0.0000,6.00,87.69,93.69,6.3398,5.2701,3.3166,0.491891,0.233625,0.008784,0.000000,0.249483,1290,2.6532
0.8442,43,-0.3222,-0.0000,-0.0246,-0.0000,6.00,87.69,93.69,6.3222,5.3966,3.3154,0.491368,0.232891,0.008994,0.000000,0.249483,1290,2.6356
0.8643,44,-0.3222,-0.0000,-0.0246,-0.1119,6.00,87.69,93.69,6.3222,5.5230,3.3154,0.491952,0.232891,0.009205,0.000373,0.249483,1290,2.6356
0.8844,45,-0.3222,-0.0000,-0.0246,-0.1119,6.00,87.69,93.69,6.3222,5.6495,3.3154,0.492162,0.232891,0.009416,0.000373,0.249483,1290,2.6356
0.9045,46,-0.3098,-0.0000,-0.0235,0.1119,6.00,87.69,93.69,6.3098,5.7757,3.3145,0.491113,0.232377,0.009626,-0.000373,0.249483,1290,2.6232
0.9246,47,-0.3098,-0.0000,-0.0235,0.1119,6.00,87.69,93.69,6.3098,5.9019,3.3145,0.491323,0.232377,0.009836,-0.000373,0.249483,1290,2.6232
0.9447,48,-0.2975,-0.0000,-0.0225,0.1119,6.00,87.69,93.69,6.2975,6.0278,3.3137,0.491019,0.231863,0.010046,-0.000373,0.249483,1290,2.6109
0.9648,49,-0.2975,-0.0000,-0.0225,-0.0000,6.00,87.69,93.69,6.2975,6.1538,3.3137,0.491602,0.231863,0.010256,0.000000,0.249483,1290,2.6109
0.9848,50,-0.2975,-0.0000,-0.0225,-0.0000,6.00,87.69,93.69,6.2975,6.2797,3.3137,0.491812,0.231863,0.010466,0.000000,0.249483,1290,2.6109
1.0049,51,-0.2798,-0.0000,-0.0214,0.1119,6.00,87.69,93.69,6.2798,6.4053,3.3124,0.490914,0.231128,0.010676,-0.000373,0.249483,1290,2.5933
1.0250,52,-0.2798,-0.0000,-0.0214,0.1119,6.00,87.69,93.69,6.2798,6.5309,3.3124,0.491123,0.231128,0.010885,-0.000373,0.249483,1290,2.5933
1.0451,53,-0.2675,-0.0000,-0.0204,0.1119,6.00,87.69,93.69,6.2675,6.6563,3.3116,0.490818,0.230614,0.011094,-0.000373,0.249483,1290,2.5809
1.0652,54,-0.2675,-0.0000,-0.0204,-0.1119,6.00,87.69,93.69,6.2675,6.7816,3.3116,0.491773,0.230614,0.011303,0.000373,0.249483,1290,2.5809
1.0852,55,-0.2675,-0.0000,-0.0204,-0.1119,6.00,87.69,93.69,6.2675,6.9070,3.3116,0.491982,0.230614,0.011512,0.000373,0.249483,1290,2.5809
1.1053,56,-0.2544,-0.0000,-0.0196,-0.0000,6.00,87.69,93.69,6.2544,7.0320,3.3107,0.491274,0.230071,0.011720,0.000000,0.249483,1290,2.5679
1.1271,57,-0.2544,-0.0000,-0.0196,-0.0000,6.00,87.69,93.69,6.2544,7.1571,3.3107,0.491482,0.230071,0.011929,0.000000,0.249483,1290,2.5679
1.1472,58,-0.2414,-0.0000,-0.0188,-0.0000,6.00,87.69,93.69,6.2414,7.2820,3.3098,0.491147,0.229528,0.012137,0.000000,0.249483,1290,2.5548
1.1674,59,-0.2414,-0.0000,-0.0188,0.1119,6.00,87.69,93.69,6.2414,7.4068,3.3098,0.490982,0.229528,0.012345,-0.000373,0.249483,1290,2.5548
1.1874,60,-0.2414,-0.0000,-0.0188,0.1119,6.00,87.69,93.69,6.2414,7.5316,3.3098,0.491190,0.229528,0.012553,-0.000373,0.249483,1290,2.5548
1.2075,61,-0.2237,-0.0000,-0.0073,-0.0000,6.00,87.69,93.69,6.2237,7.6561,3.3085,0.491034,0.228792,0.012760,0.000000,0.249483,1290,2.5371
1.2276,62,-0.2237,-0.0000,-0.0073,-0.0000,6.00,87.69,93.69,6.2237,7.7806,3.3085,0.491242,0.228792,0.012968,0.000000,0.249483,1290,2.5371
1.2477,63,-0.2061,-0.0000,-0.0063,-0.0000,6.00,87.69,93.69,6.2061,7.9047,3.3073,0.490714,0.228057,0.013174,0.000000,0.249483,1290,2.5195
1.2678,64,-0.2061,-0.0000,-0.0063,-0.0000,6.00,87.69,93.69,6.2061,8.0288,3.3073,0.490921,0.228057,0.013381,0.000000,0.249483,1290,2.5195
1.2879,65,-0.2061,-0.0000,-0.0063,-0.0000,6.00,87.69,93.69,6.2061,8.1529,3.3073,0.491128,0.228057,0.013588,0.000000,0.249483,1290,2.5195
1.3080,66,-0.1983,-0.0000,-0.0056,-0.1119,6.00,87.69,93.69,6.1983,8.2769,3.3067,0.491384,0.227734,0.013795,0.000373,0.249483,1290,2.5118
1.3281,67,-0.1983,-0.0000,-0.0056,-0.1119,6.00,87.69,93.69,6.1983,8.4009,3.3067,0.491591,0.227734,0.014001,0.000373,0.249483,1290,2.5118
1.3482,68,-0.1899,-0.0000,-0.005,-0.1119,6.00,87.69,93.69,6.1899,8.5247,3.3061,0.491445,0.227381,0.014208,0.000373,0.249483,1290,2.5033
1.3683,69,-0.1899,-0.0000,-0.005,-0.0000,6.00,87.69,93.69,6.1899,8.6485,3.3061,0.491278,0.227381,0.014414,0.000000,0.249483,1290,2.5033
1.3883,70,-0.1899,-0.0000,-0.005,-0.0000,6.00,87.69,93.69,6.1899,8.7723,3.3061,0.491484,0.227381,0.014620,0.000000,0.249483,1290,2.5033
1.4084,71,-0.1814,-0.0000,0.0061,-0.1119,6.00,87.69,93.69,6.1814,8.8959,3.3055,0.491709,0.227027,0.014826,0.000373,0.249483,1290,2.4948
1.4285,72,-0.1814,-0.0000,0.0061,-0.1119,6.00,87.69,93.69,6.1814,9.0195,3.3055,0.491915,0.227027,0.015033,0.000373,0.249483,1290,2.4948
1.4486,73,-0.1683,-0.0000,0.0068,-0.1119,6.00,87.69,93.69,6.1683,9.1429,3.3045,0.491577,0.226483,0.015238,0.000373,0.249483,1290,2.4817
1.4687,74,-0.1683,-0.0000,0.0068,0.1119,6.00,87.69,93.69,6.1683,9.2662,3.3045,0.491036,0.226483,0.015444,-0.000373,0.249483,1290,2.4817
1.4887,75,-0.1683,-0.0000,0.0068,0.1119,6.00,87.69,93.69,6.1683,9.3896,3.3045,0.491242,0.226483,0.015649,-0.000373,0.249483,1290,2.4817
1.5088,76,-0.1546,-0.0000,0.0073,-0.1119,6.00,87.69,93.69,6.1546,9.5127,3.3036,0.491620,0.225910,0.015854,0.000373,0.249483,1290,2.468
1.5289,77,-0.1546,-0.0000,0.0073,-0.1119,6.00,87.69,93.69,6.1546,9.6358,3.3036,0.491825,0.225910,0.016060,0.000373,0.249483,1290,2.468
1.5490,78,-0.1508,-0.0000,0.0084,-0.1119,6.00,87.69,93.69,6.1508,9.7588,3.3033,0.491872,0.225752,0.016265,0.000373,0.249483,1290,2.4642
1.5691,79,-0.1508,-0.0000,0.0084,-0.1119,6.00,87.69,93.69,6.1508,9.8818,3.3033,0.492077,0.225752,0.016470,0.000373,0.249483,1290,2.4642
1.5891,80,-0.1508,-0.0000,0.0084,-0.1119,6.00,87.69,93.69,6.1508,10.0048,3.3033,0.492282,0.225752,0.016675,0.000373,0.249483,1290,2.4642
1.6092,81,-0.1416,-0.0000,0.0088,-0.1119,6.00,87.69,93.69,6.1416,10.1277,3.3026,0.492105,0.225370,0.016879,0.000373,0.249483,1290,2.455
1.6293,82,-0.1416,-0.0000,0.0088,-0.1119,6.00,87.69,93.69,6.1416,10.2505,3.3026,0.492310,0.225370,0.017084,0.000373,0.249483,1290,2.455
1.6494,83,-0.1430,-0.0000,0.0091,-0.0000,6.00,87.69,93.69,6.1430,10.3734,3.3027,0.492200,0.225428,0.017289,0.000000,0.249483,1290,2.4564
1.6695,84,-0.1430,-0.0000,0.0091,-0.0000,6.00,87.69,93.69,6.1430,10.4962,3.3027,0.492405,0.225428,0.017494,0.000000,0.249483,1290,2.4564
1.6896,85,-0.1430,-0.0000,0.0091,-0.0000,6.00,87.69,93.69,6.1430,10.6191,3.3027,0.492609,0.225428,0.017698,0.000000,0.249483,1290,2.4564
1.7097,86,-0.1292,-0.0000,0.0096,-0.1119,6.00,87.69,93.69,6.1292,10.7417,3.3017,0.492614,0.224855,0.017903,0.000373,0.249483,1290,2.4427
1.7297,87,-0.1292,-0.0000,0.0096,-0.1119,6.00,87.69,93.69,6.1292,10.8642,3.3017,0.492818,0.224855,0.018107,0.000373,0.249483,1290,2.4427
1.7498,88,-0.1254,-0.0000,0.0099,-0.1119,6.00,87.69,93.69,6.1254,10.9868,3.3014,0.492860,0.224693,0.018311,0.000373,0.249483,1290,2.4388
1.7699,89,-0.1254,-0.0000,0.0099,-0.1119,6.00,87.69,93.69,6.1254,11.1093,3.3014,0.493065,0.224693,0.018515,0.000373,0.249483,1290,2.4388
1.7900,90,-0.1254,-0.0000,0.0099,-0.1119,6.00,87.69,93.69,6.1254,11.2318,3.3014,0.493269,0.224693,0.018720,0.000373,0.249483,1290,2.4388
1.8101,91,-0.1161,-0.0000,0.0095,-0.0000,6.00,87.69,93.69,6.1161,11.3541,3.3008,0.492715,0.224308,0.018923,0.000000,0.249483,1290,2.4295
1.8302,92,-0.1161,-0.0000,0.0095,-0.0000,6.00,87.69,93.69,6.1161,11.4764,3.3008,0.492918,0.224308,0.019127,0.000000,0.249483,1290,2.4295
1.8503,93,-0.1077,-0.0000,0.0108,-0.0000,6.00,87.69,93.69,6.1077,11.5986,3.3001,0.492772,0.223959,0.019331,0.000000,0.249483,1290,2.4211
1.8704,94,-0.1077,-0.0000,0.0108,-0.0000,6.00,87.69,93.69,6.1077,11.7207,3.3001,0.492976,0.223959,0.019535,0.000000,0.249483,1290,2.4211
1.8905,95,-0.1077,-0.0000,0.0108,-0.0000,6.00,87.69,93.69,6.1077,11.8429,3.3001,0.493180,0.223959,0.019738,0.000000,0.249483,1290,2.4211
1.9106,96,-0.1038,-0.0000,0.0111,-0.0000,6.00,87.69,93.69,6.1038,11.9650,3.2999,0.493221,0.223797,0.019942,0.000000,0.249483,1290,2.4173
1.9306,97,-0.1038,-0.0000,0.0111,-0.0000,6.00,87.69,93.69,6.1038,12.0870,3.2999,0.493425,0.223797,0.020145,0.000000,0.249483,1289,2.4173
1.9507,98,-0.0947,-0.0000,0.0114,-0.0000,6.00,87.69,93.69,6.0947,12.2089,3.2992,0.493246,0.223415,0.020348,0.000000,0.249483,1290,2.4081
1.9708,99,-0.0947,-0.0000,0.0114,-0.0000,6.00,87.69,93.69,6.0947,12.3308,3.2992,0.493449,0.223415,0.020551,0.000000,0.249483,1289,2.4081
1.9909,100,-0.0947,-0.0000,0.0114,-0.0000,6.00,87.69,93.69,6.0947,12.4527,3.2992,0.493652,0.223415,0.020755,0.000000,0.249483,1289,2.4041
2.0110,101,-0.0906,-0.0000,0.0215,-0.0000,6.00,87.69,93.69,6.0906,12.5745,3.2989,0.493688,0.223248,0.020958,0.000000,0.249483,1289,2.4041
2.0311,102,-0.0906,-0.0000,0.0215,-0.0000,6.00,87.69,93.69,6.0906,12.6963,3.2989,0.493891,0.223248,0.021161,0.000000,0.249483,1289,2.4041
2.0511,103,-0.0815,-0.0000,0.0218,-0.1119,6.00,87.69,93.69,6.0815,12.8180,3.2982,0.494085,0.222866,0.021363,0.000373,0.249483,1289,2.3949
2.0712,104,-0.0815,-0.0000,0.0218,-0.1119,6.00,87.69,93.69,6.0815,12.9396,3.2982,0.494287,0.222866,0.021566,0.000373,0.249483,1289,2.3949
2.0913,105,-0.0815,-0.0000,0.0122,-0.1119,6.00,87.69,93.69,6.0815,13.0612,3.2982,0.494490,0.222866,0.021769,0.000373,0.249483,1289,2.3957
2.1114,106,-0.0823,-0.0000,0.0122,-0.0000,6.00,87.69,93.69,6.0823,13.1829,3.2983,0.494355,0.222901,0.021971,0.000000,0.249483,1289,2.3957
2.1315,107,-0.0823,-0.0000,0.0122,-0.0000,6.00,87.69,93.69,6.0823,13.3045,3.2983,0.494557,0.222901,0.022174,0.000000,0.249483,1289,2.3957
2.1515,108,-0.0731,-0.0000,0.0125,-0.1119,6.00,87.69,93.69,6.0731,13.4260,3.2976,0.494751,0.222518,0.022377,0.000373,0.249483,1289,2.3866
2.1716,109,-0.0731,-0.0000,0.0125,-0.1119,6.00,87.69,93.69,6.0731,13.5474,3.2976,0.494953,0.222518,0.022579,0.000373,0.249483,1289,2.3866
2.1917,110,-0.0738,-0.0000,0.0126,-0.1119,6.00,87.69,93.69,6.0738,13.6689,3.2976,0.495185,0.222548,0.022782,0.000373,0.249483,1289,2.3873
2.2118,111,-0.0738,-0.0000,0.0126,-0.0000,6.00,87.69,93.69,6.0738,13.7904,3.2976,0.495014,0.222548,0.022984,0.000000,0.249483,1289,2.3873
2.2319,112,-0.0738,-0.0000,0.0126,-0.0000,6.00,87.69,93.69,6.0738,13.9119,3.2976,0.495217,0.222548,0.023186,0.000000,0.249483,1289,2.3873
2.2519,113,-0.0693,-0.0000,0.0128,-0.0000,6.00,87.69,93.69,6.0693,14.0333,3.2973,0.495228,0.222357,0.023389,0.000000,0.249483,1289,2.3827
2.2720,114,-0.0693,-0.0000,0.0128,-0.0000,6.00,87.69,93.69,6.0693,14.1546,3.2973,0.495430,0.222357,0.023591,0.000000,0.249483,1289,2.3827
2.2921,115,-0.0698,-0.0000,0.0228,-0.0000,6.00,87.69,93.69,6.0698,14.2760,3.2973,0.495657,0.222380,0.023793,0.000000,0.249483,1289,2.3832
2.3122,116,-0.0698,-0.0000,0.0228,-0.0000,6.00,87.69,93.69,6.0698,14.3974,3.2973,0.495859,0.222380,0.023996,0.000000,0.249483,1289,2.3832
2.3323,117,-0.0698,-0.0000,0.0228,-0.0000,6.00,87.69,93.69,6.0698,14.5188,3.2973,0.496061,0.222380,0.024198,0.000000,0.249483,1288,2.3832
2.3523,118,-0.0652,-0.0000,0.0229,-0.0000,6.00,87.69,93.69,6.0652,14.6401,3.2970,0.496072,0.222189,0.024400,0.000000,0.249483,1288,2.3787
2.3724,119,-0.0652,-0.0000,0.0229,-0.0000,6.00,87.69,93.69,6.0652,14.7614,3.2970,0.496275,0.222189,0.024602,0.000000,0.249483,1288,2.3787
2.3925,120,-0.0660,-0.0000,0.0238,-0.0000,6.00,87.69,93.69,6.0660,14.8828,3.2970,0.496509,0.222221,0.024805,0.000000,0.249483,1288,2.3794
2.4126,121,-0.0660,-0.0000,0.0238,-0.0000,6.00,87.69,93.69,6.0660,15.0041,3.2970,0.496711,0.222221,0.025007,0.000000,0.249483,1288,2.3794
2.4327,122,-0.0660,-0.0000,0.0238,-0.0000,6.00,87.69,93.69,6.0660,15.1254,3.2970,0.496913,0.222221,0.025209,0.000000,0.249483,1288,2.3794
2.4529,123,-0.0615,-0.0000,0.0134,-0.1119,6.00,87.69,93.69,6.0615,15.2466,3.2967,0.497300,0.222033,0.025411,0.000373,0.249483,1288,2.3749
2.4729,124,-0.0615,-0.0000,0.0134,-0.1119,6.00,87.69,93.69,6.0615,15.3679,3.2967,0.497502,0.222033,0.025613,0.000373,0.249483,1288,2.3749
2.4930,125,-0.0675,-0.0000,0.0135,-0.1119,6.00,87.69,93.69,6.0675,15.4892,3.2972,0.497954,0.222283,0.025815,0.000373,0.249483,1288,2.3809
2.5131,126,-0.0675,-0.0000,0.0135,-0.0000,6.00,87.69,93.69,6.0675,15.6106,3.2972,0.497783,0.222283,0.026018,0.000000,0.249483,1288,2.3809
2.5332,127,-0.0675,-0.0000,0.0135,-0.0000,6.00,87.69,93.69,6.0675,15.7319,3.2972,0.497985,0.222283,0.026220,0.000000,0.249483,1288,2.3809
2.5532,128,-0.0674,-0.0000,0.0233,-0.0000,6.00,87.69,93.69,6.0674,15.8533,3.2971,0.498182,0.222277,0.026422,0.000000,0.249483,1288,2.3808
2.5733,129,-0.0674,-0.0000,0.0233,-0.0000,6.00,87.69,93.69,6.0674,15.9746,3.2971,0.498384,0.222277,0.026624,0.000000,0.249483,1288,2.3808
2.5934,130,-0.0682,-0.0000,0.0136,-0.0000,6.00,87.69,93.69,6.0682,16.0960,3.2972,0.498621,0.222312,0.026827,0.000000,0.249483,1288,2.3816
2.6135,131,-0.0682,-0.0000,0.0136,-0.0000,6.00,87.69,93.69,6.0682,16.2173,3.2972,0.498824,0.222312,0.027029,0.000000,0.249483,1287,2.3816
2.6336,132,-0.0682,-0.0000,0.0136,-0.0000,6.00,87.69,93.69,6.0682,16.3387,3.2972,0.499026,0.222312,0.027231,0.000000,0.249483,1287,2.3816
2.6536,133,-0.0682,-0.0000,0.0136,0.1119,6.00,87.69,93.69,6.0682,16.4601,3.2972,0.498855,0.222312,0.027433,-0.000373,0.249483,1287,2.3816
2.6737,134,-0.0682,-0.0000,0.0136,0.1119,6.00,87.69,93.69,6.0682,16.5814,3.2972,0.499058,0.222312,0.027636,-0.000373,0.249483,1287,2.3816
2.6938,135,-0.0590,-0.0000,0.0139,0.1119,6.00,87.69,93.69,6.0590,16.7026,3.2965,0.498877,0.221930,0.027838,-0.000373,0.249483,1287,2.3724
2.7139,136,-0.0590,-0.0000,0.0139,-0.1119,6.00,87.69,93.69,6.0590,16.8238,3.2965,0.499825,0.221930,0.028040,0.000373,0.249483,1287,2.3724
2.7340,137,-0.0590,-0.0000,0.0139,-0.1119,6.00,87.69,93.69,6.0590,16.9450,3.2965,0.500027,0.221930,0.028242,0.000373,0.249483,1287,2.3724
2.7540,138,-0.0590,-0.0000,0.0132,-0.2238,6.00,87.69,93.69,6.0590,17.0661,3.2965,0.500600,0.221927,0.028444,0.000746,0.249483,1287,2.3724
2.7741,139,-0.0590,-0.0000,0.0132,-0.2238,6.00,87.69,93.69,6.0590,17.1873,3.2965,0.500802,0.221927,0.028646,0.000746,0.249483,1287,2.3724
2.7942,140,-0.0591,-0.0000,0.0034,-0.2238,6.00,87.69,93.69,6.0591,17.3085,3.2965,0.501009,0.221933,0.028848,0.000746,0.249483,1287,2.3725
2.8143,141,-0.0591,-0.0000,0.0034,-0.0000,6.00,87.69,93.69,6.0591,17.4297,3.2965,0.500465,0.221933,0.029049,0.000000,0.249483,1287,2.3725
2.8348,142,-0.0591,-0.0000,0.0034,-0.0000,6.00,87.69,93.69,6.0591,17.5509,3.2965,0.500667,0.221933,0.029251,0.000000,0.249483,1287,2.3725
2.8549,143,-0.0491,-0.0000,0.0133,0.2238,6.00,87.69,93.69,6.0491,17.6719,3.2958,0.499706,0.221516,0.029453,-0.000746,0.249483,1287,2.3625
2.8750,144,-0.0491,-0.0000,0.0133,0.2238,6.00,87.69,93.69,6.0491,17.7928,3.2958,0.499907,0.221516,0.029655,-0.000746,0.249483,1287,2.3625
2.8950,145,-0.0445,-0.0000,0.0135,0.2238,6.00,87.69,93.69,6.0445,17.9137,3.2954,0.499918,0.221325,0.029856,-0.000746,0.249483,1287,2.3579
2.9151,146,-0.0445,-0.0000,0.0135,-0.1119,6.00,87.69,93.69,6.0445,18.0346,3.2954,0.501239,0.221325,0.030058,0.000373,0.249483,1287,2.3579
2.9352,147,-0.0445,-0.0000,0.0135,-0.1119,6.00,87.69,93.69,6.0445,18.1555,3.2954,0.501440,0.221325,0.030259,0.000373,0.249483,1286,2.3579
2.9553,148,-0.0399,-0.0000,0.0136,-0.0000,6.00,87.69,93.69,6.0399,18.2763,3.2951,0.501077,0.221134,0.030460,0.000000,0.249483,1287,2.3533
2.9754,149,-0.0399,-0.0000,0.0136,-0.0000,6.00,87.69,93.69,6.0399,18.3971,3.2951,0.501279,0.221134,0.030662,0.000000,0.249483,1287,2.3533
2.9955,150,-0.0400,-0.0000,0.0144,-0.0000,6.00,87.69,93.69,6.0400,18.5179,3.2951,0.501483,0.221137,0.030863,0.000000,0.249483,1286,2.3534
3.0155,151,-0.0400,-0.0000,0.0144,-0.0000,6.00,87.69,93.69,6.0400,18.6387,3.2951,0.501684,0.221137,0.031064,0.000000,0.249483,1286,2.3534
3.0356,152,-0.0400,-0.0000,0.0144,-0.0000,6.00,87.69,93.69,6.0400,18.7595,3.2951,0.501885,0.221137,0.031266,0.000000,0.249483,1286,2.3534
3.0557,153,-0.0354,-0.0000,0.0145,-0.1119,6.00,87.69,93.69,6.0354,18.8802,3.2948,0.502268,0.220946,0.031467,0.000373,0.249483,1286,2.3488
3.0758,154,-0.0354,-0.0000,0.0145,-0.1119,6.00,87.69,93.69,6.0354,19.0009,3.2948,0.502470,0.220946,0.031668,0.000373,0.249483,1286,2.3488
3.0959,155,-0.0353,-0.0000,0.0244,-0.1119,6.00,87.69,93.69,6.0353,19.1216,3.2947,0.502665,0.220940,0.031869,0.000373,0.249483,1286,2.3487
3.1160,156,-0.0353,-0.0000,0.0244,-0.0000,6.00,87.69,93.69,6.0353,19.2423,3.2947,0.502493,0.220940,0.032071,0.000000,0.249483,1286,2.3487
3.1360,157,-0.0353,-0.0000,0.0244,-0.0000,6.00,87.69,93.69,6.0353,19.3630,3.2947,0.502695,0.220940,0.032272,0.000000,0.249483,1286,2.3487
3.1561,158,-0.0307,-0.0000,0.0245,-0.0000,6.00,87.69,93.69,6.0307,19.4836,3.2944,0.502705,0.220749,0.032473,0.000000,0.249483,1286,2.3441
3.1762,159,-0.0307,-0.0000,0.0245,-0.0000,6.00,87.69,93.69,6.0307,19.6043,3.2944,0.502906,0.220749,0.032674,0.000000,0.249483,1286,2.3441
3.1963,160,-0.0307,-0.0000,0.0245,-0.0000,6.00,87.69,93.69,6.0307,19.7249,3.2944,0.503107,0.220749,0.032875,0.000000,0.249483,1286,2.3441
3.2164,161,-0.0307,-0.0000,0.0245,-0.0000,6.00,87.69,93.69,6.0307,19.8455,3.2944,0.503308,0.220749,0.033076,0.000000,0.249483,1286,2.3441
3.2365,162,-0.0307,-0.0000,0.0245,-0.0000,6.00,87.69,93.69,6.0307,19.9661,3.2944,0.503509,0.220749,0.033277,0.000000,0.249483,1286,2.3441
3.2565,163,-0.0261,-0.0000,0.0246,-0.0000,6.00,87.69,93.69,6.0261,20.0866,3.2940,0.503518,0.220558,0.033478,0.000000,0.249483,1286,2.3395
3.2766,164,-0.0261,-0.0000,0.0246,-0.0000,6.00,87.69,93.69,6.0261,20.2071,3.2940,0.503719,0.220558,0.033679,0.000000,0.249483,1286,2.3395
3.2967,165,-0.0261,-0.0000,0.0246,-0.0000,6.00,87.69,93.69,6.0261,20.3277,3.2940,0.503920,0.220558,0.033879,0.000000,0.249483,1286,2.3395
3.3168,166,-0.0261,-0.0000,0.0246,-0.0000,6.00,87.69,93.69,6.0261,20.4482,3.2940,0.504121,0.220558,0.034080,0.000000,0.249483,1285,2.3395
3.3369,167,-0.0261,-0.0000,0.0246,-0.0000,6.00,87.69,93.69,6.0261,20.5687,3.2940,0.504322,0.220558,0.034281,0.000000,0.249483,1285,2.3395
3.3570,168,-0.0261,-0.0000,0.0246,-0.0000,6.00,87.69,93.69,6.0261,20.6892,3.2940,0.504523,0.220558,0.034482,0.000000,0.249483,1285,2.3395
3.3771,169,-0.0261,-0.0000,0.0246,-0.0000,6.00,87.69,93.69,6.0261,20.8097,3.2940,0.504724,0.220558,0.034683,0.000000,0.249483,1285,2.3395
3.3972,170,-0.0215,-0.0000,0.0248,-0.0000,6.00,87.69,93.69,6.0215,20.9302,3.2937,0.504733,0.220367,0.034884,0.000000,0.249483,1285,2.3349
3.4173,171,-0.0215,-0.0000,0.0248,-0.0000,6.00,87.69,93.69,6.0215,21.0506,3.2937,0.504934,0.220367,0.035084,0.000000,0.249483,1285,2.3349
3.4374,172,-0.0215,-0.0000,0.0248,-0.0000,6.00,87.69,93.69,6.0215,21.1710,3.2937,0.505135,0.220367,0.035285,0.000000,0.249483,1285,2.3349
3.4575,173,-0.0215,-0.0000,0.0248,-0.0000,6.00,87.69,93.69,6.0215,21.2915,3.2937,0.505336,0.220367,0.035486,0.000000,0.249483,1285,2.3349
3.4776,174,-0.0215,-0.0000,0.0248,-0.0000,6.00,87.69,93.69,6.0215,21.4119,3.2937,0.505536,0.220367,0.035686,0.000000,0.249483,1285,2.3349
3.4977,175,-0.0162,-0.0000,0.0248,-0.0000,6.00,87.69,93.69,6.0162,21.5322,3.2933,0.505517,0.220147,0.035887,0.000000,0.249483,1285,2.3296
3.5178,176,-0.0162,-0.0000,0.0248,-0.0000,6.00,87.69,93.69,6.0162,21.6525,3.2933,0.505717,0.220147,0.036088,0.000000,0.249483,1285,2.3296
3.5379,177,-0.0162,-0.0000,0.0248,-0.0000,6.00,87.69,93.69,6.0162,21.7729,3.2933,0.505918,0.220147,0.036288,0.000000,0.249483,1285,2.3296
3.5580,178,-0.0162,-0.0000,0.0248,-0.0000,6.00,87.69,93.69,6.0162,21.8932,3.2933,0.506118,0.220147,0.036489,0.000000,0.249483,1285,2.3296
3.5781,179,-0.0162,-0.0000,0.0248,-0.0000,6.00,87.69,93.69,6.0162,22.0135,3.2933,0.506319,0.220147,0.036689,0.000000,0.249483,1285,2.3296
3.5982,180,-0.0116,-0.0000,0.0249,-0.0000,6.00,87.69,93.69,6.0116,22.1338,3.2930,0.506328,0.219956,0.036890,0.000000,0.249483,1285,2.3251
3.6183,181,-0.0116,-0.0000,0.0249,-0.0000,6.00,87.69,93.69,6.0116,22.2540,3.2930,0.506528,0.219956,0.037090,0.000000,0.249483,1285,2.3251
3.6385,182,-0.0116,-0.0000,0.0249,-0.0000,6.00,87.69,93.69,6.0116,22.3742,3.2930,0.506729,0.219956,0.037290,0.000000,0.249483,1284,2.3251
3.6586,183,-0.0116,-0.0000,0.0249,-0.0000,6.00,87.69,93.69,6.0116,22.4945,3.2930,0.506929,0.219956,0.037491,0.000000,0.249483,1284,2.3251
3.6787,184,-0.0116,-0.0000,0.0249,-0.0000,6.00,87.69,93.69,6.0116,22.6147,3.2930,0.507130,0.219956,0.037691,0.000000,0.249483,1284,2.3251
3.6988,185,-0.0116,-0.0000,0.0249,-0.0000,6.00,87.69,93.69,6.0116,22.7349,3.2930,0.507330,0.219956,0.037892,0.000000,0.249483,1284,2.3251
3.7189,186,-0.0116,-0.0000,0.0249,-0.0000,6.00,87.69,93.69,6.0116,22.8551,3.2930,0.507530,0.219956,0.038092,0.000000,0.249483,1284,2.3251
3.7390,187,-0.0116,-0.0000,0.0249,-0.0000,6.00,87.69,93.69,6.0116,22.9754,3.2930,0.507731,0.219956,0.038292,0.000000,0.249483,1284,2.3251
3.7591,188,-0.0116,-0.0000,0.0249,-0.0000,6.00,87.69,93.69,6.0116,23.0956,3.2930,0.507931,0.219956,0.038493,0.000000,0.249483,1284,2.3251
3.7792,189,-0.0116,-0.0000,0.0249,-0.0000,6.00,87.69,93.69,6.0116,23.2158,3.2930,0.508132,0.219956,0.038693,0.000000,0.249483,1284,2.3251
3.7993,190,-0.0116,-0.0000,0.0249,-0.0000,6.00,87.69,93.69,6.0116,23.3361,3.2930,0.508332,0.219956,0.038893,0.000000,0.249483,1284,2.3251
3.8194,191,-0.0116,-0.0000,0.0249,-0.0000,6.00,87.69,93.69,6.0116,23.4563,3.2930,0.508532,0.219956,0.039094,0.000000,0.249483,1284,2.3251
3.8395,192,-0.0116,-0.0000,0.0249,-0.0000,6.00,87.69,93.69,6.0116,23.5765,3.2930,0.508733,0.219956,0.039294,0.000000,0.249483,1284,2.3205
3.8596,193,-0.0070,-0.0000,0.0251,-0.0000,6.00,87.69,93.69,6.0070,23.6967,3.2926,0.508742,0.219765,0.039494,0.000000,0.249483,1284,2.3205
3.8798,194,-0.0070,-0.0000,0.0251,-0.0000,6.00,87.69,93.69,6.0070,23.8168,3.2926,0.508942,0.219765,0.039695,0.000000,0.249483,1284,2.3205
3.8999,195,-0.0070,-0.0000,0.0251,-0.0000,6.00,87.69,93.69,6.0070,23.9370,3.2926,0.509142,0.219765,0.039895,0.000000,0.249483,1284,2.3205
3.9200,196,-0.0070,-0.0000,0.0251,-0.0000,6.00,87.69,93.69,6.0070,24.0571,3.2926,0.509343,0.219765,0.040095,0.000000,0.249483,1283,2.3205
3.9401,197,-0.0070,-0.0000,0.0251,-0.0000,6.00,87.69,93.69,6.0070,24.1772,3.2926,0.509543,0.219765,0.040295,0.000000,0.249483,1283,2.3205
3.9602,198,-0.0070,-0.0000,0.0251,-0.0000,6.00,87.69,93.69,6.0070,24.2974,3.2926,0.509743,0.219765,0.040496,0.000000,0.249483,1283,2.3205
3.9803,199,-0.0070,-0.0000,0.0251,-0.0000,6.00,87.69,93.69,6.0070,24.4175,3.2926,0.509943,0.219765,0.040696,0.000000,0.249483,1283,2.3205
4.0004,200,-0.0072,-0.0000,0.0152,-0.1119,6.00,87.69,93.69,6.0072,24.5377,3.2926,0.510522,0.219770,0.040896,0.000373,0.249483,1283,2.3206
4.0205,201,-0.0072,-0.0000,0.0152,-0.1119,6.00,87.69,93.69,6.0072,24.6578,3.2926,0.510723,0.219770,0.041096,0.000373,0.249483,1283,2.3206
4.0406,202,-0.0025,-0.0000,0.026,-0.1119,6.00,87.69,93.69,6.0025,24.7779,3.2923,0.510728,0.219576,0.041296,0.000373,0.249483,1283,2.3159
4.0607,203,-0.0025,-0.0000,0.026,-0.0000,6.00,87.69,93.69,6.0025,24.8979,3.2923,0.510556,0.219576,0.041497,0.000000,0.249483,1283,2.3159
4.0808,204,-0.0025,-0.0000,0.026,-0.0000,6.00,87.69,93.69,6.0025,25.0180,3.2923,0.510756,0.219576,0.041697,0.000000,0.249483,1283,2.3159
4.1009,205,-0.0071,-0.0000,0.0258,0.1119,6.00,87.69,93.69,6.0071,25.1381,3.2926,0.510774,0.219767,0.041897,-0.000373,0.249483,1283,2.3205
4.1210,206,-0.0071,-0.0000,0.0258,0.1119,6.00,87.69,93.69,6.0071,25.2583,3.2926,0.510974,0.219767,0.042097,-0.000373,0.249483,1283,2.3205
4.1411,207,-0.0018,-0.0000,0.0258,0.1119,6.00,87.69,93.69,6.0018,25.3783,3.2922,0.510954,0.219547,0.042297,-0.000373,0.249483,1283,2.3152
4.1612,208,-0.0018,-0.0000,0.0258,-0.0000,6.00,87.69,93.69,6.0018,25.4983,3.2922,0.511527,0.219547,0.042497,0.000000,0.249483,1283,2.3152
4.1813,209,-0.0018,-0.0000,0.0258,-0.0000,6.00,87.69,93.69,6.0018,25.6184,3.2922,0.511727,0.219547,0.042697,0.000000,0.249483,1283,2.3152
4.2020,210,-0.0019,-0.0000,0.0153,0.1119,6.00,87.69,93.69,6.0019,25.7384,3.2922,0.511557,0.219550,0.042897,-0.000373,0.249483,1283,2.3153
4.2222,211,-0.0019,-0.0000,0.0153,0.1119,6.00,87.69,93.69,6.0019,25.8584,3.2922,0.511757,0.219550,0.043097,-0.000373,0.249483,1283,2.3153
4.2423,212,-0.0019,-0.0000,0.0153,0.1119,6.00,87.69,93.69,6.0019,25.9785,3.2922,0.511957,0.219550,0.043297,-0.000373,0.249483,1283,2.3153
4.2623,213,-0.0019,-0.0000,0.0153,-0.1119,6.00,87.69,93.69,6.0019,26.0985,3.2922,0.512903,0.219550,0.043498,0.000373,0.249483,1282,2.3153
4.2824,214,-0.0019,-0.0000,0.0153,-0.1119,6.00,87.69,93.69,6.0019,26.2186,3.2922,0.513103,0.219550,0.043698,0.000373,0.249483,1282,2.3153
4.3025,215,0.0028,-0.0000,0.0252,0.1119,6.00,87.69,93.69,5.9972,26.3385,3.2919,0.512361,0.219354,0.043897,-0.000373,0.249483,1282,2.3106
4.3226,216,0.0028,-0.0000,0.0252,0.1119,6.00,87.69,93.69,5.9972,26.4584,3.2919,0.512561,0.219354,0.044097,-0.000373,0.249483,1282,2.3106
4.3427,217,-0.0018,-0.0000,0.0251,0.1119,6.00,87.69,93.69,6.0018,26.5785,3.2922,0.512952,0.219545,0.044297,-0.000373,0.249483,1282,2.3152
4.3628,218,-0.0018,-0.0000,0.0251,-0.1119,6.00,87.69,93.69,6.0018,26.6985,3.2922,0.513898,0.219545,0.044498,0.000373,0.249483,1282,2.3152
4.3829,219,-0.0018,-0.0000,0.0251,-0.1119,6.00,87.69,93.69,6.0018,26.8185,3.2922,0.514098,0.219545,0.044698,0.000373,0.249483,1282,2.3152
4.4031,220,0.0027,-0.0000,0.0154,-0.1119,6.00,87.69,93.69,5.9973,26.9385,3.2919,0.514112,0.219359,0.044897,0.000373,0.249483,1282,2.3107
4.4232,221,0.0027,-0.0000,0.0154,-0.1119,6.00,87.69,93.69,5.9973,27.0584,3.2919,0.514312,0.219359,0.045097,0.000373,0.249483,1282,2.3107
4.4433,222,0.0027,-0.0000,0.0154,-0.1119,6.00,87.69,93.69,5.9973,27.1784,3.2919,0.514512,0.219359,0.045297,0.000373,0.249483,1282,2.3107
4.4634,223,0.0027,-0.0000,0.0154,0.2238,6.00,87.69,93.69,5.9973,27.2983,3.2919,0.513593,0.219359,0.045497,-0.000746,0.249483,1282,2.3107
4.4835,224,0.0027,-0.0000,0.0154,0.2238,6.00,87.69,93.69,5.9973,27.4183,3.2919,0.513793,0.219359,0.045697,-0.000746,0.249483,1282,2.3107
4.5036,225,0.0027,-0.0000,0.0154,-0.1119,6.00,87.69,93.69,5.9973,27.5382,3.2919,0.515112,0.219359,0.045897,0.000373,0.249483,1281,2.3107
4.5237,226,0.0027,-0.0000,0.0154,-0.1119,6.00,87.69,93.69,5.9973,27.6582,3.2919,0.515312,0.219359,0.046097,0.000373,0.249483,1281,2.3107
4.5438,227,0.0073,-0.0000,0.0155,-0.1119,6.00,87.69,93.69,5.9927,27.7780,3.2915,0.515321,0.219168,0.046297,0.000373,0.249483,1281,2.3061
4.5639,228,0.0073,-0.0000,0.0155,0.1119,6.00,87.69,93.69,5.9927,27.8979,3.2915,0.514774,0.219168,0.046496,-0.000373,0.249483,1281,2.3061
4.5840,229,0.0073,-0.0000,0.0155,0.1119,6.00,87.69,93.69,5.9927,28.0177,3.2915,0.514974,0.219168,0.046696,-0.000373,0.249483,1281,2.3061
4.6041,230,0.0073,-0.0000,0.0148,0.1119,6.00,87.69,93.69,5.9927,28.1376,3.2915,0.515171,0.219166,0.046896,-0.000373,0.249483,1281,2.3061
4.6245,231,0.0073,-0.0000,0.0148,0.1119,6.00,87.69,93.69,5.9927,28.2574,3.2915,0.515371,0.219166,0.047096,-0.000373,0.249483,1281,2.3061
4.6447,232,0.0125,-0.0000,0.005,0.1119,6.00,87.69,93.69,5.9875,28.3772,3.2911,0.515356,0.218951,0.047295,-0.000373,0.249483,1281,2.3009
4.6647,233,0.0125,-0.0000,0.005,-0.0000,6.00,87.69,93.69,5.9875,28.4969,3.2911,0.515929,0.218951,0.047495,0.000000,0.249483,1281,2.3009
4.6848,234,0.0125,-0.0000,0.005,-0.0000,6.00,87.69,93.69,5.9875,28.6167,3.2911,0.516128,0.218951,0.047694,0.000000,0.249483,1281,2.3009
4.7049,235,0.0072,-0.0000,0.005,-0.0000,6.00,87.69,93.69,5.9928,28.7365,3.2915,0.516548,0.219171,0.047894,0.000000,0.249483,1281,2.3062
4.7250,236,0.0072,-0.0000,0.005,-0.0000,6.00,87.69,93.69,5.9928,28.8564,3.2915,0.516748,0.219171,0.048094,0.000000,0.249483,1281,2.3062
4.7451,237,0.0118,-0.0000,0.0051,-0.0000,6.00,87.69,93.69,5.9882,28.9762,3.2912,0.516757,0.218980,0.048294,0.000000,0.249483,1281,2.3016
4.7652,238,0.0118,-0.0000,0.0051,0.1119,6.00,87.69,93.69,5.9882,29.0959,3.2912,0.516583,0.218980,0.048493,-0.000373,0.249483,1281,2.3016
4.7853,239,0.0118,-0.0000,0.0051,0.1119,6.00,87.69,93.69,5.9882,29.2157,3.2912,0.516783,0.218980,0.048693,-0.000373,0.249483,1281,2.3016
4.8054,240,0.0125,-0.0000,0.005,-0.1119,6.00,87.69,93.69,5.9875,29.3354,3.2911,0.517699,0.218951,0.048892,0.000373,0.249483,1280,2.3009
4.8256,241,0.0125,-0.0000,0.005,-0.1119,6.00,87.69,93.69,5.9875,29.4552,3.2911,0.517899,0.218951,0.049092,0.000373,0.249483,1280,2.3009
4.8457,242,0.0079,-0.0000,0.0048,-0.1119,6.00,87.69,93.69,5.9921,29.5750,3.2915,0.518289,0.219142,0.049292,0.000373,0.249483,1280,2.3055
4.8658,243,0.0079,-0.0000,0.0048,-0.0000,6.00,87.69,93.69,5.9921,29.6949,3.2915,0.518116,0.219142,0.049491,0.000000,0.249483,1280,2.3055
4.8859,244,0.0079,-0.0000,0.0048,-0.0000,6.00,87.69,93.69,5.9921,29.8147,3.2915,0.518316,0.219142,0.049691,0.000000,0.249483,1280,2.3055
4.9060,245,0.0132,-0.0000,0.0048,-0.0000,6.00,87.69,93.69,5.9868,29.9345,3.2911,0.518295,0.218922,0.049891,0.000000,0.249483,1280,2.3002
4.9261,246,0.0132,-0.0000,0.0048,-0.0000,6.00,87.69,93.69,5.9868,30.0542,3.2911,0.518495,0.218922,0.050090,0.000000,0.249483,1280,2.3002
4.9462,247,0.0087,-0.0000,0.0145,-0.0000,6.00,87.69,93.69,5.9913,30.1740,3.2914,0.518880,0.219107,0.050290,0.000000,0.249483,1280,2.3047
4.9663,248,0.0087,-0.0000,0.0145,-0.0000,6.00,87.69,93.69,5.9913,30.2938,3.2914,0.519079,0.219107,0.050490,0.000000,0.249483,1280,2.3047
4.9864,249,0.0087,-0.0000,0.0145,-0.0000,6.00,87.69,93.69,5.9913,30.4137,3.2914,0.519279,0.219107,0.050689,0.000000,0.249483,1280,2.3047
5.0065,250,0.0139,-0.0000,0.0047,-0.0000,6.00,87.69,93.69,5.9861,30.5334,3.2910,0.519264,0.218892,0.050889,0.000000,0.249483,1280,2.2995
5.0266,251,0.0139,-0.0000,0.0047,-0.0000,6.00,87.69,93.69,5.9861,30.6531,3.2910,0.519464,0.218892,0.051089,0.000000,0.249483,1280,2.2995
5.0467,252,0.0139,-0.0000,0.0047,-0.0000,6.00,87.69,93.69,5.9861,30.7728,3.2910,0.519663,0.218892,0.051288,0.000000,0.249483,1280,2.2995
5.0667,253,0.0139,-0.0000,0.0047,-0.0000,6.00,87.69,93.69,5.9861,30.8926,3.2910,0.519863,0.218892,0.051488,0.000000,0.249483,1280,2.2995
5.0868,254,0.0139,-0.0000,0.0047,-0.0000,6.00,87.69,93.69,5.9861,31.0123,3.2910,0.520062,0.218892,0.051687,0.000000,0.249483,1279,2.2995
5.1069,255,0.0139,-0.0000,0.0047,-0.0000,6.00,87.69,93.69,5.9861,31.1320,3.2910,0.520262,0.218892,0.051887,0.000000,0.249483,1279,2.2995
5.1270,256,0.0139,-0.0000,0.0047,-0.0000,6.00,87.69,93.69,5.9861,31.2517,3.2910,0.520461,0.218892,0.052086,0.000000,0.249483,1279,2.2995
5.1471,257,0.0086,-0.0000,0.0047,-0.0000,6.00,87.69,93.69,5.9914,31.3716,3.2914,0.520881,0.219113,0.052286,0.000000,0.249483,1279,2.3048
5.1672,258,0.0086,-0.0000,0.0047,-0.0000,6.00,87.69,93.69,5.9914,31.4914,3.2914,0.521081,0.219113,0.052486,0.000000,0.249483,1279,2.3048
5.1873,259,0.0086,-0.0000,0.0047,-0.0000,6.00,87.69,93.69,5.9914,31.6112,3.2914,0.521281,0.219113,0.052685,0.000000,0.249483,1279,2.3048
5.2074,260,0.0086,-0.0000,0.0047,-0.0000,6.00,87.69,93.69,5.9914,31.7310,3.2914,0.521480,0.219113,0.052885,0.000000,0.249483,1279,2.3048
5.2276,261,0.0086,-0.0000,0.0047,-0.0000,6.00,87.69,93.69,5.9914,31.8509,3.2914,0.521680,0.219113,0.053085,0.000000,0.249483,1279,2.3048
5.2482,262,0.0086,-0.0000,0.0047,-0.0000,6.00,87.69,93.69,5.9914,31.9707,3.2914,0.521880,0.219113,0.053284,0.000000,0.249483,1279,2.3048
5.2683,263,0.0086,-0.0000,0.0047,-0.0000,6.00,87.69,93.69,5.9914,32.0905,3.2914,0.522079,0.219113,0.053484,0.000000,0.249483,1279,2.3048
5.2884,264,0.0086,-0.0000,0.0047,-0.0000,6.00,87.69,93.69,5.9914,32.2103,3.2914,0.522279,0.219113,0.053684,0.000000,0.249483,1279,2.3048
5.3085,265,0.0132,-0.0000,0.0048,-0.0000,6.00,87.69,93.69,5.9868,32.3301,3.2911,0.522288,0.218922,0.053883,0.000000,0.249483,1279,2.3002
5.3286,266,0.0132,-0.0000,0.0048,-0.0000,6.00,87.69,93.69,5.9868,32.4498,3.2911,0.522487,0.218922,0.054083,0.000000,0.249483,1279,2.3002
5.3487,267,0.0132,-0.0000,0.0048,-0.0000,6.00,87.69,93.69,5.9868,32.5696,3.2911,0.522687,0.218922,0.054283,0.000000,0.249483,1278,2.3002
5.3688,268,0.0132,-0.0000,0.0048,-0.0000,6.00,87.69,93.69,5.9868,32.6893,3.2911,0.522886,0.218922,0.054482,0.000000,0.249483,1278,2.3002
5.3889,269,0.0132,-0.0000,0.0048,-0.0000,6.00,87.69,93.69,5.9868,32.8090,3.2911,0.523086,0.218922,0.054682,0.000000,0.249483,1278,2.3002
5.4090,270,0.0132,-0.0000,0.0048,-0.0000,6.00,87.69,93.69,5.9868,32.9288,3.2911,0.523286,0.218922,0.054881,0.000000,0.249483,1278,2.3002
5.4291,271,0.0132,-0.0000,0.0048,-0.0000,6.00,87.69,93.69,5.9868,33.0485,3.2911,0.523485,0.218922,0.055081,0.000000,0.249483,1278,2.3002
5.4492,272,0.0132,-0.0000,0.0048,-0.0000,6.00,87.69,93.69,5.9868,33.1682,3.2911,0.523685,0.218922,0.055280,0.000000,0.249483,1278,2.3002
5.4693,273,0.0132,-0.0000,0.0048,-0.0000,6.00,87.69,93.69,5.9868,33.2880,3.2911,0.523884,0.218922,0.055480,0.000000,0.249483,1278,2.3002
5.4894,274,0.0132,-0.0000,0.0048,-0.0000,6.00,87.69,93.69,5.9868,33.4077,3.2911,0.524084,0.218922,0.055680,0.000000,0.249483,1278,2.3055
5.5095,275,0.0079,-0.0000,0.0048,-0.0000,6.00,87.69,93.69,5.9921,33.5275,3.2915,0.524504,0.219142,0.055879,0.000000,0.249483,1278,2.3055
5.5296,276,0.0079,-0.0000,0.0048,-0.0000,6.00,87.69,93.69,5.9921,33.6474,3.2915,0.524704,0.219142,0.056079,0.000000,0.249483,1278,2.3055
5.5497,277,0.0079,-0.0000,0.0048,-0.0000,6.00,87.69,93.69,5.9921,33.7672,3.2915,0.524903,0.219142,0.056279,0.000000,0.249483,1278,2.3055
5.5698,278,0.0079,-0.0000,0.0048,-0.0000,6.00,87.69,93.69,5.9921,33.8871,3.2915,0.525103,0.219142,0.056478,0.000000,0.249483,1278,2.3055
5.5899,279,0.0079,-0.0000,0.0048,-0.0000,6.00,87.69,93.69,5.9921,34.0069,3.2915,0.525303,0.219142,0.056678,0.000000,0.249483,1278,2.3055
5.6100,280,0.0079,-0.0000,0.0048,-0.0000,6.00,87.69,93.69,5.9921,34.1268,3.2915,0.525503,0.219142,0.056878,0.000000,0.249483,1277,2.3055
5.6301,281,0.0079,-0.0000,0.0048,-0.0000,6.00,87.69,93.69,5.9921,34.2466,3.2915,0.525702,0.219142,0.057078,0.000000,0.249483,1277,2.3055
5.6502,282,0.0079,-0.0000,0.0048,-0.0000,6.00,87.69,93.69,5.9921,34.3664,3.2915,0.525902,0.219142,0.057277,0.000000,0.249483,1277,2.3055
5.6703,283,0.0079,-0.0000,0.0048,-0.0000,6.00,87.69,93.69,5.9921,34.4863,3.2915,0.526102,0.219142,0.057477,0.000000,0.249483,1277,2.3055
5.6904,284,0.0079,-0.0000,0.0048,-0.0000,6.00,87.69,93.69,5.9921,34.6061,3.2915,0.526301,0.219142,0.057677,0.000000,0.249483,1277,2.3055
5.7105,285,0.0079,-0.0000,0.0048,-0.0000,6.00,87.69,93.69,5.9921,34.7260,3.2915,0.526501,0.219142,0.057877,0.000000,0.249483,1277,2.3055
5.7306,286,0.0079,-0.0000,0.0048,-0.0000,6.00,87.69,93.69,5.9921,34.8458,3.2915,0.526701,0.219142,0.058076,0.000000,0.249483,1277,2.3055
5.7507,287,0.0079,-0.0000,0.0048,-0.0000,6.00,87.69,93.69,5.9921,34.9657,3.2915,0.526901,0.219142,0.058276,0.000000,0.249483,1277,2.3055
5.7708,288,0.0079,-0.0000,0.0048,-0.0000,6.00,87.69,93.69,5.9921,35.0855,3.2915,0.527100,0.219142,0.058476,0.000000,0.249483,1277,2.3055
5.7909,289,0.0079,-0.0000,0.0048,-0.0000,6.00,87.69,93.69,5.9921,35.2053,3.2915,0.527300,0.219142,0.058676,0.000000,0.249483,1277,2.3055
5.8110,290,0.0079,-0.0000,0.0048,-0.0000,6.00,87.69,93.69,5.9921,35.3252,3.2915,0.527500,0.219142,0.058875,0.000000,0.249483,1277,2.3055
5.8311,291,0.0079,-0.0000,0.0048,-0.0000,6.00,87.69,93.69,5.9921,35.4450,3.2915,0.527700,0.219142,0.059075,0.000000,0.249483,1277,2.3055
5.8512,292,0.0079,-0.0000,0.0048,-0.0000,6.00,87.69,93.69,5.9921,35.5649,3.2915,0.527899,0.219142,0.059275,0.000000,0.249483,1277,2.3055
5.8713,293,0.0079,-0.0000,0.0048,-0.0000,6.00,87.69,93.69,5.9921,35.6847,3.2915,0.528099,0.219142,0.059475,0.000000,0.249483,1276,2.3055
5.8914,294,0.0079,-0.0000,0.0048,-0.0000,6.00,87.69,93.69,5.9921,35.8045,3.2915,0.528299,0.219142,0.059674,0.000000,0.249483,1276,2.3055
5.9115,295,0.0079,-0.0000,0.0048,-0.0000,6.00,87.69,93.69,5.9921,35.9244,3.2915,0.528499,0.219142,0.059874,0.000000,0.249483,1276,2.3055
5.9316,296,0.0079,-0.0000,0.0048,-0.0000,6.00,87.69,93.69,5.9921,36.0442,3.2915,0.528698,0.219142,0.060074,0.000000,0.249483,1276,2.3055
5.9517,297,0.0125,-0.0000,0.005,-0.0000,6.00,87.69,93.69,5.9875,36.1640,3.2911,0.528707,0.218951,0.060273,0.000000,0.249483,1276,2.3009
5.9718,298,0.0125,-0.0000,0.005,-0.0000,6.00,87.69,93.69,5.9875,36.2837,3.2911,0.528907,0.218951,0.060473,0.000000,0.249483,1276,2.3009
5.9919,299,0.0125,-0.0000,0.005,-0.0000,6.00,87.69,93.69,5.9875,36.4035,3.2911,0.529106,0.218951,0.060672,0.000000,0.249483,1276,2.3009
6.0120,300,0.0125,-0.0000,0.005,-0.0000,6.00,87.69,93.69,5.9875,36.5232,3.2911,0.529306,0.218951,0.060872,0.000000,0.249483,1276,2.3009
6.0321,301,0.0125,-0.0000,0.005,-0.0000,6.00,87.69,93.69,5.9875,36.6430,3.2911,0.529505,0.218951,0.061072,0.000000,0.249483,1276,2.3009
6.0522,302,0.0125,-0.0000,0.005,-0.0000,6.00,87.69,93.69,5.9875,36.7627,3.2911,0.529705,0.218951,0.061271,0.000000,0.249483,1276,2.3009
6.0723,303,0.0125,-0.0000,0.005,-0.0000,6.00,87.69,93.69,5.9875,36.8825,3.2911,0.529904,0.218951,0.061471,0.000000,0.249483,1276,2.3009
6.0924,304,0.0125,-0.0000,0.005,-0.0000,6.00,87.69,93.69,5.9875,37.0022,3.2911,0.530104,0.218951,0.061670,0.000000,0.249483,1276,2.3009
6.1128,305,0.0125,-0.0000,0.005,-0.0000,6.00,87.69,93.69,5.9875,37.1220,3.2911,0.530304,0.218951,0.061870,0.000000,0.249483,1276,2.3009
6.1329,306,0.0125,-0.0000,0.005,-0.0000,6.00,87.69,93.69,5.9875,37.2417,3.2911,0.530503,0.218951,0.062070,0.000000,0.249483,1276,2.3009
6.1530,307,0.0125,-0.0000,0.005,-0.0000,6.00,87.69,93.69,5.9875,37.3615,3.2911,0.530703,0.218951,0.062269,0.000000,0.249483,1275,2.3009
6.1731,308,0.0125,-0.0000,0.005,-0.0000,6.00,87.69,93.69,5.9875,37.4812,3.2911,0.530902,0.218951,0.062469,0.000000,0.249483,1275,2.3009
6.1932,309,0.0072,-0.0000,0.005,-0.0000,6.00,87.69,93.69,5.9928,37.6011,3.2915,0.531322,0.219171,0.062668,0.000000,0.249483,1275,2.3062
6.2133,310,0.0072,-0.0000,0.005,-0.0000,6.00,87.69,93.69,5.9928,37.7209,3.2915,0.531522,0.219171,0.062868,0.000000,0.249483,1275,2.3062
6.2335,311,0.0072,-0.0000,0.005,-0.0000,6.00,87.69,93.69,5.9928,37.8408,3.2915,0.531722,0.219171,0.063068,0.000000,0.249483,1275,2.3062
6.2536,312,0.0072,-0.0000,0.005,-0.0000,6.00,87.69,93.69,5.9928,37.9607,3.2915,0.531922,0.219171,0.063268,0.000000,0.249483,1275,2.3062
6.2737,313,0.0072,-0.0000,0.005,-0.0000,6.00,87.69,93.69,5.9928,38.0805,3.2915,0.532121,0.219171,0.063468,0.000000,0.249483,1275,2.3062
6.2938,314,0.0072,-0.0000,0.005,-0.0000,6.00,87.69,93.69,5.9928,38.2004,3.2915,0.532321,0.219171,0.063667,0.000000,0.249483,1275,2.3062
6.3143,315,0.0072,-0.0000,0.005,-0.0000,6.00,87.69,93.69,5.9928,38.3202,3.2915,0.532521,0.219171,0.063867,0.000000,0.249483,1275,2.3062
6.3344,316,0.0072,-0.0000,0.005,-0.0000,6.00,87.69,93.69,5.9928,38.4401,3.2915,0.532721,0.219171,0.064067,0.000000,0.249483,1275,2.3062
6.3547,317,0.0072,-0.0000,0.005,-0.0000,6.00,87.69,93.69,5.9928,38.5599,3.2915,0.532920,0.219171,0.064267,0.000000,0.249483,1275,2.3062
6.3747,318,0.0072,-0.0000,0.005,-0.0000,6.00,87.69,93.69,5.9928,38.6798,3.2915,0.533120,0.219171,0.064466,0.000000,0.249483,1275,2.3062
6.3948,319,0.0072,-0.0000,0.005,-0.0000,6.00,87.69,93.69,5.9928,38.7996,3.2915,0.533320,0.219171,0.064666,0.000000,0.249483,1275,2.3062
6.4149,320,0.0072,-0.0000,0.005,-0.0000,6.00,87.69,93.69,5.9928,38.9195,3.2915,0.533520,0.219171,0.064866,0.000000,0.249483,1274,2.3062
6.4350,321,0.0072,-0.0000,0.005,-0.0000,6.00,87.69,93.69,5.9928,39.0394,3.2915,0.533720,0.219171,0.065066,0.000000,0.249483,1274,2.3062
6.4551,322,0.0072,-0.0000,0.005,-0.0000,6.00,87.69,93.69,5.9928,39.1592,3.2915,0.533919,0.219171,0.065265,0.000000,0.249483,1274,2.3062
6.4752,323,0.0072,-0.0000,0.005,-0.0000,6.00,87.69,93.69,5.9928,39.2791,3.2915,0.534119,0.219171,0.065465,0.000000,0.249483,1274,2.3062
6.4953,324,0.0072,-0.0000,0.005,-0.0000,6.00,87.69,93.69,5.9928,39.3989,3.2915,0.534319,0.219171,0.065665,0.000000,0.249483,1274,2.3062
6.5154,325,0.0072,-0.0000,0.005,-0.0000,6.00,87.69,93.69,5.9928,39.5188,3.2915,0.534519,0.219171,0.065865,0.000000,0.249483,1274,2.3062
6.5354,326,0.0072,-0.0000,0.005,-0.0000,6.00,87.69,93.69,5.9928,39.6386,3.2915,0.534718,0.219171,0.066064,0.000000,0.249483,1274,2.3062
6.5555,327,0.0072,-0.0000,0.005,-0.0000,6.00,87.69,93.69,5.9928,39.7585,3.2915,0.534918,0.219171,0.066264,0.000000,0.249483,1274,2.3062
6.5756,328,0.0072,-0.0000,0.005,-0.0000,6.00,87.69,93.69,5.9928,39.8784,3.2915,0.535118,0.219171,0.066464,0.000000,0.249483,1274,2.3062
6.5957,329,0.0072,-0.0000,0.005,-0.0000,6.00,87.69,93.69,5.9928,39.9982,3.2915,0.535318,0.219171,0.066664,0.000000,0.249483,1274,2.3062
6.6158,330,0.0072,-0.0000,0.005,-0.0000,6.00,87.69,93.69,5.9928,40.1181,3.2915,0.535517,0.219171,0.066863,0.000000,0.249483,1274,2.3062
6.6358,331,0.0072,-0.0000,0.005,-0.0000,6.00,87.69,93.69,5.9928,40.2379,3.2915,0.535717,0.219171,0.067063,0.000000,0.249483,1274,2.3062
6.6559,332,0.0072,-0.0000,0.005,-0.0000,6.00,87.69,93.69,5.9928,40.3578,3.2915,0.535917,0.219171,0.067263,0.000000,0.249483,1274,2.3062
6.6760,333,0.0072,-0.0000,0.005,-0.0000,6.00,87.69,93.69,5.9928,40.4776,3.2915,0.536117,0.219171,0.067463,0.000000,0.249483,1273,2.3062
6.6961,334,0.0072,-0.0000,0.005,-0.0000,6.00,87.69,93.69,5.9928,40.5975,3.2915,0.536316,0.219171,0.067662,0.000000,0.249483,1273,2.3062
6.7162,335,0.0072,-0.0000,0.005,-0.0000,6.00,87.69,93.69,5.9928,40.7173,3.2915,0.536516,0.219171,0.067862,0.000000,0.249483,1273,2.3062
6.7363,336,0.0072,-0.0000,0.005,-0.0000,6.00,87.69,93.69,5.9928,40.8372,3.2915,0.536716,0.219171,0.068062,0.000000,0.249483,1273,2.3062
6.7564,337,0.0072,-0.0000,0.005,-0.0000,6.00,87.69,93.69,5.9928,40.9571,3.2915,0.536916,0.219171,0.068262,0.000000,0.249483,1273,2.3062
6.7764,338,0.0072,-0.0000,0.005,-0.0000,6.00,87.69,93.69,5.9928,41.0769,3.2915,0.537115,0.219171,0.068462,0.000000,0.249483,1273,2.3062
6.7965,339,0.0072,-0.0000,0.005,-0.0000,6.00,87.69,93.69,5.9928,41.1968,3.2915,0.537315,0.219171,0.068661,0.000000,0.249483,1273,2.3062
6.8166,340,0.0072,-0.0000,0.005,-0.0000,6.00,87.69,93.69,5.9928,41.3166,3.2915,0.537515,0.219171,0.068861,0.000000,0.249483,1273,2.3062
6.8367,341,0.0072,-0.0000,0.005,-0.0000,6.00,87.69,93.69,5.9928,41.4365,3.2915,0.537715,0.219171,0.069061,0.000000,0.249483,1273,2.3062
6.8568,342,0.0072,-0.0000,0.005,-0.0000,6.00,87.69,93.69,5.9928,41.5563,3.2915,0.537914,0.219171,0.069261,0.000000,0.249483,1273,2.3062
6.8769,343,0.0072,-0.0000,0.005,-0.0000,6.00,87.69,93.69,5.9928,41.6762,3.2915,0.538114,0.219171,0.069460,0.000000,0.249483,1273,2.3062
6.8970,344,0.0072,-0.0000,0.005,-0.0000,6.00,87.69,93.69,5.9928,41.7960,3.2915,0.538314,0.219171,0.069660,0.000000,0.249483,1273,2.3062
6.9171,345,0.0072,-0.0000,0.005,-0.0000,6.00,87.69,93.69,5.9928,41.9159,3.2915,0.538514,0.219171,0.069860,0.000000,0.249483,1273,2.3062
6.9372,346,0.0072,-0.0000,0.005,-0.0000,6.00,87.69,93.69,5.9928,42.0358,3.2915,0.538714,0.219171,0.070060,0.000000,0.249483,1272,2.3062
6.9573,347,0.0072,-0.0000,0.005,-0.0000,6.00,87.69,93.69,5.9928,42.1556,3.2915,0.538913,0.219171,0.070259,0.000000,0.249483,1272,2.3062
6.9773,348,0.0072,-0.0000,0.005,-0.0000,6.00,87.69,93.69,5.9928,42.2755,3.2915,0.539113,0.219171,0.070459,0.000000,0.249483,1272,2.3062
6.9974,349,0.0072,-0.0000,0.005,-0.0000,6.00,87.69,93.69,5.9928,42.3953,3.2915,0.539313,0.219171,0.070659,0.000000,0.249483,1272,2.3062
7.0175,350,0.0072,-0.0000,0.005,-0.0000,6.00,87.69,93.69,5.9928,42.5152,3.2915,0.539513,0.219171,0.070859,0.000000,0.249483,1272,2.3062
7.0376,351,0.0072,-0.0000,0.005,-0.0000,6.00,87.69,93.69,5.9928,42.6350,3.2915,0.539712,0.219171,0.071058,0.000000,0.249483,1272,2.3062
7.0577,352,0.0073,-0.0000,0.0148,-0.0000,6.00,87.69,93.69,5.9927,42.7549,3.2915,0.539906,0.219166,0.071258,0.000000,0.249483,1272,2.3061
7.0778,353,0.0073,-0.0000,0.0148,-0.0000,6.00,87.69,93.69,5.9927,42.8747,3.2915,0.540106,0.219166,0.071458,0.000000,0.249483,1272,2.3061
7.0979,354,0.0073,-0.0000,0.0148,-0.0000,6.00,87.69,93.69,5.9927,42.9946,3.2915,0.540306,0.219166,0.071658,0.000000,0.249483,1272,2.3061
7.1180,355,0.0073,-0.0000,0.0148,-0.0000,6.00,87.69,93.69,5.9927,43.1145,3.2915,0.540506,0.219166,0.071857,0.000000,0.249483,1272,2.3061
7.1380,356,0.0073,-0.0000,0.0148,-0.0000,6.00,87.69,93.69,5.9927,43.2343,3.2915,0.540706,0.219166,0.072057,0.000000,0.249483,1272,2.3061
7.1581,357,0.0073,-0.0000,0.0148,-0.0000,6.00,87.69,93.69,5.9927,43.3542,3.2915,0.540905,0.219166,0.072257,0.000000,0.249483,1272,2.3061
7.1782,358,0.0073,-0.0000,0.0148,-0.0000,6.00,87.69,93.69,5.9927,43.4740,3.2915,0.541105,0.219166,0.072457,0.000000,0.249483,1272,2.3061
7.1983,359,0.0073,-0.0000,0.0148,-0.0000,6.00,87.69,93.69,5.9927,43.5939,3.2915,0.541305,0.219166,0.072656,0.000000,0.249483,1272,2.3061
7.2184,360,0.0073,-0.0000,0.0148,-0.0000,6.00,87.69,93.69,5.9927,43.7137,3.2915,0.541505,0.219166,0.072856,0.000000,0.249483,1271,2.3061
7.2385,361,0.0073,-0.0000,0.0148,-0.0000,6.00,87.69,93.69,5.9927,43.8336,3.2915,0.541704,0.219166,0.073056,0.000000,0.249483,1271,2.3061
7.2586,362,0.0073,-0.0000,0.0148,-0.0000,6.00,87.69,93.69,5.9927,43.9534,3.2915,0.541904,0.219166,0.073256,0.000000,0.249483,1271,2.3061
7.2786,363,0.0073,-0.0000,0.0148,-0.0000,6.00,87.69,93.69,5.9927,44.0733,3.2915,0.542104,0.219166,0.073455,0.000000,0.249483,1271,2.3061
7.2987,364,0.0073,-0.0000,0.0148,-0.0000,6.00,87.69,93.69,5.9927,44.1931,3.2915,0.542304,0.219166,0.073655,0.000000,0.249483,1271,2.3061
7.3188,365,0.0073,-0.0000,0.0148,-0.0000,6.00,87.69,93.69,5.9927,44.3130,3.2915,0.542503,0.219166,0.073855,0.000000,0.249483,1271,2.3061
7.3389,366,0.0073,-0.0000,0.0148,-0.0000,6.00,87.69,93.69,5.9927,44.4328,3.2915,0.542703,0.219166,0.074055,0.000000,0.249483,1271,2.3061
7.3590,367,0.0073,-0.0000,0.0148,-0.0000,6.00,87.69,93.69,5.9927,44.5527,3.2915,0.542903,0.219166,0.074254,0.000000,0.249483,1271,2.3061
7.3790,368,0.0073,-0.0000,0.0148,-0.0000,6.00,87.69,93.69,5.9927,44.6725,3.2915,0.543103,0.219166,0.074454,0.000000,0.249483,1271,2.3061
7.3991,369,0.0073,-0.0000,0.0148,-0.0000,6.00,87.69,93.69,5.9927,44.7924,3.2915,0.543302,0.219166,0.074654,0.000000,0.249483,1271,2.3061
7.4192,370,0.0073,-0.0000,0.0148,-0.0000,6.00,87.69,93.69,5.9927,44.9123,3.2915,0.543502,0.219166,0.074854,0.000000,0.249483,1271,2.3061
7.4393,371,0.0073,-0.0000,0.0148,-0.0000,6.00,87.69,93.69,5.9927,45.0321,3.2915,0.543702,0.219166,0.075054,0.000000,0.249483,1271,2.3061
7.4594,372,0.0073,-0.0000,0.0148,-0.0000,6.00,87.69,93.69,5.9927,45.1520,3.2915,0.543902,0.219166,0.075253,0.000000,0.249483,1271,2.3061
7.4795,373,0.0073,-0.0000,0.0148,-0.0000,6.00,87.69,93.69,5.9927,45.2718,3.2915,0.544101,0.219166,0.075453,0.000000,0.249483,1270,2.3061
7.4995,374,0.0073,-0.0000,0.0148,-0.0000,6.00,87.69,93.69,5.9927,45.3917,3.2915,0.544301,0.219166,0.075653,0.000000,0.249483,1270,2.3061
7.5196,375,0.0073,-0.0000,0.0148,-0.0000,6.00,87.69,93.69,5.9927,45.5115,3.2915,0.544501,0.219166,0.075853,0.000000,0.249483,1270,2.3061
7.5397,376,0.0073,-0.0000,0.0148,-0.0000,6.00,87.69,93.69,5.9927,45.6314,3.2915,0.544701,0.219166,0.076052,0.000000,0.249483,1270,2.3061
7.5598,377,0.0073,-0.0000,0.0148,-0.0000,6.00,87.69,93.69,5.9927,45.7512,3.2915,0.544900,0.219166,0.076252,0.000000,0.249483,1270,2.3061
7.5799,378,0.0073,-0.0000,0.0148,-0.0000,6.00,87.69,93.69,5.9927,45.8711,3.2915,0.545100,0.219166,0.076452,0.000000,0.249483,1270,2.3061
7.6000,379,0.0073,-0.0000,0.0148,-0.0000,6.00,87.69,93.69,5.9927,45.9909,3.2915,0.545300,0.219166,0.076652,0.000000,0.249483,1270,2.3061
7.6200,380,0.0073,-0.0000,0.0148,-0.0000,6.00,87.69,93.69,5.9927,46.1108,3.2915,0.545500,0.219166,0.076851,0.000000,0.249483,1270,2.3061
7.6401,381,0.0073,-0.0000,0.0148,-0.0000,6.00,87.69,93.69,5.9927,46.2306,3.2915,0.545699,0.219166,0.077051,0.000000,0.249483,1270,2.3061
7.6602,382,0.0073,-0.0000,0.0148,-0.0000,6.00,87.69,93.69,5.9927,46.3505,3.2915,0.545899,0.219166,0.077251,0.000000,0.249483,1270,2.3061
7.6803,383,0.0073,-0.0000,0.0148,-0.0000,6.00,87.69,93.69,5.9927,46.4703,3.2915,0.546099,0.219166,0.077451,0.000000,0.249483,1270,2.3061
7.7004,384,0.0073,-0.0000,0.0148,-0.0000,6.00,87.69,93.69,5.9927,46.5902,3.2915,0.546299,0.219166,0.077650,0.000000,0.249483,1270,2.3061
7.7204,385,0.0073,-0.0000,0.0148,-0.0000,6.00,87.69,93.69,5.9927,46.7101,3.2915,0.546498,0.219166,0.077850,0.000000,0.249483,1270,2.3061
7.7405,386,0.0073,-0.0000,0.0148,-0.0000,6.00,87.69,93.69,5.9927,46.8299,3.2915,0.546698,0.219166,0.078050,0.000000,0.249483,1269,2.3061
7.7606,387,0.0073,-0.0000,0.0148,-0.0000,6.00,87.69,93.69,5.9927,46.9498,3.2915,0.546898,0.219166,0.078250,0.000000,0.249483,1269,2.3061
7.7807,388,0.0073,-0.0000,0.0148,-0.0000,6.00,87.69,93.69,5.9927,47.0696,3.2915,0.547098,0.219166,0.078449,0.000000,0.249483,1269,2.3061
7.8008,389,0.0073,-0.0000,0.0148,-0.0000,6.00,87.69,93.69,5.9927,47.1895,3.2915,0.547297,0.219166,0.078649,0.000000,0.249483,1269,2.3061
7.8209,390,0.0073,-0.0000,0.0148,-0.0000,6.00,87.69,93.69,5.9927,47.3093,3.2915,0.547497,0.219166,0.078849,0.000000,0.249483,1269,2.3061
7.8410,391,0.0073,-0.0000,0.0148,-0.0000,6.00,87.69,93.69,5.9927,47.4292,3.2915,0.547697,0.219166,0.079049,0.000000,0.249483,1269,2.3061
7.8610,392,0.0073,-0.0000,0.0148,-0.0000,6.00,87.69,93.69,5.9927,47.5490,3.2915,0.547897,0.219166,0.079248,0.000000,0.249483,1269,2.3061
7.8811,393,0.0073,-0.0000,0.0148,-0.0000,6.00,87.69,93.69,5.9927,47.6689,3.2915,0.548096,0.219166,0.079448,0.000000,0.249483,1269,2.3061
7.9012,394,0.0073,-0.0000,0.0148,-0.0000,6.00,87.69,93.69,5.9927,47.7887,3.2915,0.548296,0.219166,0.079648,0.000000,0.249483,1269,2.3061
7.9213,395,0.0073,-0.0000,0.0148,-0.0000,6.00,87.69,93.69,5.9927,47.9086,3.2915,0.548496,0.219166,0.079848,0.000000,0.249483,1269,2.3061
7.9414,396,0.0073,-0.0000,0.0148,-0.0000,6.00,87.69,93.69,5.9927,48.0284,3.2915,0.548696,0.219166,0.080047,0.000000,0.249483,1269,2.3061
7.9615,397,0.0073,-0.0000,0.0148,-0.0000,6.00,87.69,93.69,5.9927,48.1483,3.2915,0.548895,0.219166,0.080247,0.000000,0.249483,1269,2.3061
7.9816,398,0.0073,-0.0000,0.0148,-0.0000,6.00,87.69,93.69,5.9927,48.2681,3.2915,0.549095,0.219166,0.080447,0.000000,0.249483,1269,2.3061
8.0017,399,0.0073,-0.0000,0.0148,-0.0000,6.00,87.69,93.69,5.9927,48.3880,3.2915,0.549295,0.219166,0.080647,0.000000,0.249483,1269,2.3061
8.0217,400,0.0073,-0.0000,0.0148,-0.0000,6.00,87.69,93.69,5.9927,48.5079,3.2915,0.549495,0.219166,0.080846,0.000000,0.249483,1268,2.3061
8.0418,401,0.0073,-0.0000,0.0148,-0.0000,6.00,87.69,93.69,5.9927,48.6277,3.2915,0.549695,0.219166,0.081046,0.000000,0.249483,1268,2.3061
8.0619,402,0.0073,-0.0000,0.0148,-0.0000,6.00,87.69,93.69,5.9927,48.7476,3.2915,0.549894,0.219166,0.081246,0.000000,0.249483,1268,2.3061
