t_s,iteration,psi_imu_deg,psi_enc_deg,phi_yaw_deg,psi_dot_dps,setpoint_deg,rest_angle_deg,phys_angle_deg,error_deg,integral_deg_s,u_norm,u_p,u_i,u_d,u_g,pwm_us,pitch_raw_deg
0.0000,1,-0.0553,-0.0000,0.0041,-0.0000,-20.00,77.38,57.38,-19.9447,-0.3989,-0.444101,-0.443215,-0.000886,0.000000,0.000000,1550,12.6792
0.0201,2,-0.0553,-0.0000,0.0041,-0.0000,-20.00,77.38,57.38,-19.9447,-0.7978,-0.444988,-0.443215,-0.001773,0.000000,0.000000,1600,12.6792
0.0402,3,-0.0553,-0.0000,0.0041,-0.0000,-20.00,77.38,57.38,-19.9447,-1.1967,-0.445874,-0.443215,-0.002659,0.000000,0.000000,1650,12.6792
0.0603,4,-0.0553,-0.0000,0.0041,-0.0000,-20.00,77.38,57.38,-19.9447,-1.5956,-0.446761,-0.443215,-0.003546,0.000000,0.000000,1692,12.6792
0.0804,5,-0.0591,-0.0000,0.0052,-0.0000,-20.00,77.38,57.38,-19.9409,-1.9944,-0.447564,-0.443132,-0.004432,0.000000,0.000000,1692,12.6829
0.1005,6,-0.0591,-0.0000,0.0052,-0.0000,-20.00,77.38,57.38,-19.9409,-2.3932,-0.448450,-0.443132,-0.005318,0.000000,0.000000,1693,12.6829
0.1207,7,-0.0591,-0.0000,0.0052,-0.0000,-20.00,77.38,57.38,-19.9409,-2.7920,-0.449336,-0.443132,-0.006205,0.000000,0.000000,1693,12.6829
0.1408,8,-0.0591,-0.0000,0.0052,-0.0000,-20.00,77.38,57.38,-19.9409,-3.1908,-0.450222,-0.443132,-0.007091,0.000000,0.000000,1693,12.6829
0.1609,9,-0.0591,-0.0000,0.0052,-0.0000,-20.00,77.38,57.38,-19.9409,-3.5897,-0.451109,-0.443132,-0.007977,0.000000,0.000000,1694,12.6829
0.1810,10,-0.0591,-0.0000,0.0052,-0.0000,-20.00,77.38,57.38,-19.9409,-3.9885,-0.451995,-0.443132,-0.008863,0.000000,0.000000,1694,12.6829
0.2011,11,-0.0591,-0.0000,0.0052,-0.0000,-20.00,77.38,57.38,-19.9409,-4.3873,-0.452881,-0.443132,-0.009750,0.000000,0.000000,1694,12.6829
0.2211,12,-0.0591,-0.0000,0.0052,-0.0000,-20.00,77.38,57.38,-19.9409,-4.7861,-0.453767,-0.443132,-0.010636,0.000000,0.000000,1695,12.6829
0.2412,13,-0.0591,-0.0000,0.0052,-0.0000,-20.00,77.38,57.38,-19.9409,-5.1849,-0.454654,-0.443132,-0.011522,0.000000,0.000000,1695,12.6829
0.2614,14,-0.0591,-0.0000,0.0052,-0.0000,-20.00,77.38,57.38,-19.9409,-5.5838,-0.455540,-0.443132,-0.012408,0.000000,0.000000,1695,12.6829
0.2815,15,-0.0747,-0.1800,-0.0052,-1.1191,-20.00,77.38,57.38,-19.9253,-5.9823,-0.451104,-0.442783,-0.013294,0.004974,0.000000,1694,12.6986
0.3015,16,-0.0747,-0.1800,-0.0052,-1.1191,-20.00,77.38,57.38,-19.9253,-6.3808,-0.451989,-0.442783,-0.014179,0.004974,0.000000,1694,12.6986
0.3216,17,-0.0747,-0.1800,-0.0052,-1.1191,-20.00,77.38,57.38,-19.9253,-6.7793,-0.452875,-0.442783,-0.015065,0.004974,0.000000,1694,12.7791
0.3417,18,-0.1553,-0.1800,-0.0049,-4.0286,-20.00,77.38,57.38,-19.8447,-7.1762,-0.439036,-0.440993,-0.015947,0.017905,0.000000,1689,12.7791
0.3618,19,-0.1553,-0.3600,-0.0049,-4.0286,-20.00,77.38,57.38,-19.8447,-7.5731,-0.439918,-0.440993,-0.016829,0.017905,0.000000,1689,12.7791
0.3819,20,-0.4118,-0.5400,0.0151,-9.4001,-20.00,77.38,57.38,-19.5882,-7.9648,-0.411216,-0.435294,-0.017700,0.041778,0.000000,1679,13.0356
0.4020,21,-0.4118,-0.7200,0.0151,-9.4001,-20.00,77.38,57.38,-19.5882,-8.3566,-0.412086,-0.435294,-0.018570,0.041778,0.000000,1679,13.0356
0.4222,22,-0.4118,-1.2600,0.0181,-9.4001,-20.00,77.38,57.38,-19.5882,-8.7484,-0.412957,-0.435294,-0.019441,0.041778,0.000000,1679,13.5922
0.4422,23,-0.9684,-1.6200,0.0181,-17.3454,-20.00,77.38,57.38,-19.0316,-9.1290,-0.366121,-0.422925,-0.020287,0.077091,0.000000,1662,13.5922
0.4623,24,-0.9684,-2.1600,0.0181,-17.3454,-20.00,77.38,57.38,-19.0316,-9.5096,-0.366967,-0.422925,-0.021132,0.077091,0.000000,1662,13.5922
0.4827,25,-2.1503,-3.0600,0.033,-34.6908,-20.00,77.38,57.38,-17.8497,-9.8666,-0.264404,-0.396659,-0.021926,0.154181,0.000000,1624,14.7742
0.5029,26,-2.1503,-3.7800,0.033,-34.6908,-20.00,77.38,57.38,-17.8497,-10.2236,-0.265197,-0.396659,-0.022719,0.154181,0.000000,1624,14.7742
0.5230,27,-4.0759,-4.6800,0.0661,-34.6908,-20.00,77.38,57.38,-15.9241,-10.5421,-0.223115,-0.353870,-0.023427,0.154181,0.000000,1608,16.6997
0.5431,28,-4.0759,-5.7600,0.0661,-48.7909,-20.00,77.38,57.38,-15.9241,-10.8606,-0.161156,-0.353870,-0.024135,0.216849,0.000000,1585,16.6997
0.5632,29,-4.0759,-6.6600,0.0661,-48.7909,-20.00,77.38,57.38,-15.9241,-11.1791,-0.161864,-0.353870,-0.024842,0.216849,0.000000,1585,16.6997
0.5833,30,-6.6586,-8.2800,0.1087,-56.6243,-20.00,77.38,57.38,-13.3414,-11.4459,-0.070248,-0.296477,-0.025435,0.251664,0.000000,1551,19.2824
0.6034,31,-6.6586,-9.1800,0.1087,-56.6243,-20.00,77.38,57.38,-13.3414,-11.7127,-0.070841,-0.296477,-0.026028,0.251664,0.000000,1551,19.2824
0.6235,32,-9.6805,-10.6200,0.1428,-56.6243,-20.00,77.38,57.38,-10.3195,-11.9191,-0.004145,-0.229322,-0.026487,0.251664,0.000000,1526,22.3044
0.6436,33,-9.6805,-11.8800,0.1428,-64.9054,-20.00,77.38,57.38,-10.3195,-12.1255,0.032201,-0.229322,-0.026946,0.288468,0.000000,1476,22.3044
0.6637,34,-9.6805,-12.9600,0.1428,-64.9054,-20.00,77.38,57.38,-10.3195,-12.3319,0.031742,-0.229322,-0.027404,0.288468,0.000000,1463,22.3044
0.6838,35,-12.9297,-14.7600,0.1983,-64.3458,-20.00,77.38,57.38,-7.0703,-12.4733,0.101146,-0.157117,-0.027718,0.285982,0.000000,1437,25.5536
0.7039,36,-12.9297,-15.6600,0.1983,-64.3458,-20.00,77.38,57.38,-7.0703,-12.6147,0.100832,-0.157117,-0.028033,0.285982,0.000000,1437,25.5536
0.7240,37,-16.0772,-17.1000,0.2554,-64.3458,-20.00,77.38,57.38,-3.9228,-12.6932,0.170602,-0.087173,-0.028207,0.285982,0.000000,1411,28.7011
0.7441,38,-16.0772,-18.1800,0.2554,-58.7506,-20.00,77.38,57.38,-3.9228,-12.7716,0.145559,-0.087173,-0.028381,0.261114,0.000000,1420,28.7011
0.7642,39,-16.0772,-19.0800,0.2554,-58.7506,-20.00,77.38,57.38,-3.9228,-12.8501,0.145385,-0.087173,-0.028556,0.261114,0.000000,1420,28.7011
0.7843,40,-18.9113,-20.3400,0.2888,-52.7076,-20.00,77.38,57.38,-1.0887,-12.8718,0.181459,-0.024193,-0.028604,0.234256,0.000000,1406,31.5351
0.8044,41,-18.9113,-21.0600,0.2888,-52.7076,-20.00,77.38,57.38,-1.0887,-12.8936,0.181410,-0.024193,-0.028652,0.234256,0.000000,1406,31.5351
0.8245,42,-21.3891,-22.1400,0.3365,-52.7076,-20.00,77.38,57.38,1.3891,-12.8658,0.236533,0.030868,-0.028591,0.234256,0.000000,1386,34.0129
0.8446,43,-21.3891,-23.0400,0.3365,-45.3219,-20.00,77.38,57.38,1.3891,-12.8380,0.203769,0.030868,-0.028529,0.201430,0.000000,1398,34.0129
0.8647,44,-21.3891,-23.5800,0.3365,-45.3219,-20.00,77.38,57.38,1.3891,-12.8103,0.203831,0.030868,-0.028467,0.201430,0.000000,1398,34.0129
0.8848,45,-23.4637,-24.4800,0.3603,-36.1456,-20.00,77.38,57.38,3.4637,-12.7410,0.209304,0.076970,-0.028313,0.160647,0.000000,1396,36.0875
0.9048,46,-23.4637,-25.0200,0.3603,-36.1456,-20.00,77.38,57.38,3.4637,-12.6717,0.209458,0.076970,-0.028159,0.160647,0.000000,1396,36.0875
0.9249,47,-25.1409,-25.5600,0.391,-36.1456,-20.00,77.38,57.38,5.1409,-12.5689,0.246959,0.114243,-0.027931,0.160647,0.000000,1382,37.7648
0.9450,48,-25.1409,-26.1000,0.391,-27.3050,-20.00,77.38,57.38,5.1409,-12.4661,0.207896,0.114243,-0.027702,0.121356,0.000000,1397,37.7648
0.9652,49,-25.1409,-26.4600,0.391,-27.3050,-20.00,77.38,57.38,5.1409,-12.3633,0.208125,0.114243,-0.027474,0.121356,0.000000,1396,37.7648
0.9853,50,-26.3346,-26.8200,0.423,-17.4573,-20.00,77.38,57.38,6.3346,-12.2366,0.191165,0.140769,-0.027192,0.077588,0.000000,1403,38.9585
1.0054,51,-26.3346,-27.0000,0.423,-17.4573,-20.00,77.38,57.38,6.3346,-12.1099,0.191447,0.140769,-0.026911,0.077588,0.000000,1403,38.9585
1.0255,52,-27.0376,-27.1800,0.4288,-17.4573,-20.00,77.38,57.38,7.0376,-11.9691,0.207381,0.156391,-0.026598,0.077588,0.000000,1397,39.6614
1.0456,53,-27.0376,-27.1800,0.4288,-7.4977,-20.00,77.38,57.38,7.0376,-11.8284,0.163429,0.156391,-0.026285,0.033323,0.000000,1413,39.6614
1.0656,54,-27.0376,-27.1800,0.4288,-7.4977,-20.00,77.38,57.38,7.0376,-11.6876,0.163741,0.156391,-0.025972,0.033323,0.000000,1413,39.6614
1.0857,55,-27.2371,-27.1800,0.4254,2.6857,-20.00,77.38,57.38,7.2371,-11.5429,0.123237,0.160824,-0.025651,-0.011937,0.000000,1428,39.8609
1.1058,56,-27.2371,-27.0000,0.4254,2.6857,-20.00,77.38,57.38,7.2371,-11.3981,0.123559,0.160824,-0.025329,-0.011937,0.000000,1428,39.8609
1.1260,57,-26.9518,-26.8200,0.398,2.6857,-20.00,77.38,57.38,6.9518,-11.2591,0.117527,0.154484,-0.025020,-0.011937,0.000000,1430,39.5756
1.1461,58,-26.9518,-26.6400,0.398,10.9668,-20.00,77.38,57.38,6.9518,-11.1201,0.081032,0.154484,-0.024711,-0.048741,0.000000,1444,39.5756
1.1675,59,-26.9518,-26.2800,0.398,10.9668,-20.00,77.38,57.38,6.9518,-10.9810,0.081341,0.154484,-0.024402,-0.048741,0.000000,1444,39.5756
1.1884,60,-26.2638,-25.7400,0.3701,18.8002,-20.00,77.38,57.38,6.2638,-10.8558,0.031516,0.139196,-0.024124,-0.083556,0.000000,1463,38.8877
1.2085,61,-26.2638,-25.3800,0.3701,18.8002,-20.00,77.38,57.38,6.2638,-10.7305,0.031795,0.139196,-0.023846,-0.083556,0.000000,1463,38.8877
1.2287,62,-25.2380,-24.8400,0.3276,18.8002,-20.00,77.38,57.38,5.2380,-10.6257,0.009231,0.116400,-0.023613,-0.083556,0.000000,1471,37.8618
1.2488,63,-25.2380,-24.4800,0.3276,24.6193,-20.00,77.38,57.38,5.2380,-10.5210,-0.016399,0.116400,-0.023380,-0.109419,0.000000,1521,37.8618
1.2695,64,-25.2380,-23.7600,0.3276,24.6193,-20.00,77.38,57.38,5.2380,-10.4162,-0.016167,0.116400,-0.023147,-0.109419,0.000000,1531,37.8618
1.2896,65,-23.9182,-23.0400,0.2911,30.1027,-20.00,77.38,57.38,3.9182,-10.3378,-0.069690,0.087072,-0.022973,-0.133790,0.000000,1551,36.5421
1.3097,66,-23.9182,-22.5000,0.2911,30.1027,-20.00,77.38,57.38,3.9182,-10.2595,-0.069516,0.087072,-0.022799,-0.133790,0.000000,1551,36.5421
1.3302,67,-22.3192,-21.6000,0.2515,35.4741,-20.00,77.38,57.38,2.3192,-10.2131,-0.128822,0.051537,-0.022696,-0.157663,0.000000,1573,34.943
1.3503,68,-22.3192,-21.0600,0.2515,35.4741,-20.00,77.38,57.38,2.3192,-10.1667,-0.128718,0.051537,-0.022593,-0.157663,0.000000,1573,34.943
1.3704,69,-22.3192,-20.3400,0.2515,35.4741,-20.00,77.38,57.38,2.3192,-10.1203,-0.128615,0.051537,-0.022490,-0.157663,0.000000,1573,33.0878
1.3912,70,-20.4639,-19.8000,0.2113,40.7337,-20.00,77.38,57.38,0.4639,-10.1110,-0.193198,0.010309,-0.022469,-0.181039,0.000000,1597,33.0878
1.4113,71,-20.4639,-19.2600,0.2113,40.7337,-20.00,77.38,57.38,0.4639,-10.1018,-0.193178,0.010309,-0.022448,-0.181039,0.000000,1597,33.0878
1.4317,72,-18.3770,-18.1800,0.1808,44.6504,-20.00,77.38,57.38,-1.6230,-10.1342,-0.257034,-0.036067,-0.022520,-0.198446,0.000000,1621,31.0008
1.4526,73,-18.3770,-17.8200,0.1808,44.6504,-20.00,77.38,57.38,-1.6230,-10.1667,-0.257106,-0.036067,-0.022593,-0.198446,0.000000,1621,31.0008
1.4727,74,-16.1029,-16.7400,0.1346,44.6504,-20.00,77.38,57.38,-3.8971,-10.2446,-0.307815,-0.086603,-0.022766,-0.198446,0.000000,1640,28.7267
1.4928,75,-16.1029,-15.6600,0.1346,47.7838,-20.00,77.38,57.38,-3.8971,-10.3226,-0.321914,-0.086603,-0.022939,-0.212372,0.000000,1645,28.7267
1.5128,76,-16.1029,-14.7600,0.1346,47.7838,-20.00,77.38,57.38,-3.8971,-10.4005,-0.322087,-0.086603,-0.023112,-0.212372,0.000000,1645,28.7267
1.5329,77,-13.6585,-13.6800,0.1026,50.4695,-20.00,77.38,57.38,-6.3415,-10.5273,-0.388624,-0.140921,-0.023394,-0.224309,0.000000,1670,26.2824
1.5530,78,-13.6585,-12.7800,0.1026,50.4695,-20.00,77.38,57.38,-6.3415,-10.6542,-0.388906,-0.140921,-0.023676,-0.224309,0.000000,1670,26.2824
1.5731,79,-11.0688,-11.7000,0.0597,50.4695,-20.00,77.38,57.38,-8.9312,-10.8328,-0.446853,-0.198471,-0.024073,-0.224309,0.000000,1692,23.6926
1.5932,80,-11.0688,-10.4400,0.0597,52.4838,-20.00,77.38,57.38,-8.9312,-11.0114,-0.456203,-0.198471,-0.024470,-0.233261,0.000000,1696,23.6926
1.6132,81,-11.0688,-9.5400,0.0597,52.4838,-20.00,77.38,57.38,-8.9312,-11.1900,-0.456600,-0.198471,-0.024867,-0.233261,0.000000,1696,23.6926
1.6333,82,-8.3976,-8.2800,0.0097,55.6172,-20.00,77.38,57.38,-11.6024,-11.4221,-0.530401,-0.257831,-0.025382,-0.247188,0.000000,1723,21.0215
1.6534,83,-8.3976,-7.3800,0.0097,55.6172,-20.00,77.38,57.38,-11.6024,-11.6541,-0.530917,-0.257831,-0.025898,-0.247188,0.000000,1724,21.0215
1.6735,84,-5.6854,-6.1200,-0.0314,55.6172,-20.00,77.38,57.38,-14.3146,-11.6541,-0.550000,-0.318102,-0.026534,-0.247188,0.000000,1731,18.3093
1.6936,85,-5.6854,-5.0400,-0.0314,53.4910,-20.00,77.38,57.38,-14.3146,-11.6541,-0.550000,-0.318102,-0.026534,-0.237738,0.000000,1731,18.3093
1.7136,86,-5.6854,-4.1400,-0.0314,53.4910,-20.00,77.38,57.38,-14.3146,-11.6541,-0.550000,-0.318102,-0.026534,-0.237738,0.000000,1731,18.3093
1.7337,87,-3.0151,-2.8800,-0.054,51.9243,-20.00,77.38,57.38,-16.9849,-11.6541,-0.550000,-0.377443,-0.026653,-0.230775,0.000000,1731,15.6389
1.7538,88,-3.0151,-2.1600,-0.054,51.9243,-20.00,77.38,57.38,-16.9849,-11.6541,-0.550000,-0.377443,-0.026653,-0.230775,0.000000,1731,15.6389
1.7739,89,-0.4693,-1.0800,-0.0935,51.9243,-20.00,77.38,57.38,-19.5307,-11.6541,-0.550000,-0.434014,-0.026766,-0.230775,0.000000,1731,13.0932
1.7939,90,-0.4693,-0.1800,-0.0935,48.1195,-20.00,77.38,57.38,-19.5307,-11.6541,-0.550000,-0.434014,-0.026766,-0.213864,0.000000,1731,13.0932
1.8140,91,-0.4693,0.7200,-0.0935,48.1195,-20.00,77.38,57.38,-19.5307,-11.6541,-0.550000,-0.434014,-0.026766,-0.213864,0.000000,1731,13.0932
1.8341,92,1.8512,1.6200,-0.1156,41.6290,-20.00,77.38,57.38,-21.8512,-11.6541,-0.550000,-0.485583,-0.026869,-0.185018,0.000000,1731,10.7726
1.8542,93,1.8512,2.3400,-0.1156,41.6290,-20.00,77.38,57.38,-21.8512,-11.6541,-0.550000,-0.485583,-0.026869,-0.185018,0.000000,1731,10.7726
1.8743,94,3.8336,3.0600,-0.1199,41.6290,-20.00,77.38,57.38,-23.8336,-11.6541,-0.550000,-0.529635,-0.026957,-0.185018,0.000000,1731,8.7903
1.8944,95,3.8336,3.7800,-0.1199,34.9146,-20.00,77.38,57.38,-23.8336,-11.6541,-0.550000,-0.529635,-0.026957,-0.155176,0.000000,1731,8.7903
1.9145,96,3.8336,4.3200,-0.1199,34.9146,-20.00,77.38,57.38,-23.8336,-11.6541,-0.550000,-0.529635,-0.026957,-0.155176,0.000000,1731,8.7903
1.9345,97,5.4332,4.8600,-0.142,25.9622,-20.00,77.38,57.38,-25.4332,-11.6541,-0.550000,-0.565182,-0.027028,-0.115387,0.000000,1731,7.1907
1.9546,98,5.4332,5.2200,-0.142,25.9622,-20.00,77.38,57.38,-25.4332,-11.6541,-0.550000,-0.565182,-0.027028,-0.115387,0.000000,1731,7.1907
1.9747,99,6.5663,5.5800,-0.1592,25.9622,-20.00,77.38,57.38,-26.5663,-11.6541,-0.550000,-0.590361,-0.027079,-0.115387,0.000000,1731,6.0576
1.9947,100,6.5663,5.9400,-0.1592,16.0025,-20.00,77.38,57.38,-26.5663,-11.6541,-0.550000,-0.590361,-0.027079,-0.071122,0.000000,1731,6.0576
2.0148,101,6.5663,6.1200,-0.1592,16.0025,-20.00,77.38,57.38,-26.5663,-11.6541,-0.550000,-0.590361,-0.027079,-0.071122,0.000000,1731,6.0576
2.0349,102,7.1921,6.1200,-0.1696,5.5953,-20.00,77.38,57.38,-27.1921,-11.6541,-0.550000,-0.604270,-0.027107,-0.024868,0.000000,1731,5.4317
2.0550,103,7.1921,6.1200,-0.1696,5.5953,-20.00,77.38,57.38,-27.1921,-11.6541,-0.550000,-0.604270,-0.027107,-0.024868,0.000000,1731,5.4317
2.0751,104,7.2931,6.1200,-0.177,5.5953,-20.00,77.38,57.38,-27.2931,-11.6541,-0.550000,-0.606513,-0.027111,-0.024868,0.000000,1731,5.3307
2.0952,105,7.2931,5.9400,-0.177,-4.5881,-20.00,77.38,57.38,-27.2931,-11.6541,-0.550000,-0.606513,-0.027111,0.020392,0.000000,1731,5.3307
2.1152,106,7.2931,5.7600,-0.177,-4.5881,-20.00,77.38,57.38,-27.2931,-11.6541,-0.550000,-0.606513,-0.027111,0.020392,0.000000,1731,5.3307
2.1353,107,6.9138,5.4000,-0.1731,-12.6454,-20.00,77.38,57.38,-26.9138,-11.6541,-0.550000,-0.598085,-0.027094,0.056202,0.000000,1731,5.71
2.1554,108,6.9138,5.2200,-0.1731,-12.6454,-20.00,77.38,57.38,-26.9138,-11.6541,-0.550000,-0.598085,-0.027094,0.056202,0.000000,1731,5.71
2.1755,109,6.1809,4.8600,-0.1649,-12.6454,-20.00,77.38,57.38,-26.1809,-11.6541,-0.550000,-0.581797,-0.027062,0.056202,0.000000,1731,6.443
2.1956,110,6.1809,4.3200,-0.1649,-18.0168,-20.00,77.38,57.38,-26.1809,-12.1778,-0.528784,-0.581797,-0.027062,0.080075,0.000000,1723,6.443
2.2156,111,6.1809,4.1400,-0.1649,-18.0168,-20.00,77.38,57.38,-26.1809,-12.7014,-0.529947,-0.581797,-0.028225,0.080075,0.000000,1723,6.443
2.2358,112,5.2223,3.6000,-0.1587,-21.0383,-20.00,77.38,57.38,-25.2223,-13.2058,-0.496339,-0.560496,-0.029346,0.093504,0.000000,1711,7.4015
2.2559,113,5.2223,3.2400,-0.1587,-21.0383,-20.00,77.38,57.38,-25.2223,-13.7103,-0.497460,-0.560496,-0.030467,0.093504,0.000000,1711,7.4015
2.2760,114,4.1245,2.7000,-0.1426,-21.0383,-20.00,77.38,57.38,-24.1245,-14.1928,-0.474135,-0.536099,-0.031539,0.093504,0.000000,1702,8.4994
2.2961,115,4.1245,2.3400,-0.1426,-21.9335,-20.00,77.38,57.38,-24.1245,-14.6752,-0.471229,-0.536099,-0.032612,0.097482,0.000000,1701,8.4994
2.3161,116,4.1245,1.9800,-0.1426,-21.9335,-20.00,77.38,57.38,-24.1245,-15.1577,-0.472301,-0.536099,-0.033684,0.097482,0.000000,1702,8.4994
2.3362,117,3.0225,1.4400,-0.1318,-21.2621,-20.00,77.38,57.38,-23.0225,-15.6182,-0.451820,-0.511611,-0.034707,0.094498,0.000000,1694,9.6014
2.3563,118,3.0225,1.0800,-0.1318,-21.2621,-20.00,77.38,57.38,-23.0225,-16.0786,-0.452843,-0.511611,-0.035730,0.094498,0.000000,1694,9.6014
2.3764,119,1.9734,0.7200,-0.1169,-21.2621,-20.00,77.38,57.38,-21.9734,-16.5181,-0.430507,-0.488299,-0.036707,0.094498,0.000000,1686,10.6504
2.3964,120,1.9734,0.3600,-0.1169,-19.5835,-20.00,77.38,57.38,-21.9734,-16.9576,-0.438944,-0.488299,-0.037683,0.087038,0.000000,1689,10.6504
2.4165,121,1.9734,-0.0000,-0.1169,-19.5835,-20.00,77.38,57.38,-21.9734,-17.3970,-0.439921,-0.488299,-0.038660,0.087038,0.000000,1689,10.6504
2.4366,122,1.0277,-0.5400,-0.1116,-17.5692,-20.00,77.38,57.38,-21.0277,-17.8176,-0.428792,-0.467283,-0.039595,0.078085,0.000000,1685,11.5961
2.4567,123,1.0277,-0.7200,-0.1116,-17.5692,-20.00,77.38,57.38,-21.0277,-18.2381,-0.429727,-0.467283,-0.040529,0.078085,0.000000,1686,11.5961
2.4767,124,0.1532,-1.0800,-0.1089,-17.5692,-20.00,77.38,57.38,-20.1532,-18.6412,-0.411189,-0.447849,-0.041425,0.078085,0.000000,1679,12.4706
2.4968,125,0.1532,-1.4400,-0.1089,-15.2192,-20.00,77.38,57.38,-20.1532,-19.0443,-0.422529,-0.447849,-0.042321,0.067641,0.000000,1683,12.4706
2.5169,126,0.1532,-1.6200,-0.1089,-15.2192,-20.00,77.38,57.38,-20.1532,-19.4473,-0.423425,-0.447849,-0.043216,0.067641,0.000000,1683,12.4706
2.5370,127,-0.5868,-1.9800,-0.0924,-11.9739,-20.00,77.38,57.38,-19.4132,-19.8356,-0.422267,-0.431405,-0.044079,0.053217,0.000000,1683,13.2106
2.5570,128,-0.5868,-2.1600,-0.0924,-11.9739,-20.00,77.38,57.38,-19.4132,-20.2239,-0.423129,-0.431405,-0.044942,0.053217,0.000000,1683,13.2106
2.5771,129,-1.2129,-2.3400,-0.0819,-11.9739,-20.00,77.38,57.38,-18.7871,-20.5996,-0.410050,-0.417491,-0.045777,0.053217,0.000000,1678,13.8368
2.5972,130,-1.2129,-2.5200,-0.0819,-9.2882,-20.00,77.38,57.38,-18.7871,-20.9754,-0.422822,-0.417491,-0.046612,0.041281,0.000000,1683,13.8368
2.6173,131,-1.2129,-2.7000,-0.0819,-9.2882,-20.00,77.38,57.38,-18.7871,-21.3511,-0.423657,-0.417491,-0.047447,0.041281,0.000000,1683,13.8368
2.6373,132,-1.6843,-2.7000,-0.0674,-5.2596,-20.00,77.38,57.38,-18.3157,-21.7174,-0.431902,-0.407016,-0.048261,0.023376,0.000000,1686,14.3081
2.6574,133,-1.6843,-2.8800,-0.0674,-5.2596,-20.00,77.38,57.38,-18.3157,-22.0837,-0.432716,-0.407016,-0.049075,0.023376,0.000000,1687,14.3081
2.6775,134,-1.9693,-2.8800,-0.0858,-5.2596,-20.00,77.38,57.38,-18.0307,-22.4443,-0.427183,-0.400682,-0.049876,0.023376,0.000000,1685,14.5931
2.6976,135,-1.9693,-3.0600,-0.0858,-4.1405,-20.00,77.38,57.38,-18.0307,-22.8050,-0.432958,-0.400682,-0.050678,0.018402,0.000000,1687,14.5931
2.7176,136,-1.9693,-3.0600,-0.0858,-4.1405,-20.00,77.38,57.38,-18.0307,-23.1656,-0.433759,-0.400682,-0.051479,0.018402,0.000000,1687,14.5931
2.7377,137,-2.1377,-3.0600,-0.0783,-1.0072,-20.00,77.38,57.38,-17.8623,-23.5228,-0.444736,-0.396939,-0.052273,0.004476,0.000000,1691,14.7616
2.7578,138,-2.1377,-3.0600,-0.0783,-1.0072,-20.00,77.38,57.38,-17.8623,-23.8801,-0.445530,-0.396939,-0.053067,0.004476,0.000000,1692,14.7616
2.7779,139,-2.1532,-3.0600,-0.0739,-1.0072,-20.00,77.38,57.38,-17.8468,-24.2370,-0.445979,-0.396595,-0.053860,0.004476,0.000000,1692,14.7771
2.7980,140,-2.1532,-3.0600,-0.0739,1.7905,-20.00,77.38,57.38,-17.8468,-24.5939,-0.459206,-0.396595,-0.054653,-0.007958,0.000000,1697,14.7771
2.8181,141,-2.1532,-2.8800,-0.0739,1.7905,-20.00,77.38,57.38,-17.8468,-24.9509,-0.459999,-0.396595,-0.055446,-0.007958,0.000000,1697,14.7771
2.8381,142,-2.0364,-2.8800,-0.0751,3.8048,-20.00,77.38,57.38,-17.9636,-25.3101,-0.472345,-0.399190,-0.056245,-0.016910,0.000000,1702,14.6603
2.8582,143,-2.0364,-2.7000,-0.0751,3.8048,-20.00,77.38,57.38,-17.9636,-25.6694,-0.473144,-0.399190,-0.057043,-0.016910,0.000000,1702,14.6603
2.8783,144,-1.8399,-2.7000,-0.0846,3.8048,-20.00,77.38,57.38,-18.1601,-26.0326,-0.478319,-0.403559,-0.057850,-0.016910,0.000000,1704,14.4637
2.8984,145,-1.8399,-2.5200,-0.0846,4.7000,-20.00,77.38,57.38,-18.1601,-26.3958,-0.483105,-0.403559,-0.058657,-0.020889,0.000000,1706,14.4637
2.9185,146,-1.8399,-2.5200,-0.0846,4.7000,-20.00,77.38,57.38,-18.1601,-26.7590,-0.483912,-0.403559,-0.059464,-0.020889,0.000000,1706,14.4637
2.9385,147,-1.5999,-2.3400,-0.0839,5.0358,-20.00,77.38,57.38,-18.4001,-27.1270,-0.491555,-0.408891,-0.060282,-0.022381,0.000000,1709,14.2237
2.9586,148,-1.5999,-2.1600,-0.0839,5.0358,-20.00,77.38,57.38,-18.4001,-27.4950,-0.492373,-0.408891,-0.061100,-0.022381,0.000000,1709,14.2237
2.9787,149,-1.3410,-2.1600,-0.0926,5.0358,-20.00,77.38,57.38,-18.6590,-27.8682,-0.498954,-0.414644,-0.061929,-0.022381,0.000000,1712,13.9649
2.9987,150,-1.3410,-1.9800,-0.0926,5.4834,-20.00,77.38,57.38,-18.6590,-28.2414,-0.501773,-0.414644,-0.062759,-0.024371,0.000000,1713,13.9649
3.0188,151,-1.3410,-1.9800,-0.0926,5.4834,-20.00,77.38,57.38,-18.6590,-28.6146,-0.502602,-0.414644,-0.063588,-0.024371,0.000000,1713,13.9649
3.0389,152,-1.1008,-1.8000,-0.0882,3.9167,-20.00,77.38,57.38,-18.8992,-28.9925,-0.501818,-0.419982,-0.064428,-0.017408,0.000000,1713,13.7247
3.0590,153,-1.1008,-1.8000,-0.0882,3.9167,-20.00,77.38,57.38,-18.8992,-29.3705,-0.502657,-0.419982,-0.065268,-0.017408,0.000000,1713,13.7247
3.0791,154,-0.9436,-1.8000,-0.0881,3.9167,-20.00,77.38,57.38,-19.0564,-29.7517,-0.506999,-0.423476,-0.066115,-0.017408,0.000000,1715,13.5674
3.0991,155,-0.9436,-1.8000,-0.0881,2.2381,-20.00,77.38,57.38,-19.0564,-30.1328,-0.500385,-0.423476,-0.066962,-0.009947,0.000000,1712,13.5674
3.1192,156,-0.9436,-1.8000,-0.0881,2.2381,-20.00,77.38,57.38,-19.0564,-30.5139,-0.501232,-0.423476,-0.067809,-0.009947,0.000000,1712,13.5674
3.1393,157,-0.9102,-1.8000,-0.0811,-2.9096,-20.00,77.38,57.38,-19.0898,-30.8957,-0.479945,-0.424219,-0.068657,0.012931,0.000000,1704,13.534
3.1594,158,-0.9102,-1.8000,-0.0811,-2.9096,-20.00,77.38,57.38,-19.0898,-31.2775,-0.480793,-0.424219,-0.069506,0.012931,0.000000,1705,13.534
3.1795,159,-1.1656,-1.9800,-0.0692,-5.1477,-20.00,77.38,57.38,-18.8344,-31.6542,-0.466007,-0.418543,-0.070343,0.022879,0.000000,1699,13.7894
3.1995,160,-1.1656,-2.1600,-0.0692,-5.1477,-20.00,77.38,57.38,-18.8344,-32.0309,-0.466844,-0.418543,-0.071180,0.022879,0.000000,1700,13.7894
3.2196,161,-1.1656,-2.1600,-0.0692,-5.1477,-20.00,77.38,57.38,-18.8344,-32.4076,-0.467681,-0.418543,-0.072017,0.022879,0.000000,1700,13.7894
3.2397,162,-1.4660,-2.3400,-0.0724,-6.7143,-20.00,77.38,57.38,-18.5340,-32.7783,-0.454865,-0.411866,-0.072841,0.029842,0.000000,1695,14.0899
3.2598,163,-1.4660,-2.5200,-0.0724,-6.7143,-20.00,77.38,57.38,-18.5340,-33.1489,-0.455689,-0.411866,-0.073664,0.029842,0.000000,1695,14.0899
3.2798,164,-1.8026,-2.7000,-0.0583,-6.7143,-20.00,77.38,57.38,-18.1974,-33.5129,-0.449018,-0.404386,-0.074473,0.029842,0.000000,1693,14.4265
3.2999,165,-1.8026,-2.7000,-0.0583,-6.8263,-20.00,77.38,57.38,-18.1974,-33.8768,-0.449329,-0.404386,-0.075282,0.030339,0.000000,1693,14.4265
3.3200,166,-1.8026,-2.8800,-0.0583,-6.8263,-20.00,77.38,57.38,-18.1974,-34.2408,-0.450138,-0.404386,-0.076091,0.030339,0.000000,1693,14.4265
3.3401,167,-2.1387,-3.0600,-0.0525,-6.2667,-20.00,77.38,57.38,-17.8613,-34.5980,-0.445951,-0.396918,-0.076884,0.027852,0.000000,1692,14.7625
3.3601,168,-2.1387,-3.0600,-0.0525,-6.2667,-20.00,77.38,57.38,-17.8613,-34.9552,-0.446744,-0.396918,-0.077678,0.027852,0.000000,1692,14.7625
3.3802,169,-2.4345,-3.2400,-0.0442,-5.1477,-20.00,77.38,57.38,-17.5655,-35.3065,-0.445926,-0.390346,-0.078459,0.022879,0.000000,1692,15.0583
3.4003,170,-2.4345,-3.2400,-0.0442,-5.1477,-20.00,77.38,57.38,-17.5655,-35.6578,-0.446707,-0.390346,-0.079240,0.022879,0.000000,1692,15.0583
3.4204,171,-2.4345,-3.4200,-0.0442,-5.1477,-20.00,77.38,57.38,-17.5655,-36.0092,-0.447487,-0.390346,-0.080020,0.022879,0.000000,1692,15.0583
3.4405,172,-2.6475,-3.4200,-0.036,-3.3572,-20.00,77.38,57.38,-17.3525,-36.3562,-0.451483,-0.385612,-0.080792,0.014921,0.000000,1694,15.2713
3.4605,173,-2.6475,-3.4200,-0.036,-3.3572,-20.00,77.38,57.38,-17.3525,-36.7033,-0.452254,-0.385612,-0.081563,0.014921,0.000000,1694,15.2713
3.4806,174,-2.7489,-3.6000,-0.0385,-0.8952,-20.00,77.38,57.38,-17.2511,-37.0483,-0.461708,-0.383358,-0.082330,0.003979,0.000000,1698,15.3727
3.5007,175,-2.7489,-3.6000,-0.0385,-0.8952,-20.00,77.38,57.38,-17.2511,-37.3933,-0.462475,-0.383358,-0.083096,0.003979,0.000000,1698,15.3727
3.5208,176,-2.7489,-3.6000,-0.0385,-0.8952,-20.00,77.38,57.38,-17.2511,-37.7383,-0.463242,-0.383358,-0.083863,0.003979,0.000000,1698,15.49
3.5408,177,-2.8661,-3.7800,-0.0244,-2.4619,-20.00,77.38,57.38,-17.1339,-38.0810,-0.454435,-0.380752,-0.084624,0.010942,0.000000,1695,15.49
3.5609,178,-2.8661,-3.7800,-0.0244,-2.4619,-20.00,77.38,57.38,-17.1339,-38.4237,-0.455197,-0.380752,-0.085386,0.010942,0.000000,1695,15.49
3.5810,179,-2.9799,-3.7800,-0.0263,-2.1262,-20.00,77.38,57.38,-17.0201,-38.7641,-0.454918,-0.378225,-0.086142,0.009450,0.000000,1695,15.6037
3.6011,180,-2.9799,-3.7800,-0.0263,-2.1262,-20.00,77.38,57.38,-17.0201,-39.1045,-0.455674,-0.378225,-0.086899,0.009450,0.000000,1695,15.6037
3.6212,181,-3.0586,-3.7800,-0.0237,-2.1262,-20.00,77.38,57.38,-16.9414,-39.4433,-0.454677,-0.376475,-0.087652,0.009450,0.000000,1695,15.6825
3.6413,182,-3.0586,-3.7800,-0.0237,-1.0072,-20.00,77.38,57.38,-16.9414,-39.7821,-0.460404,-0.376475,-0.088405,0.004476,0.000000,1697,15.6825
3.6613,183,-3.0586,-3.7800,-0.0237,-1.0072,-20.00,77.38,57.38,-16.9414,-40.1210,-0.461157,-0.376475,-0.089158,0.004476,0.000000,1697,15.6825
3.6814,184,-3.0826,-3.7800,-0.02,0.1119,-20.00,77.38,57.38,-16.9174,-40.4593,-0.466350,-0.375943,-0.089910,-0.000497,0.000000,1699,15.7064
3.7015,185,-3.0826,-3.7800,-0.02,0.1119,-20.00,77.38,57.38,-16.9174,-40.7977,-0.467102,-0.375943,-0.090661,-0.000497,0.000000,1700,15.7064
3.7216,186,-3.0374,-3.7800,-0.0293,0.1119,-20.00,77.38,57.38,-16.9626,-41.1369,-0.468860,-0.376948,-0.091415,-0.000497,0.000000,1700,15.6612
3.7417,187,-3.0374,-3.7800,-0.0293,1.4548,-20.00,77.38,57.38,-16.9626,-41.4762,-0.475583,-0.376948,-0.092169,-0.006466,0.000000,1703,15.6612
3.7618,188,-3.0374,-3.7800,-0.0293,1.4548,-20.00,77.38,57.38,-16.9626,-41.8154,-0.476336,-0.376948,-0.092923,-0.006466,0.000000,1703,15.6612
3.7818,189,-2.9481,-3.7800,-0.0265,2.1262,-20.00,77.38,57.38,-17.0519,-42.1565,-0.482062,-0.378931,-0.093681,-0.009450,0.000000,1705,15.5719
3.8019,190,-2.9481,-3.6000,-0.0265,2.1262,-20.00,77.38,57.38,-17.0519,-42.4975,-0.482820,-0.378931,-0.094439,-0.009450,0.000000,1706,15.5719
3.8220,191,-2.8235,-3.6000,-0.0313,2.1262,-20.00,77.38,57.38,-17.1765,-42.8410,-0.486351,-0.381699,-0.095202,-0.009450,0.000000,1707,15.4474
3.8421,192,-2.8235,-3.6000,-0.0313,2.3500,-20.00,77.38,57.38,-17.1765,-43.1846,-0.488109,-0.381699,-0.095966,-0.010445,0.000000,1708,15.4474
3.8621,193,-2.8235,-3.6000,-0.0313,2.3500,-20.00,77.38,57.38,-17.1765,-43.5281,-0.488873,-0.381699,-0.096729,-0.010445,0.000000,1708,15.4474
3.8822,194,-2.6947,-3.4200,-0.0344,2.1262,-20.00,77.38,57.38,-17.3053,-43.8742,-0.491510,-0.384562,-0.097498,-0.009450,0.000000,1709,15.3186
3.9023,195,-2.6947,-3.4200,-0.0344,2.1262,-20.00,77.38,57.38,-17.3053,-44.2203,-0.492279,-0.384562,-0.098267,-0.009450,0.000000,1709,15.3186
3.9224,196,-2.5747,-3.4200,-0.0445,2.1262,-20.00,77.38,57.38,-17.4253,-44.5688,-0.495721,-0.387230,-0.099042,-0.009450,0.000000,1710,15.1985
3.9425,197,-2.5747,-3.4200,-0.0445,1.0072,-20.00,77.38,57.38,-17.4253,-44.9173,-0.491522,-0.387230,-0.099816,-0.004476,0.000000,1709,15.1985
3.9626,198,-2.5747,-3.2400,-0.0445,1.0072,-20.00,77.38,57.38,-17.4253,-45.2658,-0.492296,-0.387230,-0.100591,-0.004476,0.000000,1709,15.1985
3.9826,199,-2.4940,-3.2400,-0.0337,1.4548,-20.00,77.38,57.38,-17.5060,-45.6159,-0.496857,-0.389023,-0.101369,-0.006466,0.000000,1711,15.1178
4.0027,200,-2.4940,-3.2400,-0.0337,1.4548,-20.00,77.38,57.38,-17.5060,-45.9661,-0.497635,-0.389023,-0.102147,-0.006466,0.000000,1711,15.1178
4.0228,201,-2.4150,-3.2400,-0.0352,1.4548,-20.00,77.38,57.38,-17.5850,-46.3178,-0.500173,-0.390779,-0.102928,-0.006466,0.000000,1712,15.0388
4.0429,202,-2.4150,-3.2400,-0.0352,0.2238,-20.00,77.38,57.38,-17.5850,-46.6695,-0.495483,-0.390779,-0.103710,-0.000995,0.000000,1710,15.0388
4.0630,203,-2.4150,-3.2400,-0.0352,0.2238,-20.00,77.38,57.38,-17.5850,-47.0212,-0.496265,-0.390779,-0.104491,-0.000995,0.000000,1711,15.0388
4.0831,204,-2.4110,-3.2400,-0.0218,0.5595,-20.00,77.38,57.38,-17.5890,-47.3729,-0.498628,-0.390868,-0.105273,-0.002487,0.000000,1711,15.0348
4.1031,205,-2.4110,-3.2400,-0.0218,0.5595,-20.00,77.38,57.38,-17.5890,-47.7247,-0.499409,-0.390868,-0.106055,-0.002487,0.000000,1712,15.0348
4.1232,206,-2.3894,-3.0600,0.0002,0.5595,-20.00,77.38,57.38,-17.6106,-48.0769,-0.500671,-0.391346,-0.106838,-0.002487,0.000000,1712,15.0133
4.1433,207,-2.3894,-3.0600,0.0002,-0.0000,-20.00,77.38,57.38,-17.6106,-48.4291,-0.498966,-0.391346,-0.107620,0.000000,0.000000,1712,15.0133
4.1634,208,-2.3894,-3.0600,0.0002,-0.0000,-20.00,77.38,57.38,-17.6106,-48.7814,-0.499749,-0.391346,-0.108403,0.000000,0.000000,1712,15.0133
4.1835,209,-2.4047,-3.0600,0.0193,-0.1119,-20.00,77.38,57.38,-17.5953,-49.1333,-0.499695,-0.391007,-0.109185,0.000497,0.000000,1712,15.0285
4.2035,210,-2.4047,-3.0600,0.0193,-0.1119,-20.00,77.38,57.38,-17.5953,-49.4852,-0.500477,-0.391007,-0.109967,0.000497,0.000000,1712,15.0285
4.2236,211,-2.3676,-3.0600,0.0102,-0.1119,-20.00,77.38,57.38,-17.6324,-49.8378,-0.502084,-0.391831,-0.110751,0.000497,0.000000,1713,14.9915
4.2437,212,-2.3676,-3.0600,0.0102,0.2238,-20.00,77.38,57.38,-17.6324,-50.1905,-0.504360,-0.391831,-0.111534,-0.000995,0.000000,1714,14.9915
4.2638,213,-2.3676,-3.0600,0.0102,0.2238,-20.00,77.38,57.38,-17.6324,-50.5431,-0.505144,-0.391831,-0.112318,-0.000995,0.000000,1714,14.9915
4.2839,214,-2.3633,-3.0600,0.0116,0.8952,-20.00,77.38,57.38,-17.6367,-50.8959,-0.509007,-0.391926,-0.113102,-0.003979,0.000000,1715,14.9872
4.3039,215,-2.3633,-3.0600,0.0116,0.8952,-20.00,77.38,57.38,-17.6367,-51.2486,-0.509791,-0.391926,-0.113886,-0.003979,0.000000,1716,14.9872
4.3240,216,-2.3540,-3.0600,0.0074,0.8952,-20.00,77.38,57.38,-17.6460,-51.6015,-0.510783,-0.392134,-0.114670,-0.003979,0.000000,1716,14.9778
4.3441,217,-2.3540,-3.0600,0.0074,0.5595,-20.00,77.38,57.38,-17.6460,-51.9544,-0.510075,-0.392134,-0.115454,-0.002487,0.000000,1716,14.9778
4.3642,218,-2.3540,-3.0600,0.0074,0.5595,-20.00,77.38,57.38,-17.6460,-52.3073,-0.510860,-0.392134,-0.116239,-0.002487,0.000000,1716,14.9778
4.3843,219,-2.3459,-3.0600,0.0076,0.2238,-20.00,77.38,57.38,-17.6541,-52.6604,-0.510331,-0.392313,-0.117023,-0.000995,0.000000,1716,14.9697
4.4043,220,-2.3459,-3.0600,0.0076,0.2238,-20.00,77.38,57.38,-17.6541,-53.0135,-0.511116,-0.392313,-0.117808,-0.000995,0.000000,1716,14.9697
4.4244,221,-2.3269,-3.0600,0.0138,0.2238,-20.00,77.38,57.38,-17.6731,-53.3670,-0.512323,-0.392735,-0.118593,-0.000995,0.000000,1717,14.9508
4.4445,222,-2.3269,-3.0600,0.0138,0.2238,-20.00,77.38,57.38,-17.6731,-53.7204,-0.513108,-0.392735,-0.119379,-0.000995,0.000000,1717,14.9508
4.4646,223,-2.3269,-3.0600,0.0138,0.2238,-20.00,77.38,57.38,-17.6731,-54.0739,-0.513894,-0.392735,-0.120164,-0.000995,0.000000,1717,14.9508
4.4847,224,-2.3072,-3.0600,0.0108,0.3357,-20.00,77.38,57.38,-17.6928,-54.4278,-0.515617,-0.393174,-0.120951,-0.001492,0.000000,1718,14.931
4.5048,225,-2.3072,-3.0600,0.0108,0.3357,-20.00,77.38,57.38,-17.6928,-54.7816,-0.516403,-0.393174,-0.121737,-0.001492,0.000000,1718,14.931
4.5251,226,-2.2925,-3.0600,0.0156,0.3357,-20.00,77.38,57.38,-17.7075,-55.1358,-0.517516,-0.393500,-0.122524,-0.001492,0.000000,1719,14.9163
4.5452,227,-2.2925,-3.0600,0.0156,0.3357,-20.00,77.38,57.38,-17.7075,-55.4899,-0.518303,-0.393500,-0.123311,-0.001492,0.000000,1719,14.9163
4.5653,228,-2.2925,-3.0600,0.0156,0.3357,-20.00,77.38,57.38,-17.7075,-55.8441,-0.519090,-0.393500,-0.124098,-0.001492,0.000000,1719,14.9163
4.5854,229,-2.2666,-3.0600,0.0124,0.5595,-20.00,77.38,57.38,-17.7334,-56.1987,-0.521448,-0.394075,-0.124886,-0.002487,0.000000,1720,14.8905
4.6055,230,-2.2666,-3.0600,0.0124,0.5595,-20.00,77.38,57.38,-17.7334,-56.5534,-0.522236,-0.394075,-0.125674,-0.002487,0.000000,1720,14.8905
4.6255,231,-2.2422,-3.0600,0.0115,0.5595,-20.00,77.38,57.38,-17.7578,-56.9086,-0.523568,-0.394618,-0.126463,-0.002487,0.000000,1721,14.8661
4.6456,232,-2.2422,-3.0600,0.0115,0.2238,-20.00,77.38,57.38,-17.7578,-57.2637,-0.522865,-0.394618,-0.127253,-0.000995,0.000000,1721,14.8661
4.6657,233,-2.2422,-3.0600,0.0115,0.2238,-20.00,77.38,57.38,-17.7578,-57.6189,-0.523654,-0.394618,-0.128042,-0.000995,0.000000,1721,14.8661
4.6858,234,-2.2247,-3.0600,0.02,-0.0000,-20.00,77.38,57.38,-17.7753,-57.9744,-0.523839,-0.395007,-0.128832,0.000000,0.000000,1721,14.8485
4.7059,235,-2.2247,-3.0600,0.02,-0.0000,-20.00,77.38,57.38,-17.7753,-58.3299,-0.524629,-0.395007,-0.129622,0.000000,0.000000,1721,14.8485
4.7260,236,-2.2064,-3.0600,0.0194,-0.0000,-20.00,77.38,57.38,-17.7936,-58.6857,-0.525827,-0.395414,-0.130413,0.000000,0.000000,1722,14.8302
4.7460,237,-2.2064,-3.0600,0.0194,-0.0000,-20.00,77.38,57.38,-17.7936,-59.0416,-0.526617,-0.395414,-0.131204,0.000000,0.000000,1722,14.8302
4.7661,238,-2.2064,-3.0600,0.0194,-0.0000,-20.00,77.38,57.38,-17.7936,-59.3975,-0.527408,-0.395414,-0.131994,0.000000,0.000000,1722,14.8302
4.7863,239,-2.1979,-3.0600,0.0202,0.1119,-20.00,77.38,57.38,-17.8021,-59.7535,-0.528884,-0.395601,-0.132786,-0.000497,0.000000,1723,14.8218
4.8064,240,-2.1979,-3.0600,0.0202,0.1119,-20.00,77.38,57.38,-17.8021,-60.0000,-0.529432,-0.395601,-0.133333,-0.000497,0.000000,1723,14.8218
4.8265,241,-2.1804,-3.0600,0.0287,0.1119,-20.00,77.38,57.38,-17.8196,-60.0000,-0.529821,-0.395991,-0.133333,-0.000497,0.000000,1723,14.8043
4.8466,242,-2.1804,-3.0600,0.0287,0.1119,-20.00,77.38,57.38,-17.8196,-60.0000,-0.529821,-0.395991,-0.133333,-0.000497,0.000000,1723,14.8043
4.8667,243,-2.1804,-3.0600,0.0287,0.1119,-20.00,77.38,57.38,-17.8196,-60.0000,-0.529821,-0.395991,-0.133333,-0.000497,0.000000,1723,14.8043
4.8867,244,-2.1659,-3.0600,0.0293,0.1119,-20.00,77.38,57.38,-17.8341,-60.0000,-0.530144,-0.396314,-0.133333,-0.000497,0.000000,1723,14.7897
4.9068,245,-2.1659,-3.0600,0.0293,0.1119,-20.00,77.38,57.38,-17.8341,-60.0000,-0.530144,-0.396314,-0.133333,-0.000497,0.000000,1723,14.7897
4.9269,246,-2.1516,-3.0600,0.0418,0.1119,-20.00,77.38,57.38,-17.8484,-60.0000,-0.530461,-0.396631,-0.133333,-0.000497,0.000000,1723,14.7755
4.9470,247,-2.1516,-3.0600,0.0418,0.1119,-20.00,77.38,57.38,-17.8484,-60.0000,-0.530461,-0.396631,-0.133333,-0.000497,0.000000,1723,14.7755
4.9671,248,-2.1516,-3.0600,0.0418,0.1119,-20.00,77.38,57.38,-17.8484,-60.0000,-0.530461,-0.396631,-0.133333,-0.000497,0.000000,1723,14.7755
4.9871,249,-2.1409,-3.0600,0.0436,-0.0000,-20.00,77.38,57.38,-17.8591,-60.0000,-0.530203,-0.396870,-0.133333,0.000000,0.000000,1723,14.7647
5.0072,250,-2.1409,-3.0600,0.0436,-0.0000,-20.00,77.38,57.38,-17.8591,-60.0000,-0.530203,-0.396870,-0.133333,0.000000,0.000000,1723,14.7647
5.0273,251,-2.1332,-3.0600,0.0537,-0.0000,-20.00,77.38,57.38,-17.8668,-60.0000,-0.530373,-0.397040,-0.133333,0.000000,0.000000,1723,14.757
5.0474,252,-2.1332,-3.0600,0.0537,0.2238,-20.00,77.38,57.38,-17.8668,-60.0000,-0.531368,-0.397040,-0.133333,-0.000995,0.000000,1724,14.757
5.0675,253,-2.1332,-3.0600,0.0537,0.2238,-20.00,77.38,57.38,-17.8668,-60.0000,-0.531368,-0.397040,-0.133333,-0.000995,0.000000,1724,14.757
5.0875,254,-2.1219,-3.0600,0.0582,-0.0000,-20.00,77.38,57.38,-17.8781,-60.0000,-0.530624,-0.397291,-0.133333,0.000000,0.000000,1723,14.7458
5.1076,255,-2.1219,-3.0600,0.0582,-0.0000,-20.00,77.38,57.38,-17.8781,-60.0000,-0.530624,-0.397291,-0.133333,0.000000,0.000000,1723,14.7458
5.1277,256,-2.1112,-3.0600,0.0601,-0.0000,-20.00,77.38,57.38,-17.8888,-60.0000,-0.530863,-0.397530,-0.133333,0.000000,0.000000,1724,14.735
5.1478,257,-2.1112,-3.0600,0.0601,-0.0000,-20.00,77.38,57.38,-17.8888,-60.0000,-0.530863,-0.397530,-0.133333,0.000000,0.000000,1724,14.735
5.1678,258,-2.1112,-3.0600,0.0601,-0.0000,-20.00,77.38,57.38,-17.8888,-60.0000,-0.530863,-0.397530,-0.133333,0.000000,0.000000,1724,14.735
5.1879,259,-2.1126,-3.0600,0.0624,-0.0000,-20.00,77.38,57.38,-17.8874,-60.0000,-0.530831,-0.397498,-0.133333,0.000000,0.000000,1724,14.7364
5.2080,260,-2.1126,-3.0600,0.0624,-0.0000,-20.00,77.38,57.38,-17.8874,-60.0000,-0.530831,-0.397498,-0.133333,0.000000,0.000000,1724,14.7364
5.2281,261,-2.1082,-3.0600,0.0764,-0.0000,-20.00,77.38,57.38,-17.8918,-60.0000,-0.530929,-0.397596,-0.133333,0.000000,0.000000,1724,14.732
5.2482,262,-2.1082,-3.0600,0.0764,0.2238,-20.00,77.38,57.38,-17.8918,-60.0000,-0.531924,-0.397596,-0.133333,-0.000995,0.000000,1724,14.732
5.2682,263,-2.1082,-3.0600,0.0764,0.2238,-20.00,77.38,57.38,-17.8918,-60.0000,-0.531924,-0.397596,-0.133333,-0.000995,0.000000,1724,14.732
5.2883,264,-2.0998,-3.0600,0.0772,-0.0000,-20.00,77.38,57.38,-17.9002,-60.0000,-0.531117,-0.397783,-0.133333,0.000000,0.000000,1724,14.7236
5.3084,265,-2.0998,-3.0600,0.0772,-0.0000,-20.00,77.38,57.38,-17.9002,-60.0000,-0.531117,-0.397783,-0.133333,0.000000,0.000000,1724,14.7236
5.3285,266,-2.0974,-3.0600,0.0782,-0.0000,-20.00,77.38,57.38,-17.9026,-60.0000,-0.531168,-0.397835,-0.133333,0.000000,0.000000,1724,14.7213
5.3485,267,-2.0974,-3.0600,0.0782,-0.1119,-20.00,77.38,57.38,-17.9026,-60.0000,-0.530671,-0.397835,-0.133333,0.000497,0.000000,1724,14.7213
5.3686,268,-2.0974,-3.0600,0.0782,-0.1119,-20.00,77.38,57.38,-17.9026,-60.0000,-0.530671,-0.397835,-0.133333,0.000497,0.000000,1724,14.7213
5.3887,269,-2.0956,-3.0600,0.0765,-0.0000,-20.00,77.38,57.38,-17.9044,-60.0000,-0.531209,-0.397876,-0.133333,0.000000,0.000000,1724,14.7195
5.4088,270,-2.0956,-3.0600,0.0765,-0.0000,-20.00,77.38,57.38,-17.9044,-60.0000,-0.531209,-0.397876,-0.133333,0.000000,0.000000,1724,14.7195
5.4288,271,-2.0872,-3.0600,0.0773,-0.0000,-20.00,77.38,57.38,-17.9128,-60.0000,-0.531396,-0.398063,-0.133333,0.000000,0.000000,1724,14.711
5.4489,272,-2.0872,-3.0600,0.0773,-0.0000,-20.00,77.38,57.38,-17.9128,-60.0000,-0.531396,-0.398063,-0.133333,0.000000,0.000000,1724,14.711
5.4690,273,-2.0872,-3.0600,0.0773,-0.0000,-20.00,77.38,57.38,-17.9128,-60.0000,-0.531396,-0.398063,-0.133333,0.000000,0.000000,1724,14.711
5.4891,274,-2.0848,-3.0600,0.0784,-0.0000,-20.00,77.38,57.38,-17.9152,-60.0000,-0.531448,-0.398115,-0.133333,0.000000,0.000000,1724,14.7087
5.5092,275,-2.0848,-3.0600,0.0784,-0.0000,-20.00,77.38,57.38,-17.9152,-60.0000,-0.531448,-0.398115,-0.133333,0.000000,0.000000,1724,14.7087
5.5293,276,-2.0820,-3.0600,0.0821,-0.0000,-20.00,77.38,57.38,-17.9180,-60.0000,-0.531511,-0.398178,-0.133333,0.000000,0.000000,1724,14.7058
5.5494,277,-2.0820,-3.0600,0.0821,-0.0000,-20.00,77.38,57.38,-17.9180,-60.0000,-0.531511,-0.398178,-0.133333,0.000000,0.000000,1724,14.7058
5.5694,278,-2.0820,-3.0600,0.0821,-0.0000,-20.00,77.38,57.38,-17.9180,-60.0000,-0.531511,-0.398178,-0.133333,0.000000,0.000000,1724,14.7058
5.5895,279,-2.0804,-3.0600,0.0924,-0.0000,-20.00,77.38,57.38,-17.9196,-60.0000,-0.531546,-0.398213,-0.133333,0.000000,0.000000,1724,14.7043
5.6096,280,-2.0804,-3.0600,0.0924,-0.0000,-20.00,77.38,57.38,-17.9196,-60.0000,-0.531546,-0.398213,-0.133333,0.000000,0.000000,1724,14.7043
5.6297,281,-2.0781,-3.0600,0.0934,-0.0000,-20.00,77.38,57.38,-17.9219,-60.0000,-0.531598,-0.398265,-0.133333,0.000000,0.000000,1724,14.7019
5.6498,282,-2.0781,-3.0600,0.0934,-0.0000,-20.00,77.38,57.38,-17.9219,-60.0000,-0.531598,-0.398265,-0.133333,0.000000,0.000000,1724,14.7019
5.6699,283,-2.0781,-3.0600,0.0934,-0.0000,-20.00,77.38,57.38,-17.9219,-60.0000,-0.531598,-0.398265,-0.133333,0.000000,0.000000,1724,14.6988
5.6899,284,-2.0750,-3.0600,0.0852,-0.0000,-20.00,77.38,57.38,-17.9250,-60.0000,-0.531667,-0.398334,-0.133333,0.000000,0.000000,1724,14.6988
5.7100,285,-2.0750,-3.0600,0.0852,-0.0000,-20.00,77.38,57.38,-17.9250,-60.0000,-0.531667,-0.398334,-0.133333,0.000000,0.000000,1724,14.6988
5.7301,286,-2.0734,-3.0600,0.0955,-0.1119,-20.00,77.38,57.38,-17.9266,-60.0000,-0.531204,-0.398368,-0.133333,0.000497,0.000000,1724,14.6973
5.7502,287,-2.0734,-3.0600,0.0955,-0.1119,-20.00,77.38,57.38,-17.9266,-60.0000,-0.531204,-0.398368,-0.133333,0.000497,0.000000,1724,14.6973
5.7703,288,-2.0734,-3.0600,0.0963,-0.1119,-20.00,77.38,57.38,-17.9266,-60.0000,-0.531204,-0.398368,-0.133333,0.000497,0.000000,1724,14.6888
5.7904,289,-2.0650,-3.0600,0.0963,-0.0000,-20.00,77.38,57.38,-17.9350,-60.0000,-0.531889,-0.398556,-0.133333,0.000000,0.000000,1724,14.6888
5.8105,290,-2.0650,-3.0600,0.0963,-0.0000,-20.00,77.38,57.38,-17.9350,-60.0000,-0.531889,-0.398556,-0.133333,0.000000,0.000000,1724,14.6888
5.8306,291,-2.0688,-3.0600,0.0976,-0.0000,-20.00,77.38,57.38,-17.9312,-60.0000,-0.531805,-0.398472,-0.133333,0.000000,0.000000,1724,14.6926
5.8507,292,-2.0688,-3.0600,0.0976,-0.0000,-20.00,77.38,57.38,-17.9312,-60.0000,-0.531805,-0.398472,-0.133333,0.000000,0.000000,1724,14.6926
5.8707,293,-2.0627,-3.0600,0.0973,-0.0000,-20.00,77.38,57.38,-17.9373,-60.0000,-0.531941,-0.398608,-0.133333,0.000000,0.000000,1724,14.6865
5.8908,294,-2.0627,-3.0600,0.0973,0.1119,-20.00,77.38,57.38,-17.9373,-60.0000,-0.532438,-0.398608,-0.133333,-0.000497,0.000000,1724,14.6865
5.9109,295,-2.0627,-3.0600,0.0973,0.1119,-20.00,77.38,57.38,-17.9373,-60.0000,-0.532438,-0.398608,-0.133333,-0.000497,0.000000,1724,14.6865
5.9310,296,-2.0566,-3.0600,0.0971,-0.1119,-20.00,77.38,57.38,-17.9434,-60.0000,-0.531579,-0.398743,-0.133333,0.000497,0.000000,1724,14.6804
5.9510,297,-2.0566,-3.0600,0.0971,-0.1119,-20.00,77.38,57.38,-17.9434,-60.0000,-0.531579,-0.398743,-0.133333,0.000497,0.000000,1724,14.6804
5.9711,298,-2.0566,-3.0600,0.0971,-0.1119,-20.00,77.38,57.38,-17.9434,-60.0000,-0.531579,-0.398743,-0.133333,0.000497,0.000000,1724,14.6804
5.9912,299,-2.0566,-3.0600,0.0971,-0.0000,-20.00,77.38,57.38,-17.9434,-60.0000,-0.532077,-0.398743,-0.133333,0.000000,0.000000,1724,14.6804
6.0113,300,-2.0566,-3.0600,0.0971,-0.0000,-20.00,77.38,57.38,-17.9434,-60.0000,-0.532077,-0.398743,-0.133333,0.000000,0.000000,1724,14.6804
6.0315,301,-2.0537,-3.0600,0.1009,0.1119,-20.00,77.38,57.38,-17.9463,-60.0000,-0.532637,-0.398807,-0.133333,-0.000497,0.000000,1724,14.6776
6.0515,302,-2.0537,-3.0600,0.1009,0.1119,-20.00,77.38,57.38,-17.9463,-60.0000,-0.532637,-0.398807,-0.133333,-0.000497,0.000000,1724,14.6776
6.0716,303,-2.0514,-3.0600,0.1019,0.1119,-20.00,77.38,57.38,-17.9486,-60.0000,-0.532689,-0.398858,-0.133333,-0.000497,0.000000,1724,14.6752
6.0917,304,-2.0514,-3.0600,0.1019,-0.0000,-20.00,77.38,57.38,-17.9486,-60.0000,-0.532192,-0.398858,-0.133333,0.000000,0.000000,1724,14.6752
6.1118,305,-2.0514,-3.0600,0.1019,-0.0000,-20.00,77.38,57.38,-17.9486,-60.0000,-0.532192,-0.398858,-0.133333,0.000000,0.000000,1724,14.6752
6.1319,306,-2.0521,-3.0600,0.1111,0.2238,-20.00,77.38,57.38,-17.9479,-60.0000,-0.533169,-0.398841,-0.133333,-0.000995,0.000000,1724,14.676
6.1520,307,-2.0521,-3.0600,0.1111,0.2238,-20.00,77.38,57.38,-17.9479,-60.0000,-0.533169,-0.398841,-0.133333,-0.000995,0.000000,1724,14.676
6.1720,308,-2.0554,-3.0600,0.1151,0.2238,-20.00,77.38,57.38,-17.9446,-60.0000,-0.533097,-0.398769,-0.133333,-0.000995,0.000000,1724,14.6792
6.1921,309,-2.0554,-3.0600,0.1151,-0.1119,-20.00,77.38,57.38,-17.9446,-60.0000,-0.531605,-0.398769,-0.133333,0.000497,0.000000,1724,14.6792
6.2122,310,-2.0554,-3.0600,0.1151,-0.1119,-20.00,77.38,57.38,-17.9446,-60.0000,-0.531605,-0.398769,-0.133333,0.000497,0.000000,1724,14.6792
6.2323,311,-2.0592,-3.0600,0.1164,-0.0000,-20.00,77.38,57.38,-17.9408,-60.0000,-0.532019,-0.398686,-0.133333,0.000000,0.000000,1724,14.683
6.2524,312,-2.0592,-3.0600,0.1164,-0.0000,-20.00,77.38,57.38,-17.9408,-60.0000,-0.532019,-0.398686,-0.133333,0.000000,0.000000,1724,14.683
6.2725,313,-2.0629,-3.0600,0.1177,-0.0000,-20.00,77.38,57.38,-17.9371,-60.0000,-0.531935,-0.398602,-0.133333,0.000000,0.000000,1724,14.6868
6.2954,314,-2.0629,-3.0600,0.1177,0.1119,-20.00,77.38,57.38,-17.9371,-60.0000,-0.532433,-0.398602,-0.133333,-0.000497,0.000000,1724,14.6868
6.3155,315,-2.0629,-3.0600,0.1177,0.1119,-20.00,77.38,57.38,-17.9371,-60.0000,-0.532433,-0.398602,-0.133333,-0.000497,0.000000,1724,14.6868
6.3358,316,-2.0629,-3.0600,0.1177,0.1119,-20.00,77.38,57.38,-17.9371,-60.0000,-0.532433,-0.398602,-0.133333,-0.000497,0.000000,1724,14.6868
6.3559,317,-2.0629,-3.0600,0.1177,0.1119,-20.00,77.38,57.38,-17.9371,-60.0000,-0.532433,-0.398602,-0.133333,-0.000497,0.000000,1724,14.6868
6.3760,318,-2.0667,-3.0600,0.119,0.1119,-20.00,77.38,57.38,-17.9333,-60.0000,-0.532349,-0.398518,-0.133333,-0.000497,0.000000,1724,14.6905
6.3961,319,-2.0667,-3.0600,0.119,0.2238,-20.00,77.38,57.38,-17.9333,-60.0000,-0.532846,-0.398518,-0.133333,-0.000995,0.000000,1724,14.6905
6.4162,320,-2.0667,-3.0600,0.119,0.2238,-20.00,77.38,57.38,-17.9333,-60.0000,-0.532846,-0.398518,-0.133333,-0.000995,0.000000,1724,14.6905
6.4364,321,-2.0634,-3.0600,0.115,0.1119,-20.00,77.38,57.38,-17.9366,-60.0000,-0.532421,-0.398590,-0.133333,-0.000497,0.000000,1724,14.6873
6.4565,322,-2.0634,-3.0600,0.115,0.1119,-20.00,77.38,57.38,-17.9366,-60.0000,-0.532421,-0.398590,-0.133333,-0.000497,0.000000,1724,14.6873
6.4765,323,-2.0568,-3.0600,0.1175,0.1119,-20.00,77.38,57.38,-17.9432,-60.0000,-0.532568,-0.398737,-0.133333,-0.000497,0.000000,1724,14.6807
6.4974,324,-2.0568,-3.0600,0.1175,-0.0000,-20.00,77.38,57.38,-17.9432,-60.0000,-0.532071,-0.398737,-0.133333,0.000000,0.000000,1724,14.6807
6.5175,325,-2.0568,-3.0600,0.1175,-0.0000,-20.00,77.38,57.38,-17.9432,-60.0000,-0.532071,-0.398737,-0.133333,0.000000,0.000000,1724,14.6807
6.5376,326,-2.0568,-3.0600,0.1175,-0.1119,-20.00,77.38,57.38,-17.9432,-60.0000,-0.531573,-0.398737,-0.133333,0.000497,0.000000,1724,14.6807
6.5577,327,-2.0568,-3.0600,0.1175,-0.1119,-20.00,77.38,57.38,-17.9432,-60.0000,-0.531573,-0.398737,-0.133333,0.000497,0.000000,1724,14.6807
6.5778,328,-2.0629,-3.0600,0.1177,-0.1119,-20.00,77.38,57.38,-17.9371,-60.0000,-0.531438,-0.398602,-0.133333,0.000497,0.000000,1724,14.6868
6.5979,329,-2.0629,-3.0600,0.1177,-0.1119,-20.00,77.38,57.38,-17.9371,-60.0000,-0.531438,-0.398602,-0.133333,0.000497,0.000000,1724,14.6868
6.6180,330,-2.0629,-3.0600,0.1177,-0.1119,-20.00,77.38,57.38,-17.9371,-60.0000,-0.531438,-0.398602,-0.133333,0.000497,0.000000,1724,14.6868
6.6381,331,-2.0606,-3.0600,0.1187,-0.1119,-20.00,77.38,57.38,-17.9394,-60.0000,-0.531490,-0.398654,-0.133333,0.000497,0.000000,1724,14.6844
6.6582,332,-2.0606,-3.0600,0.1187,-0.1119,-20.00,77.38,57.38,-17.9394,-60.0000,-0.531490,-0.398654,-0.133333,0.000497,0.000000,1724,14.6844
6.6783,333,-2.0672,-3.0600,0.1162,0.2238,-20.00,77.38,57.38,-17.9328,-60.0000,-0.532835,-0.398507,-0.133333,-0.000995,0.000000,1724,14.6911
6.6984,334,-2.0672,-3.0600,0.1162,0.2238,-20.00,77.38,57.38,-17.9328,-60.0000,-0.532835,-0.398507,-0.133333,-0.000995,0.000000,1724,14.6911
6.7185,335,-2.0672,-3.0600,0.1162,0.2238,-20.00,77.38,57.38,-17.9328,-60.0000,-0.532835,-0.398507,-0.133333,-0.000995,0.000000,1724,14.6911
6.7386,336,-2.0649,-3.0600,0.1173,-0.0000,-20.00,77.38,57.38,-17.9351,-60.0000,-0.531892,-0.398558,-0.133333,0.000000,0.000000,1724,14.6887
6.7587,337,-2.0649,-3.0600,0.1173,-0.0000,-20.00,77.38,57.38,-17.9351,-60.0000,-0.531892,-0.398558,-0.133333,0.000000,0.000000,1724,14.6887
6.7788,338,-2.0681,-3.0600,0.1213,0.2238,-20.00,77.38,57.38,-17.9319,-60.0000,-0.532814,-0.398486,-0.133333,-0.000995,0.000000,1724,14.692
6.7989,339,-2.0681,-3.0600,0.1213,0.2238,-20.00,77.38,57.38,-17.9319,-60.0000,-0.532814,-0.398486,-0.133333,-0.000995,0.000000,1724,14.692
6.8190,340,-2.0681,-3.0600,0.1213,0.2238,-20.00,77.38,57.38,-17.9319,-60.0000,-0.532814,-0.398486,-0.133333,-0.000995,0.000000,1724,14.6957
6.8391,341,-2.0719,-3.0600,0.1226,-0.0000,-20.00,77.38,57.38,-17.9281,-60.0000,-0.531736,-0.398403,-0.133333,0.000000,0.000000,1724,14.6957
6.8592,342,-2.0719,-3.0600,0.1226,-0.0000,-20.00,77.38,57.38,-17.9281,-60.0000,-0.531736,-0.398403,-0.133333,0.000000,0.000000,1724,14.6957
6.8793,343,-2.0658,-3.0600,0.1223,-0.0000,-20.00,77.38,57.38,-17.9342,-60.0000,-0.531871,-0.398538,-0.133333,0.000000,0.000000,1724,14.6896
6.8996,344,-2.0658,-3.0600,0.1223,-0.0000,-20.00,77.38,57.38,-17.9342,-60.0000,-0.531871,-0.398538,-0.133333,0.000000,0.000000,1724,14.6896
6.9197,345,-2.0658,-3.0600,0.1223,-0.0000,-20.00,77.38,57.38,-17.9342,-60.0000,-0.531871,-0.398538,-0.133333,0.000000,0.000000,1724,14.6925
6.9398,346,-2.0686,-3.0600,0.1185,-0.0000,-20.00,77.38,57.38,-17.9314,-60.0000,-0.531808,-0.398475,-0.133333,0.000000,0.000000,1724,14.6925
6.9599,347,-2.0686,-3.0600,0.1185,-0.0000,-20.00,77.38,57.38,-17.9314,-60.0000,-0.531808,-0.398475,-0.133333,0.000000,0.000000,1724,14.6925
6.9800,348,-2.0681,-3.0600,0.1213,0.1119,-20.00,77.38,57.38,-17.9319,-60.0000,-0.532317,-0.398486,-0.133333,-0.000497,0.000000,1724,14.692
7.0001,349,-2.0681,-3.0600,0.1213,0.1119,-20.00,77.38,57.38,-17.9319,-60.0000,-0.532317,-0.398486,-0.133333,-0.000497,0.000000,1724,14.692
7.0202,350,-2.0681,-3.0600,0.1213,0.1119,-20.00,77.38,57.38,-17.9319,-60.0000,-0.532317,-0.398486,-0.133333,-0.000497,0.000000,1724,14.692
7.0403,351,-2.0681,-3.0600,0.1213,-0.0000,-20.00,77.38,57.38,-17.9319,-60.0000,-0.531820,-0.398486,-0.133333,0.000000,0.000000,1724,14.692
7.0604,352,-2.0681,-3.0600,0.1213,-0.0000,-20.00,77.38,57.38,-17.9319,-60.0000,-0.531820,-0.398486,-0.133333,0.000000,0.000000,1724,14.692
7.0805,353,-2.0742,-3.0600,0.1215,-0.1119,-20.00,77.38,57.38,-17.9258,-60.0000,-0.531187,-0.398351,-0.133333,0.000497,0.000000,1724,14.6981
7.1006,354,-2.0742,-3.0600,0.1215,-0.1119,-20.00,77.38,57.38,-17.9258,-60.0000,-0.531187,-0.398351,-0.133333,0.000497,0.000000,1724,14.6981
7.1207,355,-2.0742,-3.0600,0.1215,-0.1119,-20.00,77.38,57.38,-17.9258,-60.0000,-0.531187,-0.398351,-0.133333,0.000497,0.000000,1724,14.6981
7.1408,356,-2.0742,-3.0600,0.1215,-0.0000,-20.00,77.38,57.38,-17.9258,-60.0000,-0.531684,-0.398351,-0.133333,0.000000,0.000000,1724,14.6981
7.1609,357,-2.0742,-3.0600,0.1215,-0.0000,-20.00,77.38,57.38,-17.9258,-60.0000,-0.531684,-0.398351,-0.133333,0.000000,0.000000,1724,14.6981
7.1810,358,-2.0742,-3.0600,0.1215,-0.1119,-20.00,77.38,57.38,-17.9258,-60.0000,-0.531187,-0.398351,-0.133333,0.000497,0.000000,1724,14.6981
7.2011,359,-2.0742,-3.0600,0.1215,-0.1119,-20.00,77.38,57.38,-17.9258,-60.0000,-0.531187,-0.398351,-0.133333,0.000497,0.000000,1724,14.6981
7.2214,360,-2.0719,-3.0600,0.1226,-0.1119,-20.00,77.38,57.38,-17.9281,-60.0000,-0.531239,-0.398403,-0.133333,0.000497,0.000000,1724,14.6957
7.2415,361,-2.0719,-3.0600,0.1226,-0.0000,-20.00,77.38,57.38,-17.9281,-60.0000,-0.531736,-0.398403,-0.133333,0.000000,0.000000,1724,14.6957
7.2616,362,-2.0719,-3.0600,0.1226,-0.0000,-20.00,77.38,57.38,-17.9281,-60.0000,-0.531736,-0.398403,-0.133333,0.000000,0.000000,1724,14.6957
7.2817,363,-2.0714,-3.0600,0.1253,0.1119,-20.00,77.38,57.38,-17.9286,-60.0000,-0.532245,-0.398414,-0.133333,-0.000497,0.000000,1724,14.6952
7.3018,364,-2.0714,-3.0600,0.1253,0.1119,-20.00,77.38,57.38,-17.9286,-60.0000,-0.532245,-0.398414,-0.133333,-0.000497,0.000000,1724,14.6952
7.3219,365,-2.0714,-3.0600,0.1253,0.1119,-20.00,77.38,57.38,-17.9286,-60.0000,-0.532245,-0.398414,-0.133333,-0.000497,0.000000,1724,14.6952
7.3420,366,-2.0714,-3.0600,0.1253,0.1119,-20.00,77.38,57.38,-17.9286,-60.0000,-0.532245,-0.398414,-0.133333,-0.000497,0.000000,1724,14.6952
7.3621,367,-2.0714,-3.0600,0.1253,0.1119,-20.00,77.38,57.38,-17.9286,-60.0000,-0.532245,-0.398414,-0.133333,-0.000497,0.000000,1724,14.6952
7.3822,368,-2.0714,-3.0600,0.1253,-0.1119,-20.00,77.38,57.38,-17.9286,-60.0000,-0.531250,-0.398414,-0.133333,0.000497,0.000000,1724,14.6952
7.4023,369,-2.0714,-3.0600,0.1253,-0.1119,-20.00,77.38,57.38,-17.9286,-60.0000,-0.531250,-0.398414,-0.133333,0.000497,0.000000,1724,14.6952
7.4224,370,-2.0812,-3.0600,0.1268,-0.1119,-20.00,77.38,57.38,-17.9188,-60.0000,-0.531031,-0.398195,-0.133333,0.000497,0.000000,1724,14.7051
7.4425,371,-2.0812,-3.0600,0.1268,0.1119,-20.00,77.38,57.38,-17.9188,-60.0000,-0.532026,-0.398195,-0.133333,-0.000497,0.000000,1724,14.7051
7.4626,372,-2.0812,-3.0600,0.1268,0.1119,-20.00,77.38,57.38,-17.9188,-60.0000,-0.532026,-0.398195,-0.133333,-0.000497,0.000000,1724,14.7051
7.4827,373,-2.0751,-3.0600,0.1266,0.2238,-20.00,77.38,57.38,-17.9249,-60.0000,-0.532658,-0.398330,-0.133333,-0.000995,0.000000,1724,14.699
7.5028,374,-2.0751,-3.0600,0.1266,0.2238,-20.00,77.38,57.38,-17.9249,-60.0000,-0.532658,-0.398330,-0.133333,-0.000995,0.000000,1724,14.699
7.5229,375,-2.0736,-3.0600,0.1368,0.2238,-20.00,77.38,57.38,-17.9264,-60.0000,-0.532693,-0.398365,-0.133333,-0.000995,0.000000,1724,14.6974
7.5431,376,-2.0736,-3.0600,0.1368,-0.0000,-20.00,77.38,57.38,-17.9264,-60.0000,-0.531699,-0.398365,-0.133333,0.000000,0.000000,1724,14.6974
7.5632,377,-2.0736,-3.0600,0.1368,-0.0000,-20.00,77.38,57.38,-17.9264,-60.0000,-0.531699,-0.398365,-0.133333,0.000000,0.000000,1724,14.6974
7.5833,378,-2.0712,-3.0600,0.1379,-0.0000,-20.00,77.38,57.38,-17.9288,-60.0000,-0.531751,-0.398417,-0.133333,0.000000,0.000000,1724,14.6951
7.6034,379,-2.0712,-3.0600,0.1379,-0.0000,-20.00,77.38,57.38,-17.9288,-60.0000,-0.531751,-0.398417,-0.133333,0.000000,0.000000,1724,14.6951
7.6235,380,-2.0712,-3.0600,0.1379,-0.0000,-20.00,77.38,57.38,-17.9288,-60.0000,-0.531751,-0.398417,-0.133333,0.000000,0.000000,1724,14.6951
7.6436,381,-2.0712,-3.0600,0.1379,-0.0000,-20.00,77.38,57.38,-17.9288,-60.0000,-0.531751,-0.398417,-0.133333,0.000000,0.000000,1724,14.6951
7.6637,382,-2.0712,-3.0600,0.1379,-0.0000,-20.00,77.38,57.38,-17.9288,-60.0000,-0.531751,-0.398417,-0.133333,0.000000,0.000000,1724,14.6951
7.6838,383,-2.0712,-3.0600,0.1379,-0.0000,-20.00,77.38,57.38,-17.9288,-60.0000,-0.531751,-0.398417,-0.133333,0.000000,0.000000,1724,14.6951
7.7039,384,-2.0712,-3.0600,0.1379,-0.0000,-20.00,77.38,57.38,-17.9288,-60.0000,-0.531751,-0.398417,-0.133333,0.000000,0.000000,1724,14.6951
7.7240,385,-2.0651,-3.0600,0.1376,-0.0000,-20.00,77.38,57.38,-17.9349,-60.0000,-0.531886,-0.398553,-0.133333,0.000000,0.000000,1724,14.689
7.7441,386,-2.0651,-3.0600,0.1376,-0.0000,-20.00,77.38,57.38,-17.9349,-60.0000,-0.531886,-0.398553,-0.133333,0.000000,0.000000,1724,14.689
7.7642,387,-2.0651,-3.0600,0.1376,-0.0000,-20.00,77.38,57.38,-17.9349,-60.0000,-0.531886,-0.398553,-0.133333,0.000000,0.000000,1724,14.689
7.7843,388,-2.0651,-3.0600,0.1376,-0.0000,-20.00,77.38,57.38,-17.9349,-60.0000,-0.531886,-0.398553,-0.133333,0.000000,0.000000,1724,14.689
7.8044,389,-2.0651,-3.0600,0.1376,-0.0000,-20.00,77.38,57.38,-17.9349,-60.0000,-0.531886,-0.398553,-0.133333,0.000000,0.000000,1724,14.689
7.8245,390,-2.0651,-3.0600,0.1376,-0.0000,-20.00,77.38,57.38,-17.9349,-60.0000,-0.531886,-0.398553,-0.133333,0.000000,0.000000,1724,14.689
7.8446,391,-2.0651,-3.0600,0.1376,-0.0000,-20.00,77.38,57.38,-17.9349,-60.0000,-0.531886,-0.398553,-0.133333,0.000000,0.000000,1724,14.689
7.8647,392,-2.0651,-3.0600,0.1376,-0.0000,-20.00,77.38,57.38,-17.9349,-60.0000,-0.531886,-0.398553,-0.133333,0.000000,0.000000,1724,14.689
7.8848,393,-2.0651,-3.0600,0.1376,-0.0000,-20.00,77.38,57.38,-17.9349,-60.0000,-0.531886,-0.398553,-0.133333,0.000000,0.000000,1724,14.689
7.9049,394,-2.0651,-3.0600,0.1376,-0.0000,-20.00,77.38,57.38,-17.9349,-60.0000,-0.531886,-0.398553,-0.133333,0.000000,0.000000,1724,14.689
7.9250,395,-2.0651,-3.0600,0.1376,-0.0000,-20.00,77.38,57.38,-17.9349,-60.0000,-0.531886,-0.398553,-0.133333,0.000000,0.000000,1724,14.689
7.9450,396,-2.0651,-3.0600,0.1376,-0.0000,-20.00,77.38,57.38,-17.9349,-60.0000,-0.531886,-0.398553,-0.133333,0.000000,0.000000,1724,14.689
7.9651,397,-2.0651,-3.0600,0.1376,-0.0000,-20.00,77.38,57.38,-17.9349,-60.0000,-0.531886,-0.398553,-0.133333,0.000000,0.000000,1724,14.689
7.9853,398,-2.0689,-3.0600,0.1389,-0.0000,-20.00,77.38,57.38,-17.9311,-60.0000,-0.531802,-0.398469,-0.133333,0.000000,0.000000,1724,14.6927
8.0054,399,-2.0689,-3.0600,0.1389,-0.0000,-20.00,77.38,57.38,-17.9311,-60.0000,-0.531802,-0.398469,-0.133333,0.000000,0.000000,1724,14.6927
8.0254,400,-2.0689,-3.0600,0.1389,-0.0000,-20.00,77.38,57.38,-17.9311,-60.0000,-0.531802,-0.398469,-0.133333,0.000000,0.000000,1724,14.6927
8.0455,401,-2.0689,-3.0600,0.1389,-0.0000,-20.00,77.38,57.38,-17.9311,-60.0000,-0.531802,-0.398469,-0.133333,0.000000,0.000000,1724,14.6927
8.0656,402,-2.0689,-3.0600,0.1389,-0.0000,-20.00,77.38,57.38,-17.9311,-60.0000,-0.531802,-0.398469,-0.133333,0.000000,0.000000,1724,14.6927
8.0857,403,-2.0689,-3.0600,0.1389,-0.0000,-20.00,77.38,57.38,-17.9311,-60.0000,-0.531802,-0.398469,-0.133333,0.000000,0.000000,1724,14.6927
8.1058,404,-2.0689,-3.0600,0.1389,-0.0000,-20.00,77.38,57.38,-17.9311,-60.0000,-0.531802,-0.398469,-0.133333,0.000000,0.000000,1724,14.6927
8.1259,405,-2.0689,-3.0600,0.1389,-0.0000,-20.00,77.38,57.38,-17.9311,-60.0000,-0.531802,-0.398469,-0.133333,0.000000,0.000000,1724,14.6927
8.1460,406,-2.0689,-3.0600,0.1389,-0.0000,-20.00,77.38,57.38,-17.9311,-60.0000,-0.531802,-0.398469,-0.133333,0.000000,0.000000,1724,14.6927
8.1661,407,-2.0689,-3.0600,0.1389,-0.0000,-20.00,77.38,57.38,-17.9311,-60.0000,-0.531802,-0.398469,-0.133333,0.000000,0.000000,1724,14.6927
8.1862,408,-2.0689,-3.0600,0.1389,-0.0000,-20.00,77.38,57.38,-17.9311,-60.0000,-0.531802,-0.398469,-0.133333,0.000000,0.000000,1724,14.6927
8.2063,409,-2.0689,-3.0600,0.1389,-0.0000,-20.00,77.38,57.38,-17.9311,-60.0000,-0.531802,-0.398469,-0.133333,0.000000,0.000000,1724,14.6927
8.2264,410,-2.0689,-3.0600,0.1389,-0.0000,-20.00,77.38,57.38,-17.9311,-60.0000,-0.531802,-0.398469,-0.133333,0.000000,0.000000,1724,14.6927
8.2465,411,-2.0689,-3.0600,0.1389,-0.0000,-20.00,77.38,57.38,-17.9311,-60.0000,-0.531802,-0.398469,-0.133333,0.000000,0.000000,1724,14.6927
8.2666,412,-2.0689,-3.0600,0.1389,-0.0000,-20.00,77.38,57.38,-17.9311,-60.0000,-0.531802,-0.398469,-0.133333,0.000000,0.000000,1724,14.6927
8.2867,413,-2.0689,-3.0600,0.1389,-0.0000,-20.00,77.38,57.38,-17.9311,-60.0000,-0.531802,-0.398469,-0.133333,0.000000,0.000000,1724,14.6927
8.3068,414,-2.0689,-3.0600,0.1389,-0.0000,-20.00,77.38,57.38,-17.9311,-60.0000,-0.531802,-0.398469,-0.133333,0.000000,0.000000,1724,14.6927
8.3269,415,-2.0689,-3.0600,0.1389,-0.0000,-20.00,77.38,57.38,-17.9311,-60.0000,-0.531802,-0.398469,-0.133333,0.000000,0.000000,1724,14.6927
8.3470,416,-2.0689,-3.0600,0.1389,-0.0000,-20.00,77.38,57.38,-17.9311,-60.0000,-0.531802,-0.398469,-0.133333,0.000000,0.000000,1724,14.6927
