t_s,iteration,psi_imu_deg,psi_enc_deg,phi_yaw_deg,psi_dot_dps,setpoint_deg,rest_angle_deg,phys_angle_deg,error_deg,u_norm,u_p,u_d,u_g,pwm_us,pitch_raw_deg
0.0000,1,0.0158,-0.0000,-0.0025,-0.0000,-20.00,81.31,61.31,-20.0158,-0.444796,-0.444796,0.000000,0.000000,1691,8.6739
0.0201,2,0.0158,-0.0000,-0.0025,-0.0000,-20.00,81.31,61.31,-20.0158,-0.444796,-0.444796,0.000000,0.000000,1691,8.6739
0.0402,3,0.0158,-0.0000,-0.0025,-0.0000,-20.00,81.31,61.31,-20.0158,-0.444796,-0.444796,0.000000,0.000000,1691,8.6739
0.0603,4,0.0158,-0.0000,-0.0025,-0.0000,-20.00,81.31,61.31,-20.0158,-0.444796,-0.444796,0.000000,0.000000,1691,8.6739
0.0804,5,0.0158,-0.0000,-0.0025,-0.0000,-20.00,81.31,61.31,-20.0158,-0.444796,-0.444796,0.000000,0.000000,1691,8.6739
0.1005,6,0.0158,-0.0000,-0.0025,-0.0000,-20.00,81.31,61.31,-20.0158,-0.444796,-0.444796,0.000000,0.000000,1691,8.6739
0.1206,7,0.0158,-0.0000,-0.0025,-0.0000,-20.00,81.31,61.31,-20.0158,-0.444796,-0.444796,0.000000,0.000000,1691,8.6739
0.1407,8,0.0158,-0.0000,-0.0025,0.1119,-20.00,81.31,61.31,-20.0158,-0.445169,-0.444796,-0.000373,0.000000,1691,8.6739
0.1608,9,0.0158,-0.0000,-0.0025,0.1119,-20.00,81.31,61.31,-20.0158,-0.445169,-0.444796,-0.000373,0.000000,1691,8.6739
0.1809,10,0.0228,-0.0000,-0.0091,0.4476,-20.00,81.31,61.31,-20.0228,-0.446444,-0.444952,-0.001492,0.000000,1692,8.6668
0.2010,11,0.0228,-0.0000,-0.0091,0.4476,-20.00,81.31,61.31,-20.0228,-0.446444,-0.444952,-0.001492,0.000000,1692,8.6668
0.2211,12,0.0228,-0.0000,-0.0091,0.2238,-20.00,81.31,61.31,-20.0228,-0.445698,-0.444952,-0.000746,0.000000,1692,8.6668
0.2412,13,0.0228,-0.0000,-0.0091,0.2238,-20.00,81.31,61.31,-20.0228,-0.445698,-0.444952,-0.000746,0.000000,1692,8.6668
0.2613,14,0.0228,-0.0000,-0.0091,0.2238,-20.00,81.31,61.31,-20.0228,-0.445698,-0.444952,-0.000746,0.000000,1692,8.6668
0.2814,15,0.0299,-0.0000,-0.0167,0.3357,-20.00,81.31,61.31,-20.0299,-0.446227,-0.445108,-0.001119,0.000000,1692,8.6598
0.3015,16,0.0299,-0.0000,-0.0167,0.3357,-20.00,81.31,61.31,-20.0299,-0.446227,-0.445108,-0.001119,0.000000,1692,8.6598
0.3216,17,0.0369,-0.0000,-0.0233,-0.2238,-20.00,81.31,61.31,-20.0369,-0.444518,-0.445264,0.000746,0.000000,1691,8.6528
0.3417,18,0.0369,-0.0000,-0.0233,-0.2238,-20.00,81.31,61.31,-20.0369,-0.444518,-0.445264,0.000746,0.000000,1691,8.6528
0.3618,19,0.0369,-0.0000,-0.0233,-0.2238,-20.00,81.31,61.31,-20.0369,-0.444518,-0.445264,0.000746,0.000000,1691,8.6528
0.3819,20,0.0439,-0.0000,-0.0239,0.1119,-20.00,81.31,61.31,-20.0439,-0.445793,-0.445420,-0.000373,0.000000,1692,8.6458
0.4020,21,0.0439,-0.0000,-0.0239,0.1119,-20.00,81.31,61.31,-20.0439,-0.445793,-0.445420,-0.000373,0.000000,1692,8.6458
0.4221,22,0.0299,-0.0000,-0.0178,-1.6786,-20.00,81.31,61.31,-20.0299,-0.439513,-0.445108,0.005595,0.000000,1689,8.6598
0.4422,23,0.0299,-0.0000,-0.0178,-1.6786,-20.00,81.31,61.31,-20.0299,-0.439513,-0.445108,0.005595,0.000000,1689,8.6598
0.4623,24,0.0299,-0.0000,-0.0178,-1.6786,-20.00,81.31,61.31,-20.0299,-0.439513,-0.445108,0.005595,0.000000,1689,8.7021
0.4824,25,-0.0124,-0.1800,-0.0121,-0.5595,-20.00,81.31,61.31,-19.9876,-0.442303,-0.444168,0.001865,0.000000,1690,8.7021
0.5025,26,-0.0124,-0.1800,-0.0121,-0.5595,-20.00,81.31,61.31,-19.9876,-0.442303,-0.444168,0.001865,0.000000,1690,8.7021
0.5226,27,-0.0472,-0.1800,-0.0195,-0.8952,-20.00,81.31,61.31,-19.9528,-0.440411,-0.443395,0.002984,0.000000,1690,8.7369
0.5429,28,-0.0472,-0.1800,-0.0195,-0.8952,-20.00,81.31,61.31,-19.9528,-0.440411,-0.443395,0.002984,0.000000,1690,8.7369
0.5630,29,-0.0825,-0.1800,-0.0209,-0.8952,-20.00,81.31,61.31,-19.9175,-0.439627,-0.442611,0.002984,0.000000,1689,8.7722
0.5831,30,-0.0825,-0.1800,-0.0209,-0.5595,-20.00,81.31,61.31,-19.9175,-0.440746,-0.442611,0.001865,0.000000,1690,8.7722
0.6032,31,-0.0825,-0.1800,-0.0209,-0.5595,-20.00,81.31,61.31,-19.9175,-0.440746,-0.442611,0.001865,0.000000,1690,8.7722
0.6233,32,-0.0895,-0.1800,-0.0219,0.2238,-20.00,81.31,61.31,-19.9105,-0.443200,-0.442454,-0.000746,0.000000,1691,8.7792
0.6433,33,-0.0895,-0.1800,-0.0219,0.2238,-20.00,81.31,61.31,-19.9105,-0.443200,-0.442454,-0.000746,0.000000,1691,8.7792
0.6634,34,-0.0613,-0.1800,-0.0242,0.2238,-20.00,81.31,61.31,-19.9387,-0.443828,-0.443082,-0.000746,0.000000,1691,8.751
0.6835,35,-0.0613,-0.1800,-0.0242,0.8952,-20.00,81.31,61.31,-19.9387,-0.446066,-0.443082,-0.002984,0.000000,1692,8.751
0.7036,36,-0.0613,-0.1800,-0.0242,0.8952,-20.00,81.31,61.31,-19.9387,-0.446066,-0.443082,-0.002984,0.000000,1692,8.751
0.7237,37,-0.0055,-0.0000,-0.0332,1.0072,-20.00,81.31,61.31,-19.9945,-0.447680,-0.444323,-0.003357,0.000000,1692,8.6951
0.7438,38,-0.0055,-0.0000,-0.0332,1.0072,-20.00,81.31,61.31,-19.9945,-0.447680,-0.444323,-0.003357,0.000000,1692,8.6951
0.7639,39,0.0369,-0.0000,-0.0345,1.0072,-20.00,81.31,61.31,-20.0369,-0.448621,-0.445264,-0.003357,0.000000,1693,8.6528
0.7840,40,0.0369,-0.0000,-0.0345,1.1191,-20.00,81.31,61.31,-20.0369,-0.448994,-0.445264,-0.003730,0.000000,1693,8.6528
0.8041,41,0.0369,-0.0000,-0.0345,1.1191,-20.00,81.31,61.31,-20.0369,-0.448994,-0.445264,-0.003730,0.000000,1693,8.6528
0.8242,42,0.0651,-0.0000,-0.0352,-0.3357,-20.00,81.31,61.31,-20.0651,-0.444772,-0.445891,0.001119,0.000000,1691,8.6246
0.8443,43,0.0651,-0.0000,-0.0352,-0.3357,-20.00,81.31,61.31,-20.0651,-0.444772,-0.445891,0.001119,0.000000,1691,8.6246
0.8644,44,0.0087,-0.1800,-0.0289,-0.3357,-20.00,81.31,61.31,-20.0087,-0.443518,-0.444638,0.001119,0.000000,1691,8.681
0.8845,45,0.0087,-0.1800,-0.0289,-3.6929,-20.00,81.31,61.31,-20.0087,-0.432328,-0.444638,0.012310,0.000000,1687,8.681
0.9046,46,0.0087,-0.3600,-0.0289,-3.6929,-20.00,81.31,61.31,-20.0087,-0.432328,-0.444638,0.012310,0.000000,1687,8.681
0.9247,47,-0.2648,-0.7200,-0.0162,-11.0787,-20.00,81.31,61.31,-19.7352,-0.401630,-0.438559,0.036929,0.000000,1675,8.9545
0.9448,48,-0.2648,-0.9000,-0.0162,-11.0787,-20.00,81.31,61.31,-19.7352,-0.401630,-0.438559,0.036929,0.000000,1675,8.9545
0.9649,49,-0.9807,-1.2600,0.0137,-11.0787,-20.00,81.31,61.31,-19.0193,-0.385723,-0.422652,0.036929,0.000000,1669,9.6703
0.9850,50,-0.9807,-1.8000,0.0137,-20.4788,-20.00,81.31,61.31,-19.0193,-0.354390,-0.422652,0.068263,0.000000,1657,9.6703
1.0051,51,-0.9807,-2.3400,0.0137,-20.4788,-20.00,81.31,61.31,-19.0193,-0.354390,-0.422652,0.068263,0.000000,1657,9.6703
1.0252,52,-2.2796,-3.2400,0.0446,-35.4741,-20.00,81.31,61.31,-17.7204,-0.275540,-0.393788,0.118247,0.000000,1628,10.9692
1.0454,53,-2.2796,-3.9600,0.0446,-35.4741,-20.00,81.31,61.31,-17.7204,-0.275540,-0.393788,0.118247,0.000000,1628,10.9692
1.0655,54,-4.2765,-5.0400,0.0797,-35.4741,-20.00,81.31,61.31,-15.7235,-0.231164,-0.349411,0.118247,0.000000,1611,12.9662
1.0856,55,-4.2765,-6.1200,0.0797,-50.8052,-20.00,81.31,61.31,-15.7235,-0.180060,-0.349411,0.169351,0.000000,1592,12.9662
1.1057,56,-4.2765,-7.2000,0.0797,-50.8052,-20.00,81.31,61.31,-15.7235,-0.180060,-0.349411,0.169351,0.000000,1592,12.9662
1.1260,57,-7.0041,-8.6400,0.1178,-62.6673,-20.00,81.31,61.31,-12.9959,-0.079906,-0.288797,0.208891,0.000000,1554,15.6938
1.1462,58,-7.0041,-9.7200,0.1178,-62.6673,-20.00,81.31,61.31,-12.9959,-0.079906,-0.288797,0.208891,0.000000,1554,15.6938
1.1663,59,-10.2524,-11.3400,0.1732,-62.6673,-20.00,81.31,61.31,-9.7476,-0.007723,-0.216614,0.208891,0.000000,1527,18.9421
1.1864,60,-10.2524,-12.7800,0.1732,-70.3888,-20.00,81.31,61.31,-9.7476,0.018016,-0.216614,0.234629,0.000000,1468,18.9421
1.2065,61,-10.2524,-14.0400,0.1732,-70.3888,-20.00,81.31,61.31,-9.7476,0.018016,-0.216614,0.234629,0.000000,1468,18.9421
1.2266,62,-13.7992,-15.8400,0.2312,-71.6197,-20.00,81.31,61.31,-6.2008,0.100937,-0.137796,0.238732,0.000000,1437,22.4889
1.2468,63,-13.7992,-16.9200,0.2312,-71.6197,-20.00,81.31,61.31,-6.2008,0.100937,-0.137796,0.238732,0.000000,1437,22.4889
1.2669,64,-17.3334,-18.3600,0.2818,-71.6197,-20.00,81.31,61.31,-2.6666,0.179474,-0.059258,0.238732,0.000000,1407,26.0231
1.2869,65,-17.3334,-19.8000,0.2818,-67.2554,-20.00,81.31,61.31,-2.6666,0.164927,-0.059258,0.224185,0.000000,1413,26.0231
1.3070,66,-17.3334,-20.8800,0.2818,-67.2554,-20.00,81.31,61.31,-2.6666,0.164927,-0.059258,0.224185,0.000000,1413,26.0231
1.3271,67,-20.6107,-22.3200,0.3345,-61.1006,-20.00,81.31,61.31,0.6107,0.217240,0.013572,0.203669,0.000000,1393,29.3004
1.3472,68,-20.6107,-23.2200,0.3345,-61.1006,-20.00,81.31,61.31,0.6107,0.217240,0.013572,0.203669,0.000000,1393,29.3004
1.3673,69,-23.5632,-24.3000,0.3794,-61.1006,-20.00,81.31,61.31,3.5632,0.282851,0.079182,0.203669,0.000000,1368,32.2529
1.3874,70,-23.5632,-25.3800,0.3794,-54.7219,-20.00,81.31,61.31,3.5632,0.261589,0.079182,0.182406,0.000000,1376,32.2529
1.4075,71,-23.5632,-26.2800,0.3794,-54.7219,-20.00,81.31,61.31,3.5632,0.261589,0.079182,0.182406,0.000000,1376,32.2529
1.4275,72,-26.1565,-27.3600,0.4156,-45.8814,-20.00,81.31,61.31,6.1565,0.289749,0.136811,0.152938,0.000000,1366,34.8462
1.4476,73,-26.1565,-28.0800,0.4156,-45.8814,-20.00,81.31,61.31,6.1565,0.289749,0.136811,0.152938,0.000000,1366,34.8462
1.4677,74,-28.4076,-28.9800,0.4255,-45.8814,-20.00,81.31,61.31,8.4076,0.339774,0.186836,0.152938,0.000000,1347,37.0973
1.4878,75,-28.4076,-29.7000,0.4255,-39.8385,-20.00,81.31,61.31,8.4076,0.319631,0.186836,0.132795,0.000000,1355,37.0973
1.5079,76,-28.4076,-30.2400,0.4255,-39.8385,-20.00,81.31,61.31,8.4076,0.319631,0.186836,0.132795,0.000000,1355,37.0973
1.5279,77,-30.2405,-30.9600,0.4605,-30.1027,-20.00,81.31,61.31,10.2405,0.327909,0.227567,0.100342,0.000000,1352,38.9302
1.5480,78,-30.2405,-31.3200,0.4605,-30.1027,-20.00,81.31,61.31,10.2405,0.327909,0.227567,0.100342,0.000000,1352,38.9302
1.5681,79,-31.6092,-31.8600,0.4893,-30.1027,-20.00,81.31,61.31,11.6092,0.358324,0.257982,0.100342,0.000000,1340,40.2989
1.5882,80,-31.6092,-32.2200,0.4893,-20.7026,-20.00,81.31,61.31,11.6092,0.326990,0.257982,0.069009,0.000000,1352,40.2989
1.6082,81,-31.6092,-32.4000,0.4893,-20.7026,-20.00,81.31,61.31,11.6092,0.326990,0.257982,0.069009,0.000000,1352,40.2989
1.6283,82,-32.5063,-32.7600,0.512,-11.3025,-20.00,81.31,61.31,12.5063,0.315592,0.277918,0.037675,0.000000,1356,41.196
1.6484,83,-32.5063,-32.7600,0.512,-11.3025,-20.00,81.31,61.31,12.5063,0.315592,0.277918,0.037675,0.000000,1356,41.196
1.6685,84,-32.9311,-32.7600,0.5062,-11.3025,-20.00,81.31,61.31,12.9311,0.325032,0.287357,0.037675,0.000000,1353,41.6208
1.6886,85,-32.9311,-32.7600,0.5062,-1.9024,-20.00,81.31,61.31,12.9311,0.293698,0.287357,0.006341,0.000000,1364,41.6208
1.7086,86,-32.9311,-32.7600,0.5062,-1.9024,-20.00,81.31,61.31,12.9311,0.293698,0.287357,0.006341,0.000000,1364,41.6208
1.7287,87,-32.8940,-32.5800,0.5025,7.2739,-20.00,81.31,61.31,12.8940,0.262288,0.286534,-0.024246,0.000000,1376,41.5837
1.7488,88,-32.8940,-32.4000,0.5025,7.2739,-20.00,81.31,61.31,12.8940,0.262288,0.286534,-0.024246,0.000000,1376,41.5837
1.7689,89,-32.4239,-32.0400,0.4862,7.2739,-20.00,81.31,61.31,12.4239,0.251839,0.276086,-0.024246,0.000000,1380,41.1135
1.7890,90,-32.4239,-31.6800,0.4862,13.7644,-20.00,81.31,61.31,12.4239,0.230204,0.276086,-0.045881,0.000000,1388,41.1135
1.8090,91,-32.4239,-31.3200,0.4862,13.7644,-20.00,81.31,61.31,12.4239,0.230204,0.276086,-0.045881,0.000000,1388,41.1135
1.8291,92,-31.6094,-30.7800,0.4727,21.8216,-20.00,81.31,61.31,11.6094,0.185248,0.257987,-0.072739,0.000000,1405,40.2991
1.8492,93,-31.6094,-30.4200,0.4727,21.8216,-20.00,81.31,61.31,11.6094,0.185248,0.257987,-0.072739,0.000000,1405,40.2991
1.8693,94,-30.4653,-29.8800,0.4548,21.8216,-20.00,81.31,61.31,10.4653,0.159824,0.232562,-0.072739,0.000000,1415,39.155
1.8894,95,-30.4653,-29.3400,0.4548,26.4098,-20.00,81.31,61.31,10.4653,0.144530,0.232562,-0.088033,0.000000,1420,39.155
1.9095,96,-30.4653,-28.8000,0.4548,26.4098,-20.00,81.31,61.31,10.4653,0.144530,0.232562,-0.088033,0.000000,1420,39.155
1.9295,97,-29.0433,-27.9000,0.4271,32.1170,-20.00,81.31,61.31,9.0433,0.093906,0.200962,-0.107057,0.000000,1439,37.733
1.9496,98,-29.0433,-27.3600,0.4271,32.1170,-20.00,81.31,61.31,9.0433,0.093906,0.200962,-0.107057,0.000000,1439,37.733
1.9697,99,-27.3759,-26.6400,0.3989,32.1170,-20.00,81.31,61.31,7.3759,0.056853,0.163909,-0.107057,0.000000,1453,36.0656
1.9898,100,-27.3759,-25.7400,0.3989,37.1527,-20.00,81.31,61.31,7.3759,0.040067,0.163909,-0.123842,0.000000,1459,36.0656
2.0099,101,-27.3759,-25.0200,0.3989,37.1527,-20.00,81.31,61.31,7.3759,0.040067,0.163909,-0.123842,0.000000,1459,36.0656
2.0299,102,-25.4680,-24.1200,0.365,41.4052,-20.00,81.31,61.31,5.4680,-0.016506,0.121511,-0.138017,0.000000,1531,34.1577
2.0500,103,-25.4680,-23.4000,0.365,41.4052,-20.00,81.31,61.31,5.4680,-0.016506,0.121511,-0.138017,0.000000,1531,34.1577
2.0701,104,-23.3540,-22.3200,0.3313,45.3219,-20.00,81.31,61.31,3.3540,-0.076540,0.074533,-0.151073,0.000000,1553,32.0437
2.0902,105,-23.3540,-21.6000,0.3313,45.3219,-20.00,81.31,61.31,3.3540,-0.076540,0.074533,-0.151073,0.000000,1553,32.0437
2.1102,106,-23.3540,-20.5200,0.3313,45.3219,-20.00,81.31,61.31,3.3540,-0.076540,0.074533,-0.151073,0.000000,1553,32.0437
2.1303,107,-21.0447,-19.4400,0.2882,48.3433,-20.00,81.31,61.31,1.0447,-0.137929,0.023215,-0.161144,0.000000,1576,29.7344
2.1504,108,-21.0447,-18.5400,0.2882,48.3433,-20.00,81.31,61.31,1.0447,-0.137929,0.023215,-0.161144,0.000000,1576,29.7344
2.1705,109,-18.5695,-17.4600,0.256,51.4767,-20.00,81.31,61.31,-1.4305,-0.203379,-0.031790,-0.171589,0.000000,1601,27.2591
2.1905,110,-18.5695,-16.5600,0.256,51.4767,-20.00,81.31,61.31,-1.4305,-0.203379,-0.031790,-0.171589,0.000000,1601,27.2591
2.2106,111,-18.5695,-15.4800,0.256,51.4767,-20.00,81.31,61.31,-1.4305,-0.203379,-0.031790,-0.171589,0.000000,1601,27.2591
2.2307,112,-15.9722,-14.2200,0.2187,52.3719,-20.00,81.31,61.31,-4.0278,-0.264080,-0.089507,-0.174573,0.000000,1624,24.6619
2.2508,113,-15.9722,-13.3200,0.2187,52.3719,-20.00,81.31,61.31,-4.0278,-0.264080,-0.089507,-0.174573,0.000000,1624,24.6619
2.2708,114,-13.3439,-12.2400,0.1809,51.9243,-20.00,81.31,61.31,-6.6561,-0.320993,-0.147912,-0.173081,0.000000,1645,22.0336
2.2909,115,-13.3439,-11.3400,0.1809,51.9243,-20.00,81.31,61.31,-6.6561,-0.320993,-0.147912,-0.173081,0.000000,1645,22.0336
2.3110,116,-13.3439,-10.2600,0.1809,51.9243,-20.00,81.31,61.31,-6.6561,-0.320993,-0.147912,-0.173081,0.000000,1645,22.0336
2.3311,117,-10.7916,-9.3600,0.147,47.6719,-20.00,81.31,61.31,-9.2084,-0.363538,-0.204631,-0.158906,0.000000,1661,19.4813
2.3511,118,-10.7916,-8.4600,0.147,47.6719,-20.00,81.31,61.31,-9.2084,-0.363538,-0.204631,-0.158906,0.000000,1661,19.4813
2.3712,119,-8.5599,-7.5600,0.1316,39.2789,-20.00,81.31,61.31,-11.4401,-0.385155,-0.254225,-0.130930,0.000000,1669,17.2496
2.3913,120,-8.5599,-7.0200,0.1316,39.2789,-20.00,81.31,61.31,-11.4401,-0.385155,-0.254225,-0.130930,0.000000,1669,17.2496
2.4114,121,-8.5599,-6.4800,0.1316,39.2789,-20.00,81.31,61.31,-11.4401,-0.385155,-0.254225,-0.130930,0.000000,1669,15.5387
2.4314,122,-6.8490,-6.1200,0.0998,25.0669,-20.00,81.31,61.31,-13.1510,-0.375801,-0.292245,-0.083556,0.000000,1665,15.5387
2.4515,123,-6.8490,-5.9400,0.0998,25.0669,-20.00,81.31,61.31,-13.1510,-0.375801,-0.292245,-0.083556,0.000000,1665,15.5387
2.4716,124,-5.9532,-5.7600,0.0757,3.5810,-20.00,81.31,61.31,-14.0468,-0.324087,-0.312151,-0.011937,0.000000,1646,14.6429
2.4917,125,-5.9532,-5.9400,0.0757,3.5810,-20.00,81.31,61.31,-14.0468,-0.324087,-0.312151,-0.011937,0.000000,1646,14.6429
2.5118,126,-5.9532,-6.1200,0.0823,3.5810,-20.00,81.31,61.31,-14.0468,-0.324087,-0.312151,-0.011937,0.000000,1646,14.7701
2.5318,127,-6.0804,-6.4800,0.0823,-15.6668,-20.00,81.31,61.31,-13.9196,-0.257101,-0.309323,0.052223,0.000000,1621,14.7701
2.5519,128,-6.0804,-7.0200,0.0823,-15.6668,-20.00,81.31,61.31,-13.9196,-0.257101,-0.309323,0.052223,0.000000,1621,14.7701
2.5720,129,-7.1319,-7.7400,0.0924,-31.2217,-20.00,81.31,61.31,-12.8681,-0.181885,-0.285957,0.104072,0.000000,1593,15.8216
2.5921,130,-7.1319,-8.4600,0.0924,-31.2217,-20.00,81.31,61.31,-12.8681,-0.181885,-0.285957,0.104072,0.000000,1593,15.8216
2.6121,131,-8.9351,-9.1800,0.1121,-31.2217,-20.00,81.31,61.31,-11.0649,-0.141814,-0.245887,0.104072,0.000000,1578,17.6248
2.6322,132,-8.9351,-10.2600,0.1121,-43.8671,-20.00,81.31,61.31,-11.0649,-0.099663,-0.245887,0.146224,0.000000,1562,17.6248
2.6523,133,-8.9351,-11.1600,0.1121,-43.8671,-20.00,81.31,61.31,-11.0649,-0.099663,-0.245887,0.146224,0.000000,1562,17.6248
2.6724,134,-11.2875,-12.4200,0.1387,-51.4767,-20.00,81.31,61.31,-8.7125,-0.022022,-0.193611,0.171589,0.000000,1533,19.9772
2.6924,135,-11.2875,-13.3200,0.1387,-51.4767,-20.00,81.31,61.31,-8.7125,-0.022022,-0.193611,0.171589,0.000000,1533,19.9772
2.7125,136,-13.9362,-14.4000,0.1681,-51.4767,-20.00,81.31,61.31,-6.0638,0.036839,-0.134750,0.171589,0.000000,1461,22.6259
2.7326,137,-13.9362,-15.4800,0.1681,-54.3862,-20.00,81.31,61.31,-6.0638,0.046537,-0.134750,0.181287,0.000000,1457,22.6259
2.7526,138,-13.9362,-16.3800,0.1681,-54.3862,-20.00,81.31,61.31,-6.0638,0.046537,-0.134750,0.181287,0.000000,1457,22.6259
2.7728,139,-16.6320,-17.6400,0.1969,-52.2600,-20.00,81.31,61.31,-3.3680,0.099355,-0.074845,0.174200,0.000000,1437,25.3217
2.7928,140,-16.6320,-18.5400,0.1969,-52.2600,-20.00,81.31,61.31,-3.3680,0.099355,-0.074845,0.174200,0.000000,1437,25.3217
2.8129,141,-19.1544,-19.6200,0.2259,-52.2600,-20.00,81.31,61.31,-0.8456,0.155410,-0.018790,0.174200,0.000000,1416,27.8441
2.8330,142,-19.1544,-20.3400,0.2259,-46.7766,-20.00,81.31,61.31,-0.8456,0.137132,-0.018790,0.155922,0.000000,1423,27.8441
2.8530,143,-19.1544,-21.2400,0.2259,-46.7766,-20.00,81.31,61.31,-0.8456,0.137132,-0.018790,0.155922,0.000000,1423,27.8441
2.8731,144,-21.4288,-22.1400,0.2624,-40.6218,-20.00,81.31,61.31,1.4288,0.167157,0.031751,0.135406,0.000000,1412,30.1185
2.8932,145,-21.4288,-22.6800,0.2624,-40.6218,-20.00,81.31,61.31,1.4288,0.167157,0.031751,0.135406,0.000000,1412,30.1185
2.9133,146,-23.3813,-23.4000,0.2849,-40.6218,-20.00,81.31,61.31,3.3813,0.210546,0.075140,0.135406,0.000000,1396,32.071
2.9333,147,-23.3813,-24.1200,0.2849,-34.1313,-20.00,81.31,61.31,3.3813,0.188910,0.075140,0.113771,0.000000,1404,32.071
2.9534,148,-23.3813,-24.6600,0.2849,-34.1313,-20.00,81.31,61.31,3.3813,0.188910,0.075140,0.113771,0.000000,1404,32.071
2.9735,149,-24.9796,-25.3800,0.3065,-26.8574,-20.00,81.31,61.31,4.9796,0.200183,0.110659,0.089525,0.000000,1399,33.6693
2.9935,150,-24.9796,-25.7400,0.3065,-26.8574,-20.00,81.31,61.31,4.9796,0.200183,0.110659,0.089525,0.000000,1399,33.6693
3.0136,151,-26.2088,-26.1000,0.313,-26.8574,-20.00,81.31,61.31,6.2088,0.227499,0.137974,0.089525,0.000000,1389,34.8985
3.0337,152,-26.2088,-26.4600,0.313,-18.4645,-20.00,81.31,61.31,6.2088,0.199522,0.137974,0.061548,0.000000,1400,34.8985
3.0538,153,-26.2088,-26.6400,0.313,-18.4645,-20.00,81.31,61.31,6.2088,0.199522,0.137974,0.061548,0.000000,1400,34.8985
3.0738,154,-27.0683,-27.0000,0.3315,-11.7501,-20.00,81.31,61.31,7.0683,0.196241,0.157074,0.039167,0.000000,1401,35.758
3.0939,155,-27.0683,-27.1800,0.3315,-11.7501,-20.00,81.31,61.31,7.0683,0.196241,0.157074,0.039167,0.000000,1401,35.758
3.1140,156,-27.5384,-27.1800,0.3451,-11.7501,-20.00,81.31,61.31,7.5384,0.206686,0.167519,0.039167,0.000000,1397,36.2281
3.1341,157,-27.5384,-27.1800,0.3451,-4.0286,-20.00,81.31,61.31,7.5384,0.180948,0.167519,0.013429,0.000000,1407,36.2281
3.1541,158,-27.5384,-27.1800,0.3451,-4.0286,-20.00,81.31,61.31,7.5384,0.180948,0.167519,0.013429,0.000000,1407,36.2281
3.1742,159,-27.6045,-27.0000,0.3455,4.2524,-20.00,81.31,61.31,7.6045,0.154813,0.168988,-0.014175,0.000000,1416,36.2941
3.1943,160,-27.6045,-26.8200,0.3455,4.2524,-20.00,81.31,61.31,7.6045,0.154813,0.168988,-0.014175,0.000000,1416,36.2941
3.2144,161,-27.2880,-26.6400,0.3519,4.2524,-20.00,81.31,61.31,7.2880,0.147782,0.161956,-0.014175,0.000000,1419,35.9777
3.2344,162,-27.2880,-26.4600,0.3519,11.0787,-20.00,81.31,61.31,7.2880,0.125027,0.161956,-0.036929,0.000000,1428,35.9777
3.2545,163,-27.2880,-26.1000,0.3519,11.0787,-20.00,81.31,61.31,7.2880,0.125027,0.161956,-0.036929,0.000000,1428,35.9777
3.2746,164,-26.6626,-25.7400,0.34,16.6740,-20.00,81.31,61.31,6.6626,0.092479,0.148059,-0.055580,0.000000,1440,35.3523
3.2946,165,-26.6626,-25.3800,0.34,16.6740,-20.00,81.31,61.31,6.6626,0.092479,0.148059,-0.055580,0.000000,1440,35.3523
3.3147,166,-25.7617,-25.0200,0.3374,16.6740,-20.00,81.31,61.31,5.7617,0.072458,0.128038,-0.055580,0.000000,1447,34.4514
3.3349,167,-25.7617,-24.4800,0.3374,22.0454,-20.00,81.31,61.31,5.7617,0.054553,0.128038,-0.073485,0.000000,1454,34.4514
3.3549,168,-25.7617,-24.1200,0.3374,22.0454,-20.00,81.31,61.31,5.7617,0.054553,0.128038,-0.073485,0.000000,1454,34.4514
3.3750,169,-24.6143,-23.4000,0.3255,26.6336,-20.00,81.31,61.31,4.6143,0.013761,0.102540,-0.088779,0.000000,1469,33.304
3.3951,170,-24.6143,-23.0400,0.3255,26.6336,-20.00,81.31,61.31,4.6143,0.013761,0.102540,-0.088779,0.000000,1469,33.304
3.4151,171,-23.2442,-22.3200,0.3047,26.6336,-20.00,81.31,61.31,3.2442,-0.016685,0.072094,-0.088779,0.000000,1531,31.9339
3.4352,172,-23.2442,-21.6000,0.3047,30.6622,-20.00,81.31,61.31,3.2442,-0.030113,0.072094,-0.102207,0.000000,1536,31.9339
3.4553,173,-23.2442,-21.0600,0.3047,30.6622,-20.00,81.31,61.31,3.2442,-0.030113,0.072094,-0.102207,0.000000,1536,31.9339
3.4754,174,-21.6619,-20.1600,0.2755,34.6908,-20.00,81.31,61.31,1.6619,-0.078704,0.036932,-0.115636,0.000000,1554,30.3516
3.4954,175,-21.6619,-19.6200,0.2755,34.6908,-20.00,81.31,61.31,1.6619,-0.078704,0.036932,-0.115636,0.000000,1554,30.3516
3.5155,176,-19.8892,-18.9000,0.2559,34.6908,-20.00,81.31,61.31,-0.1108,-0.118098,-0.002462,-0.115636,0.000000,1569,28.5789
3.5356,177,-19.8892,-18.0000,0.2559,38.0480,-20.00,81.31,61.31,-0.1108,-0.129288,-0.002462,-0.126827,0.000000,1573,28.5789
3.5557,178,-19.8892,-17.2800,0.2559,38.0480,-20.00,81.31,61.31,-0.1108,-0.129288,-0.002462,-0.126827,0.000000,1573,28.5789
3.5757,179,-17.9727,-16.3800,0.236,40.3980,-20.00,81.31,61.31,-2.0273,-0.179711,-0.045051,-0.134660,0.000000,1592,26.6624
3.5958,180,-17.9727,-15.6600,0.236,40.3980,-20.00,81.31,61.31,-2.0273,-0.179711,-0.045051,-0.134660,0.000000,1592,26.6624
3.6159,181,-15.9362,-14.7600,0.2042,40.3980,-20.00,81.31,61.31,-4.0638,-0.224966,-0.090306,-0.134660,0.000000,1609,24.6259
3.6360,182,-15.9362,-14.0400,0.2042,41.0694,-20.00,81.31,61.31,-4.0638,-0.227204,-0.090306,-0.136898,0.000000,1610,24.6259
3.6560,183,-15.9362,-13.3200,0.2042,41.0694,-20.00,81.31,61.31,-4.0638,-0.227204,-0.090306,-0.136898,0.000000,1610,24.6259
3.6761,184,-13.8857,-12.2400,0.1693,39.5028,-20.00,81.31,61.31,-6.1143,-0.267550,-0.135874,-0.131676,0.000000,1625,22.5754
3.6962,185,-13.8857,-11.7000,0.1693,39.5028,-20.00,81.31,61.31,-6.1143,-0.267550,-0.135874,-0.131676,0.000000,1625,22.5754
3.7162,186,-12.0052,-10.9800,0.1443,39.5028,-20.00,81.31,61.31,-7.9948,-0.309337,-0.177662,-0.131676,0.000000,1641,20.6949
3.7363,187,-12.0052,-10.2600,0.1443,35.1384,-20.00,81.31,61.31,-7.9948,-0.294790,-0.177662,-0.117128,0.000000,1635,20.6949
3.7564,188,-12.0052,-9.7200,0.1443,35.1384,-20.00,81.31,61.31,-7.9948,-0.294790,-0.177662,-0.117128,0.000000,1635,20.6949
3.7765,189,-10.3584,-9.1800,0.1091,27.3050,-20.00,81.31,61.31,-9.6416,-0.305273,-0.214257,-0.091017,0.000000,1639,19.0481
3.7965,190,-10.3584,-8.8200,0.1091,27.3050,-20.00,81.31,61.31,-9.6416,-0.305273,-0.214257,-0.091017,0.000000,1639,19.0481
3.8166,191,-9.1750,-8.4600,0.1001,27.3050,-20.00,81.31,61.31,-10.8250,-0.331573,-0.240556,-0.091017,0.000000,1649,17.8647
3.8367,192,-9.1750,-8.2800,0.1001,15.5549,-20.00,81.31,61.31,-10.8250,-0.292406,-0.240556,-0.051850,0.000000,1634,17.8647
3.8568,193,-9.1750,-8.1000,0.1001,15.5549,-20.00,81.31,61.31,-10.8250,-0.292406,-0.240556,-0.051850,0.000000,1634,17.8647
3.8769,194,-8.6374,-8.1000,0.0921,0.4476,-20.00,81.31,61.31,-11.3626,-0.253995,-0.252503,-0.001492,0.000000,1620,17.3271
3.8969,195,-8.6374,-8.2800,0.0921,0.4476,-20.00,81.31,61.31,-11.3626,-0.253995,-0.252503,-0.001492,0.000000,1620,17.3271
3.9170,196,-8.8286,-8.6400,0.0855,0.4476,-20.00,81.31,61.31,-11.1714,-0.249746,-0.248253,-0.001492,0.000000,1618,17.5183
3.9371,197,-8.8286,-8.8200,0.0855,-12.0858,-20.00,81.31,61.31,-11.1714,-0.207967,-0.248253,0.040286,0.000000,1602,17.5183
3.9572,198,-8.8286,-9.3600,0.0855,-12.0858,-20.00,81.31,61.31,-11.1714,-0.207967,-0.248253,0.040286,0.000000,1602,17.5183
3.9773,199,-9.6357,-9.9000,0.0956,-23.5002,-20.00,81.31,61.31,-10.3643,-0.151983,-0.230317,0.078334,0.000000,1581,18.3254
3.9974,200,-9.6357,-10.2600,0.0956,-23.5002,-20.00,81.31,61.31,-10.3643,-0.151983,-0.230317,0.078334,0.000000,1581,18.3254
4.0174,201,-10.9548,-10.9800,0.1223,-23.5002,-20.00,81.31,61.31,-9.0452,-0.122671,-0.201005,0.078334,0.000000,1571,19.6445
4.0375,202,-10.9548,-11.7000,0.1223,-31.6693,-20.00,81.31,61.31,-9.0452,-0.095440,-0.201005,0.105564,0.000000,1560,19.6445
4.0576,203,-10.9548,-12.2400,0.1223,-31.6693,-20.00,81.31,61.31,-9.0452,-0.095440,-0.201005,0.105564,0.000000,1560,19.6445
4.0777,204,-12.6182,-13.1400,0.142,-34.6908,-20.00,81.31,61.31,-7.3818,-0.048403,-0.164039,0.115636,0.000000,1543,21.3079
4.0978,205,-12.6182,-13.6800,0.142,-34.6908,-20.00,81.31,61.31,-7.3818,-0.048403,-0.164039,0.115636,0.000000,1543,21.3079
4.1179,206,-14.3927,-14.4000,0.173,-34.6908,-20.00,81.31,61.31,-5.6073,-0.008970,-0.124606,0.115636,0.000000,1528,23.0824
4.1379,207,-14.3927,-15.1200,0.173,-35.9218,-20.00,81.31,61.31,-5.6073,-0.004867,-0.124606,0.119739,0.000000,1526,23.0824
4.1580,208,-14.3927,-15.8400,0.173,-35.9218,-20.00,81.31,61.31,-5.6073,-0.004867,-0.124606,0.119739,0.000000,1526,23.0824
4.1781,209,-16.1863,-16.5600,0.1943,-34.6908,-20.00,81.31,61.31,-3.8137,0.030886,-0.084750,0.115636,0.000000,1463,24.876
4.1982,210,-16.1863,-17.1000,0.1943,-34.6908,-20.00,81.31,61.31,-3.8137,0.030886,-0.084750,0.115636,0.000000,1463,24.876
4.2182,211,-17.8733,-17.8200,0.2173,-34.6908,-20.00,81.31,61.31,-2.1267,0.068375,-0.047261,0.115636,0.000000,1449,26.5629
4.2383,212,-17.8733,-18.3600,0.2173,-30.5503,-20.00,81.31,61.31,-2.1267,0.054573,-0.047261,0.101834,0.000000,1454,26.5629
4.2584,213,-17.8733,-18.9000,0.2173,-30.5503,-20.00,81.31,61.31,-2.1267,0.054573,-0.047261,0.101834,0.000000,1454,26.5629
4.2785,214,-19.3483,-19.4400,0.2458,-25.6264,-20.00,81.31,61.31,-0.6517,0.070939,-0.014482,0.085421,0.000000,1448,28.038
4.2986,215,-19.3483,-19.8000,0.2458,-25.6264,-20.00,81.31,61.31,-0.6517,0.070939,-0.014482,0.085421,0.000000,1448,28.038
4.3186,216,-20.5530,-20.1600,0.2697,-25.6264,-20.00,81.31,61.31,0.5530,0.097710,0.012288,0.085421,0.000000,1438,29.2427
4.3387,217,-20.5530,-20.5200,0.2697,-20.0311,-20.00,81.31,61.31,0.5530,0.079059,0.012288,0.066770,0.000000,1445,29.2427
4.3588,218,-20.5530,-20.8800,0.2697,-20.0311,-20.00,81.31,61.31,0.5530,0.079059,0.012288,0.066770,0.000000,1445,29.2427
4.3789,219,-21.4499,-21.2400,0.2805,-13.4287,-20.00,81.31,61.31,1.4499,0.076982,0.032220,0.044762,0.000000,1446,30.1396
4.3990,220,-21.4499,-21.2400,0.2805,-13.4287,-20.00,81.31,61.31,1.4499,0.076982,0.032220,0.044762,0.000000,1446,30.1396
4.4190,221,-22.0234,-21.4200,0.296,-6.7143,-20.00,81.31,61.31,2.0234,0.067347,0.044965,0.022381,0.000000,1449,30.7131
4.4391,222,-22.0234,-21.6000,0.296,-6.7143,-20.00,81.31,61.31,2.0234,0.067347,0.044965,0.022381,0.000000,1449,30.7131
4.4592,223,-22.0234,-21.6000,0.296,-6.7143,-20.00,81.31,61.31,2.0234,0.067347,0.044965,0.022381,0.000000,1449,30.7131
4.4793,224,-22.2552,-21.6000,0.2974,0.4476,-20.00,81.31,61.31,2.2552,0.048624,0.050116,-0.001492,0.000000,1456,30.9449
4.4994,225,-22.2552,-21.4200,0.2974,0.4476,-20.00,81.31,61.31,2.2552,0.048624,0.050116,-0.001492,0.000000,1456,30.9449
4.5195,226,-22.1539,-21.4200,0.2968,6.8263,-20.00,81.31,61.31,2.1539,0.025111,0.047865,-0.022754,0.000000,1465,30.8436
4.5395,227,-22.1539,-21.2400,0.2968,6.8263,-20.00,81.31,61.31,2.1539,0.025111,0.047865,-0.022754,0.000000,1465,30.8436
4.5596,228,-22.1539,-20.8800,0.2968,6.8263,-20.00,81.31,61.31,2.1539,0.025111,0.047865,-0.022754,0.000000,1465,30.8436
4.5797,229,-21.7549,-20.7000,0.2887,11.7501,-20.00,81.31,61.31,1.7549,-0.000169,0.038998,-0.039167,0.000000,1525,30.4446
4.5998,230,-21.7549,-20.3400,0.2887,11.7501,-20.00,81.31,61.31,1.7549,-0.000169,0.038998,-0.039167,0.000000,1525,30.4446
4.6198,231,-21.1104,-20.1600,0.277,15.8906,-20.00,81.31,61.31,1.1104,-0.028292,0.024676,-0.052969,0.000000,1535,29.8001
4.6399,232,-21.1104,-19.8000,0.277,15.8906,-20.00,81.31,61.31,1.1104,-0.028292,0.024676,-0.052969,0.000000,1535,29.8001
4.6600,233,-21.1104,-19.4400,0.277,15.8906,-20.00,81.31,61.31,1.1104,-0.028292,0.024676,-0.052969,0.000000,1535,29.8001
4.6801,234,-20.2574,-18.9000,0.2643,20.1430,-20.00,81.31,61.31,0.2574,-0.061423,0.005721,-0.067143,0.000000,1548,28.9471
4.7001,235,-20.2574,-18.5400,0.2643,20.1430,-20.00,81.31,61.31,0.2574,-0.061423,0.005721,-0.067143,0.000000,1548,28.9471
4.7202,236,-19.2118,-18.0000,0.2451,23.3883,-20.00,81.31,61.31,-0.7882,-0.095476,-0.017515,-0.077961,0.000000,1560,27.9015
4.7403,237,-19.2118,-17.6400,0.2451,23.3883,-20.00,81.31,61.31,-0.7882,-0.095476,-0.017515,-0.077961,0.000000,1560,27.9015
4.7604,238,-19.2118,-17.1000,0.2451,23.3883,-20.00,81.31,61.31,-0.7882,-0.095476,-0.017515,-0.077961,0.000000,1560,26.6909
4.7804,239,-18.0012,-16.5600,0.2252,26.1860,-20.00,81.31,61.31,-1.9988,-0.131704,-0.044417,-0.087287,0.000000,1574,26.6909
4.8005,240,-18.0012,-16.0200,0.2252,26.1860,-20.00,81.31,61.31,-1.9988,-0.131704,-0.044417,-0.087287,0.000000,1574,26.6909
4.8206,241,-16.6678,-15.3000,0.2218,28.4241,-20.00,81.31,61.31,-3.3322,-0.168796,-0.074049,-0.094747,0.000000,1588,25.3575
4.8407,242,-16.6678,-14.7600,0.2218,28.4241,-20.00,81.31,61.31,-3.3322,-0.168796,-0.074049,-0.094747,0.000000,1588,25.3575
4.8611,243,-15.2199,-14.2200,0.1936,28.4241,-20.00,81.31,61.31,-4.7801,-0.200970,-0.106223,-0.094747,0.000000,1600,23.9096
4.8812,244,-15.2199,-13.5000,0.1936,29.7669,-20.00,81.31,61.31,-4.7801,-0.205447,-0.106223,-0.099223,0.000000,1602,23.9096
4.9013,245,-15.2199,-12.9600,0.1936,29.7669,-20.00,81.31,61.31,-4.7801,-0.205447,-0.106223,-0.099223,0.000000,1602,23.9096
4.9214,246,-13.7578,-12.4200,0.1746,28.5360,-20.00,81.31,61.31,-6.2422,-0.233835,-0.138715,-0.095120,0.000000,1612,22.4475
4.9415,247,-13.7578,-11.8800,0.1746,28.5360,-20.00,81.31,61.31,-6.2422,-0.233835,-0.138715,-0.095120,0.000000,1612,22.4475
4.9615,248,-12.3683,-11.3400,0.1607,28.5360,-20.00,81.31,61.31,-7.6317,-0.264712,-0.169592,-0.095120,0.000000,1624,21.058
4.9816,249,-12.3683,-10.8000,0.1607,25.0669,-20.00,81.31,61.31,-7.6317,-0.253149,-0.169592,-0.083556,0.000000,1619,21.058
5.0017,250,-12.3683,-10.4400,0.1607,25.0669,-20.00,81.31,61.31,-7.6317,-0.253149,-0.169592,-0.083556,0.000000,1619,21.058
5.0218,251,-11.1886,-9.9000,0.1433,20.9264,-20.00,81.31,61.31,-8.8114,-0.265563,-0.195808,-0.069755,0.000000,1624,19.8783
5.0419,252,-11.1886,-9.7200,0.1433,20.9264,-20.00,81.31,61.31,-8.8114,-0.265563,-0.195808,-0.069755,0.000000,1624,19.8783
5.0620,253,-10.3085,-9.3600,0.1382,20.9264,-20.00,81.31,61.31,-9.6915,-0.285122,-0.215368,-0.069755,0.000000,1631,18.9981
5.0821,254,-10.3085,-9.1800,0.1382,10.7430,-20.00,81.31,61.31,-9.6915,-0.251178,-0.215368,-0.035810,0.000000,1619,18.9981
5.1021,255,-10.3085,-9.1800,0.1382,10.7430,-20.00,81.31,61.31,-9.6915,-0.251178,-0.215368,-0.035810,0.000000,1619,18.9981
5.1222,256,-9.8905,-9.1800,0.1364,1.2310,-20.00,81.31,61.31,-10.1095,-0.228759,-0.224656,-0.004103,0.000000,1610,18.5802
5.1423,257,-9.8905,-9.1800,0.1364,1.2310,-20.00,81.31,61.31,-10.1095,-0.228759,-0.224656,-0.004103,0.000000,1610,18.5802
5.1624,258,-10.0034,-9.3600,0.1393,1.2310,-20.00,81.31,61.31,-9.9966,-0.226250,-0.222146,-0.004103,0.000000,1609,18.6931
5.1825,259,-10.0034,-9.5400,0.1393,-9.2882,-20.00,81.31,61.31,-9.9966,-0.191186,-0.222146,0.030961,0.000000,1596,18.6931
5.2025,260,-10.0034,-9.9000,0.1393,-9.2882,-20.00,81.31,61.31,-9.9966,-0.191186,-0.222146,0.030961,0.000000,1596,18.6931
5.2226,261,-10.6064,-10.2600,0.142,-17.7930,-20.00,81.31,61.31,-9.3936,-0.149436,-0.208746,0.059310,0.000000,1581,19.2961
5.2427,262,-10.6064,-10.6200,0.142,-17.7930,-20.00,81.31,61.31,-9.3936,-0.149436,-0.208746,0.059310,0.000000,1581,19.2961
5.2628,263,-11.6069,-11.1600,0.1612,-17.7930,-20.00,81.31,61.31,-8.3931,-0.127203,-0.186513,0.059310,0.000000,1572,20.2966
5.2828,264,-11.6069,-11.7000,0.1612,-24.5074,-20.00,81.31,61.31,-8.3931,-0.104822,-0.186513,0.081691,0.000000,1564,20.2966
5.3029,265,-11.6069,-12.0600,0.1612,-24.5074,-20.00,81.31,61.31,-8.3931,-0.104822,-0.186513,0.081691,0.000000,1564,20.2966
5.3230,266,-12.8593,-12.7800,0.176,-26.6336,-20.00,81.31,61.31,-7.1407,-0.069904,-0.158682,0.088779,0.000000,1551,21.549
5.3431,267,-12.8593,-13.1400,0.176,-26.6336,-20.00,81.31,61.31,-7.1407,-0.069904,-0.158682,0.088779,0.000000,1551,21.549
5.3631,268,-14.1917,-13.8600,0.1976,-26.6336,-20.00,81.31,61.31,-5.8083,-0.040295,-0.129074,0.088779,0.000000,1540,22.8814
5.3832,269,-14.1917,-14.4000,0.1976,-27.0812,-20.00,81.31,61.31,-5.8083,-0.038803,-0.129074,0.090271,0.000000,1539,22.8814
5.4033,270,-14.1917,-14.7600,0.1976,-27.0812,-20.00,81.31,61.31,-5.8083,-0.038803,-0.129074,0.090271,0.000000,1539,22.8814
5.4234,271,-15.5635,-15.4800,0.2183,-26.9693,-20.00,81.31,61.31,-4.4365,-0.008692,-0.098590,0.089898,0.000000,1528,24.2532
5.4434,272,-15.5635,-15.8400,0.2183,-26.9693,-20.00,81.31,61.31,-4.4365,-0.008692,-0.098590,0.089898,0.000000,1528,24.2532
5.4635,273,-16.8748,-16.3800,0.25,-26.9693,-20.00,81.31,61.31,-3.1252,0.020449,-0.069448,0.089898,0.000000,1467,25.5645
5.4836,274,-16.8748,-16.9200,0.25,-24.3955,-20.00,81.31,61.31,-3.1252,0.011870,-0.069448,0.081318,0.000000,1470,25.5645
5.5037,275,-16.8748,-17.2800,0.25,-24.3955,-20.00,81.31,61.31,-3.1252,0.011870,-0.069448,0.081318,0.000000,1470,25.5645
5.5238,276,-18.0239,-17.6400,0.2626,-19.8073,-20.00,81.31,61.31,-1.9761,0.022111,-0.043913,0.066024,0.000000,1466,26.7136
5.5438,277,-18.0239,-18.0000,0.2626,-19.8073,-20.00,81.31,61.31,-1.9761,0.022111,-0.043913,0.066024,0.000000,1466,26.7136
5.5639,278,-18.9218,-18.3600,0.2816,-19.8073,-20.00,81.31,61.31,-1.0782,0.042064,-0.023960,0.066024,0.000000,1459,27.6115
5.5840,279,-18.9218,-18.5400,0.2816,-14.3239,-20.00,81.31,61.31,-1.0782,0.023786,-0.023960,0.047746,0.000000,1466,27.6115
5.6041,280,-18.9218,-18.7200,0.2816,-14.3239,-20.00,81.31,61.31,-1.0782,0.023786,-0.023960,0.047746,0.000000,1466,27.6115
5.6242,281,-19.5711,-18.9000,0.2933,-8.5048,-20.00,81.31,61.31,-0.4289,0.018819,-0.009531,0.028349,0.000000,1467,28.2608
5.6442,282,-19.5711,-19.0800,0.2933,-8.5048,-20.00,81.31,61.31,-0.4289,0.018819,-0.009531,0.028349,0.000000,1467,28.2608
5.6643,283,-19.9042,-19.0800,0.3052,-8.5048,-20.00,81.31,61.31,-0.0958,0.026222,-0.002128,0.028349,0.000000,1465,28.5939
5.6844,284,-19.9042,-19.0800,0.3052,-2.4619,-20.00,81.31,61.31,-0.0958,0.006079,-0.002128,0.008206,0.000000,1472,28.5939
5.7045,285,-19.9042,-19.0800,0.3052,-2.4619,-20.00,81.31,61.31,-0.0958,0.006079,-0.002128,0.008206,0.000000,1472,28.5939
5.7246,286,-19.9389,-18.9000,0.3054,3.5810,-20.00,81.31,61.31,-0.0611,-0.013294,-0.001358,-0.011937,0.000000,1529,28.6286
5.7446,287,-19.9389,-18.9000,0.3054,3.5810,-20.00,81.31,61.31,-0.0611,-0.013294,-0.001358,-0.011937,0.000000,1529,28.6286
5.7647,288,-19.6943,-18.7200,0.2961,3.5810,-20.00,81.31,61.31,-0.3057,-0.018730,-0.006793,-0.011937,0.000000,1532,28.384
5.7848,289,-19.6943,-18.5400,0.2961,8.2810,-20.00,81.31,61.31,-0.3057,-0.034397,-0.006793,-0.027603,0.000000,1537,28.384
5.8049,290,-19.6943,-18.3600,0.2961,8.2810,-20.00,81.31,61.31,-0.3057,-0.034397,-0.006793,-0.027603,0.000000,1537,28.384
5.8250,291,-19.2116,-18.0000,0.2949,12.3096,-20.00,81.31,61.31,-0.7884,-0.058553,-0.017521,-0.041032,0.000000,1546,27.9013
5.8450,292,-19.2116,-17.8200,0.2949,12.3096,-20.00,81.31,61.31,-0.7884,-0.058553,-0.017521,-0.041032,0.000000,1546,27.9013
5.8651,293,-18.5480,-17.4600,0.2848,12.3096,-20.00,81.31,61.31,-1.4520,-0.073300,-0.032267,-0.041032,0.000000,1552,27.2377
5.8852,294,-18.5480,-17.1000,0.2848,15.1073,-20.00,81.31,61.31,-1.4520,-0.082625,-0.032267,-0.050358,0.000000,1555,27.2377
5.9053,295,-18.5480,-16.7400,0.2848,15.1073,-20.00,81.31,61.31,-1.4520,-0.082625,-0.032267,-0.050358,0.000000,1555,27.2377
5.9254,296,-17.7508,-16.3800,0.274,17.7930,-20.00,81.31,61.31,-2.2492,-0.109293,-0.049983,-0.059310,0.000000,1565,26.4405
5.9454,297,-17.7508,-16.0200,0.274,17.7930,-20.00,81.31,61.31,-2.2492,-0.109293,-0.049983,-0.059310,0.000000,1565,26.4405
5.9655,298,-16.8387,-15.6600,0.2625,17.7930,-20.00,81.31,61.31,-3.1613,-0.129562,-0.070252,-0.059310,0.000000,1573,25.5284
5.9856,299,-16.8387,-15.3000,0.2625,18.9121,-20.00,81.31,61.31,-3.1613,-0.133292,-0.070252,-0.063040,0.000000,1574,25.5284
6.0057,300,-16.8387,-14.9400,0.2625,18.9121,-20.00,81.31,61.31,-3.1613,-0.133292,-0.070252,-0.063040,0.000000,1574,25.5284
6.0258,301,-15.8715,-14.4000,0.2491,19.3597,-20.00,81.31,61.31,-4.1285,-0.156276,-0.091744,-0.064532,0.000000,1583,24.5612
6.0459,302,-15.8715,-14.2200,0.2491,19.3597,-20.00,81.31,61.31,-4.1285,-0.156276,-0.091744,-0.064532,0.000000,1583,24.5612
6.0660,303,-14.9198,-13.6800,0.2392,19.3597,-20.00,81.31,61.31,-5.0802,-0.177426,-0.112894,-0.064532,0.000000,1591,23.6095
6.0861,304,-14.9198,-13.3200,0.2392,17.9049,-20.00,81.31,61.31,-5.0802,-0.172577,-0.112894,-0.059683,0.000000,1589,23.6095
6.1061,305,-14.9198,-13.1400,0.2392,17.9049,-20.00,81.31,61.31,-5.0802,-0.172577,-0.112894,-0.059683,0.000000,1589,23.6095
6.1262,306,-14.0562,-12.7800,0.2297,16.0025,-20.00,81.31,61.31,-5.9438,-0.185426,-0.132084,-0.053342,0.000000,1594,22.7459
6.1463,307,-14.0562,-12.6000,0.2297,16.0025,-20.00,81.31,61.31,-5.9438,-0.185426,-0.132084,-0.053342,0.000000,1594,22.7459
6.1664,308,-13.3287,-12.2400,0.2269,16.0025,-20.00,81.31,61.31,-6.6713,-0.201593,-0.148251,-0.053342,0.000000,1600,22.0184
6.1865,309,-13.3287,-12.0600,0.2269,11.7501,-20.00,81.31,61.31,-6.6713,-0.187418,-0.148251,-0.039167,0.000000,1595,22.0184
6.2065,310,-13.3287,-11.8800,0.2269,11.7501,-20.00,81.31,61.31,-6.6713,-0.187418,-0.148251,-0.039167,0.000000,1595,22.0184
6.2266,311,-12.8384,-11.8800,0.2107,6.0429,-20.00,81.31,61.31,-7.1616,-0.179291,-0.159147,-0.020143,0.000000,1592,21.5281
6.2467,312,-12.8384,-11.7000,0.2107,6.0429,-20.00,81.31,61.31,-7.1616,-0.179291,-0.159147,-0.020143,0.000000,1592,21.5281
6.2668,313,-12.6312,-11.7000,0.2109,6.0429,-20.00,81.31,61.31,-7.3688,-0.183893,-0.163750,-0.020143,0.000000,1593,21.3209
6.2870,314,-12.6312,-11.8800,0.2109,0.2238,-20.00,81.31,61.31,-7.3688,-0.164496,-0.163750,-0.000746,0.000000,1586,21.3209
6.3071,315,-12.6312,-11.8800,0.2109,0.2238,-20.00,81.31,61.31,-7.3688,-0.164496,-0.163750,-0.000746,0.000000,1586,21.3209
6.3272,316,-12.7244,-12.0600,0.2114,-5.5953,-20.00,81.31,61.31,-7.2756,-0.143029,-0.161680,0.018651,0.000000,1578,21.4141
6.3476,317,-12.7244,-12.2400,0.2114,-5.5953,-20.00,81.31,61.31,-7.2756,-0.143029,-0.161680,0.018651,0.000000,1578,21.4141
6.3677,318,-13.0650,-12.4200,0.2134,-9.9596,-20.00,81.31,61.31,-6.9350,-0.120913,-0.154112,0.033199,0.000000,1570,21.7547
6.3878,319,-13.0650,-12.6000,0.2134,-9.9596,-20.00,81.31,61.31,-6.9350,-0.120913,-0.154112,0.033199,0.000000,1570,21.7547
6.4079,320,-13.0650,-12.7800,0.2134,-9.9596,-20.00,81.31,61.31,-6.9350,-0.120913,-0.154112,0.033199,0.000000,1570,21.7547
6.4279,321,-13.5928,-13.1400,0.2225,-12.4215,-20.00,81.31,61.31,-6.4072,-0.100978,-0.142383,0.041405,0.000000,1562,22.2825
6.4480,322,-13.5928,-13.3200,0.2225,-12.4215,-20.00,81.31,61.31,-6.4072,-0.100978,-0.142383,0.041405,0.000000,1562,22.2825
6.4681,323,-14.2272,-13.6800,0.2412,-13.5406,-20.00,81.31,61.31,-5.7728,-0.083150,-0.128285,0.045135,0.000000,1556,22.9168
6.4882,324,-14.2272,-13.8600,0.2412,-13.5406,-20.00,81.31,61.31,-5.7728,-0.083150,-0.128285,0.045135,0.000000,1556,22.9168
6.5082,325,-14.2272,-14.0400,0.2412,-13.5406,-20.00,81.31,61.31,-5.7728,-0.083150,-0.128285,0.045135,0.000000,1556,22.9168
6.5283,326,-14.8914,-14.4000,0.2586,-12.9811,-20.00,81.31,61.31,-5.1086,-0.070255,-0.113525,0.043270,0.000000,1551,23.5811
6.5484,327,-14.8914,-14.5800,0.2586,-12.9811,-20.00,81.31,61.31,-5.1086,-0.070255,-0.113525,0.043270,0.000000,1551,23.5811
6.5685,328,-15.5065,-14.7600,0.2641,-12.9811,-20.00,81.31,61.31,-4.4935,-0.056586,-0.099857,0.043270,0.000000,1546,24.1961
6.5886,329,-15.5065,-15.1200,0.2641,-11.4144,-20.00,81.31,61.31,-4.4935,-0.061809,-0.099857,0.038048,0.000000,1548,24.1961
6.6086,330,-15.5065,-15.3000,0.2641,-11.4144,-20.00,81.31,61.31,-4.4935,-0.061809,-0.099857,0.038048,0.000000,1548,24.1961
6.6287,331,-16.0436,-15.4800,0.275,-9.2882,-20.00,81.31,61.31,-3.9564,-0.056960,-0.087920,0.030961,0.000000,1546,24.7333
6.6488,332,-16.0436,-15.4800,0.275,-9.2882,-20.00,81.31,61.31,-3.9564,-0.056960,-0.087920,0.030961,0.000000,1546,24.7333
6.6688,333,-16.0720,-15.6600,0.2919,-6.0429,-20.00,81.31,61.31,-3.9280,-0.067147,-0.087290,0.020143,0.000000,1550,24.7616
6.6889,334,-16.0720,-15.8400,0.2919,-6.0429,-20.00,81.31,61.31,-3.9280,-0.067147,-0.087290,0.020143,0.000000,1550,24.7616
6.7090,335,-16.0720,-15.8400,0.2919,-6.0429,-20.00,81.31,61.31,-3.9280,-0.067147,-0.087290,0.020143,0.000000,1550,24.7616
6.7291,336,-15.9356,-15.8400,0.3018,-3.1334,-20.00,81.31,61.31,-4.0644,-0.079875,-0.090320,0.010445,0.000000,1554,24.6253
6.7492,337,-15.9356,-16.0200,0.3018,-3.1334,-20.00,81.31,61.31,-4.0644,-0.079875,-0.090320,0.010445,0.000000,1554,24.6253
6.7693,338,-15.8144,-16.0200,0.3101,0.5595,-20.00,81.31,61.31,-4.1856,-0.094879,-0.093014,-0.001865,0.000000,1560,24.504
6.7894,339,-15.8144,-15.8400,0.3101,0.5595,-20.00,81.31,61.31,-4.1856,-0.094879,-0.093014,-0.001865,0.000000,1560,24.504
6.8095,340,-15.8144,-15.8400,0.311,0.5595,-20.00,81.31,61.31,-4.1856,-0.094879,-0.093014,-0.001865,0.000000,1560,24.3963
6.8295,341,-15.7066,-15.8400,0.311,3.2453,-20.00,81.31,61.31,-4.2934,-0.106227,-0.095409,-0.010818,0.000000,1564,24.3963
6.8496,342,-15.7066,-15.6600,0.311,3.2453,-20.00,81.31,61.31,-4.2934,-0.106227,-0.095409,-0.010818,0.000000,1564,24.3963
6.8697,343,-15.5196,-15.6600,0.3097,4.5881,-20.00,81.31,61.31,-4.4804,-0.114858,-0.099564,-0.015294,0.000000,1568,24.2093
6.8898,344,-15.5196,-15.4800,0.3097,4.5881,-20.00,81.31,61.31,-4.4804,-0.114858,-0.099564,-0.015294,0.000000,1568,24.2093
6.9099,345,-15.2627,-15.4800,0.3004,4.5881,-20.00,81.31,61.31,-4.7373,-0.120567,-0.105273,-0.015294,0.000000,1570,23.9524
6.9300,346,-15.2627,-15.3000,0.3004,5.4834,-20.00,81.31,61.31,-4.7373,-0.123551,-0.105273,-0.018278,0.000000,1571,23.9524
6.9501,347,-15.2627,-15.1200,0.3004,5.4834,-20.00,81.31,61.31,-4.7373,-0.123551,-0.105273,-0.018278,0.000000,1571,23.9524
6.9701,348,-14.9777,-15.1200,0.2984,5.7072,-20.00,81.31,61.31,-5.0223,-0.130631,-0.111607,-0.019024,0.000000,1573,23.6674
6.9903,349,-14.9777,-14.9400,0.2984,5.7072,-20.00,81.31,61.31,-5.0223,-0.130631,-0.111607,-0.019024,0.000000,1573,23.6674
7.0103,350,-14.6914,-14.9400,0.298,5.7072,-20.00,81.31,61.31,-5.3086,-0.136993,-0.117969,-0.019024,0.000000,1576,23.3811
7.0304,351,-14.6914,-14.7600,0.298,4.4762,-20.00,81.31,61.31,-5.3086,-0.132890,-0.117969,-0.014921,0.000000,1574,23.3811
7.0505,352,-14.6914,-14.7600,0.298,4.4762,-20.00,81.31,61.31,-5.3086,-0.132890,-0.117969,-0.014921,0.000000,1574,23.3811
7.0706,353,-14.4412,-14.5800,0.2948,3.4691,-20.00,81.31,61.31,-5.5588,-0.135093,-0.123529,-0.011564,0.000000,1575,23.1309
7.0906,354,-14.4412,-14.5800,0.2948,3.4691,-20.00,81.31,61.31,-5.5588,-0.135093,-0.123529,-0.011564,0.000000,1575,23.1309
7.1107,355,-14.4054,-14.5800,0.2961,3.4691,-20.00,81.31,61.31,-5.5946,-0.135887,-0.124323,-0.011564,0.000000,1575,23.0951
7.1308,356,-14.4054,-14.4000,0.2961,2.2381,-20.00,81.31,61.31,-5.5946,-0.131784,-0.124323,-0.007460,0.000000,1574,23.0951
7.1509,357,-14.4054,-14.4000,0.2961,2.2381,-20.00,81.31,61.31,-5.5946,-0.131784,-0.124323,-0.007460,0.000000,1574,23.0951
7.1710,358,-14.7480,-14.4000,0.3015,-0.4476,-20.00,81.31,61.31,-5.2520,-0.115219,-0.116712,0.001492,0.000000,1568,23.4377
7.1913,359,-14.7480,-14.5800,0.3015,-0.4476,-20.00,81.31,61.31,-5.2520,-0.115219,-0.116712,0.001492,0.000000,1568,23.4377
7.2127,360,-15.0194,-14.5800,0.2991,-0.4476,-20.00,81.31,61.31,-4.9806,-0.109189,-0.110681,0.001492,0.000000,1565,23.709
7.2336,361,-15.0194,-14.5800,0.2991,-2.0143,-20.00,81.31,61.31,-4.9806,-0.103966,-0.110681,0.006714,0.000000,1563,23.709
7.2538,362,-15.0194,-14.5800,0.2991,-2.0143,-20.00,81.31,61.31,-4.9806,-0.103966,-0.110681,0.006714,0.000000,1563,23.709
7.2739,363,-15.2059,-14.7600,0.302,-2.4619,-20.00,81.31,61.31,-4.7941,-0.098328,-0.106535,0.008206,0.000000,1561,23.8956
7.2940,364,-15.2059,-14.7600,0.302,-2.4619,-20.00,81.31,61.31,-4.7941,-0.098328,-0.106535,0.008206,0.000000,1561,23.8956
7.3143,365,-15.3493,-14.7600,0.3031,-2.4619,-20.00,81.31,61.31,-4.6507,-0.095142,-0.103348,0.008206,0.000000,1560,24.039
7.3344,366,-15.3493,-14.7600,0.3031,-2.1262,-20.00,81.31,61.31,-4.6507,-0.096261,-0.103348,0.007087,0.000000,1561,24.039
7.3545,367,-15.3493,-14.7600,0.3031,-2.1262,-20.00,81.31,61.31,-4.6507,-0.096261,-0.103348,0.007087,0.000000,1561,24.039
7.3747,368,-15.4778,-14.9400,0.304,-1.2310,-20.00,81.31,61.31,-4.5222,-0.096390,-0.100493,0.004103,0.000000,1561,24.1675
7.3948,369,-15.4778,-14.9400,0.304,-1.2310,-20.00,81.31,61.31,-4.5222,-0.096390,-0.100493,0.004103,0.000000,1561,24.1675
7.4149,370,-15.5555,-14.9400,0.3046,-1.2310,-20.00,81.31,61.31,-4.4445,-0.094664,-0.098768,0.004103,0.000000,1560,24.2451
7.4350,371,-15.5555,-14.9400,0.3046,-0.3357,-20.00,81.31,61.31,-4.4445,-0.097648,-0.098768,0.001119,0.000000,1561,24.2451
7.4551,372,-15.5555,-14.9400,0.3046,-0.3357,-20.00,81.31,61.31,-4.4445,-0.097648,-0.098768,0.001119,0.000000,1561,24.2451
7.4753,373,-15.5704,-14.9400,0.3063,0.5595,-20.00,81.31,61.31,-4.4296,-0.100300,-0.098435,-0.001865,0.000000,1562,24.2601
7.4964,374,-15.5704,-14.7600,0.3063,0.5595,-20.00,81.31,61.31,-4.4296,-0.100300,-0.098435,-0.001865,0.000000,1562,24.2601
7.5166,375,-15.5420,-14.7600,0.3136,1.3429,-20.00,81.31,61.31,-4.4580,-0.103542,-0.099066,-0.004476,0.000000,1563,24.2317
7.5367,376,-15.5420,-14.7600,0.3136,1.3429,-20.00,81.31,61.31,-4.4580,-0.103542,-0.099066,-0.004476,0.000000,1563,24.2317
7.5569,377,-15.5420,-14.7600,0.3136,1.3429,-20.00,81.31,61.31,-4.4580,-0.103542,-0.099066,-0.004476,0.000000,1563,24.2317
7.5770,378,-15.4836,-14.7600,0.3132,1.3429,-20.00,81.31,61.31,-4.5164,-0.104840,-0.100363,-0.004476,0.000000,1564,24.1733
7.5971,379,-15.4836,-14.7600,0.3132,1.3429,-20.00,81.31,61.31,-4.5164,-0.104840,-0.100363,-0.004476,0.000000,1564,24.1733
7.6172,380,-15.4269,-14.5800,0.3127,1.3429,-20.00,81.31,61.31,-4.5731,-0.106101,-0.101625,-0.004476,0.000000,1564,24.1166
7.6373,381,-15.4269,-14.5800,0.3127,1.3429,-20.00,81.31,61.31,-4.5731,-0.106101,-0.101625,-0.004476,0.000000,1564,24.1166
7.6574,382,-15.4269,-14.5800,0.3127,1.3429,-20.00,81.31,61.31,-4.5731,-0.106101,-0.101625,-0.004476,0.000000,1564,24.1166
7.6774,383,-15.3777,-14.5800,0.3065,1.0072,-20.00,81.31,61.31,-4.6223,-0.106076,-0.102719,-0.003357,0.000000,1564,24.0674
7.6975,384,-15.3777,-14.5800,0.3065,1.0072,-20.00,81.31,61.31,-4.6223,-0.106076,-0.102719,-0.003357,0.000000,1564,24.0674
7.7176,385,-15.3493,-14.5800,0.3079,1.0072,-20.00,81.31,61.31,-4.6507,-0.106706,-0.103349,-0.003357,0.000000,1565,24.039
7.7377,386,-15.3493,-14.5800,0.3079,0.2238,-20.00,81.31,61.31,-4.6507,-0.104095,-0.103349,-0.000746,0.000000,1564,24.039
7.7578,387,-15.3493,-14.5800,0.3079,0.2238,-20.00,81.31,61.31,-4.6507,-0.104095,-0.103349,-0.000746,0.000000,1564,24.039
7.7779,388,-15.3343,-14.5800,0.3152,-0.2238,-20.00,81.31,61.31,-4.6657,-0.102937,-0.103683,0.000746,0.000000,1563,24.024
7.7979,389,-15.3343,-14.5800,0.3152,-0.2238,-20.00,81.31,61.31,-4.6657,-0.102937,-0.103683,0.000746,0.000000,1563,24.024
7.8180,390,-15.3551,-14.5800,0.3154,-0.3357,-20.00,81.31,61.31,-4.6449,-0.102100,-0.103219,0.001119,0.000000,1563,24.0448
7.8381,391,-15.3551,-14.5800,0.3154,-0.3357,-20.00,81.31,61.31,-4.6449,-0.102100,-0.103219,0.001119,0.000000,1563,24.0448
7.8582,392,-15.3551,-14.5800,0.3154,-0.3357,-20.00,81.31,61.31,-4.6449,-0.102100,-0.103219,0.001119,0.000000,1563,24.0448
7.8784,393,-15.3776,-14.5800,0.3172,-0.2238,-20.00,81.31,61.31,-4.6224,-0.101974,-0.102720,0.000746,0.000000,1563,24.0673
7.8985,394,-15.3776,-14.5800,0.3172,-0.2238,-20.00,81.31,61.31,-4.6224,-0.101974,-0.102720,0.000746,0.000000,1563,24.0673
7.9186,395,-15.3985,-14.5800,0.3189,-0.1119,-20.00,81.31,61.31,-4.6015,-0.101883,-0.102256,0.000373,0.000000,1563,24.0881
7.9386,396,-15.3985,-14.5800,0.3189,-0.1119,-20.00,81.31,61.31,-4.6015,-0.101883,-0.102256,0.000373,0.000000,1563,24.0881
7.9587,397,-15.3985,-14.5800,0.3189,-0.1119,-20.00,81.31,61.31,-4.6015,-0.101883,-0.102256,0.000373,0.000000,1563,24.0956
7.9788,398,-15.4060,-14.5800,0.319,0.1119,-20.00,81.31,61.31,-4.5940,-0.102463,-0.102090,-0.000373,0.000000,1563,24.0956
7.9989,399,-15.4060,-14.5800,0.319,0.1119,-20.00,81.31,61.31,-4.5940,-0.102463,-0.102090,-0.000373,0.000000,1563,24.0956
8.0190,400,-15.3984,-14.5800,0.3205,0.2238,-20.00,81.31,61.31,-4.6016,-0.103003,-0.102257,-0.000746,0.000000,1563,24.0881
8.0391,401,-15.3984,-14.5800,0.3205,0.2238,-20.00,81.31,61.31,-4.6016,-0.103003,-0.102257,-0.000746,0.000000,1563,24.0881
8.0591,402,-15.3775,-14.5800,0.322,0.2238,-20.00,81.31,61.31,-4.6225,-0.103467,-0.102721,-0.000746,0.000000,1563,24.0672
8.0792,403,-15.3775,-14.5800,0.322,0.5595,-20.00,81.31,61.31,-4.6225,-0.104586,-0.102721,-0.001865,0.000000,1564,24.0672
8.0993,404,-15.3775,-14.5800,0.322,0.5595,-20.00,81.31,61.31,-4.6225,-0.104586,-0.102721,-0.001865,0.000000,1564,24.0672
8.1194,405,-15.3626,-14.5800,0.3218,0.4476,-20.00,81.31,61.31,-4.6374,-0.104546,-0.103054,-0.001492,0.000000,1564,24.0523
8.1395,406,-15.3626,-14.5800,0.3218,0.4476,-20.00,81.31,61.31,-4.6374,-0.104546,-0.103054,-0.001492,0.000000,1564,24.0523
8.1595,407,-15.3551,-14.5800,0.3218,0.4476,-20.00,81.31,61.31,-4.6449,-0.104713,-0.103221,-0.001492,0.000000,1564,24.0448
8.1810,408,-15.3551,-14.5800,0.3218,0.1119,-20.00,81.31,61.31,-4.6449,-0.103594,-0.103221,-0.000373,0.000000,1563,24.0448
8.2034,409,-15.3551,-14.5800,0.3218,0.1119,-20.00,81.31,61.31,-4.6449,-0.103594,-0.103221,-0.000373,0.000000,1563,24.0523
8.2254,410,-15.3626,-14.5800,0.3218,-0.1119,-20.00,81.31,61.31,-4.6374,-0.102681,-0.103054,0.000373,0.000000,1563,24.0523
8.2456,411,-15.3626,-14.5800,0.3218,-0.1119,-20.00,81.31,61.31,-4.6374,-0.102681,-0.103054,0.000373,0.000000,1563,24.0523
8.2657,412,-15.3701,-14.5800,0.3219,-0.1119,-20.00,81.31,61.31,-4.6299,-0.102515,-0.102888,0.000373,0.000000,1563,24.0597
8.2858,413,-15.3701,-14.5800,0.3219,-0.2238,-20.00,81.31,61.31,-4.6299,-0.102142,-0.102888,0.000746,0.000000,1563,24.0597
8.3059,414,-15.3701,-14.5800,0.3219,-0.2238,-20.00,81.31,61.31,-4.6299,-0.102142,-0.102888,0.000746,0.000000,1563,24.0597
8.3260,415,-15.3851,-14.5800,0.3161,-0.3357,-20.00,81.31,61.31,-4.6149,-0.101435,-0.102554,0.001119,0.000000,1563,24.0747
8.3463,416,-15.3851,-14.5800,0.3161,-0.3357,-20.00,81.31,61.31,-4.6149,-0.101435,-0.102554,0.001119,0.000000,1563,24.0747
8.3664,417,-15.3835,-14.5800,0.3161,-0.3357,-20.00,81.31,61.31,-4.6165,-0.101471,-0.102590,0.001119,0.000000,1563,24.0732
8.3865,418,-15.3835,-14.5800,0.3161,-0.2238,-20.00,81.31,61.31,-4.6165,-0.101844,-0.102590,0.000746,0.000000,1563,24.0732
8.4066,419,-15.3835,-14.5800,0.3161,-0.2238,-20.00,81.31,61.31,-4.6165,-0.101844,-0.102590,0.000746,0.000000,1563,24.0732
8.4268,420,-15.3835,-14.5800,0.3145,0.3357,-20.00,81.31,61.31,-4.6165,-0.103708,-0.102589,-0.001119,0.000000,1563,24.0732
8.4469,421,-15.3835,-14.5800,0.3145,0.3357,-20.00,81.31,61.31,-4.6165,-0.103708,-0.102589,-0.001119,0.000000,1563,24.0732
8.4670,422,-15.3701,-14.5800,0.316,0.5595,-20.00,81.31,61.31,-4.6299,-0.104752,-0.102887,-0.001865,0.000000,1564,24.0598
8.4871,423,-15.3701,-14.5800,0.316,0.5595,-20.00,81.31,61.31,-4.6299,-0.104752,-0.102887,-0.001865,0.000000,1564,24.0598
8.5074,424,-15.3701,-14.5800,0.316,0.5595,-20.00,81.31,61.31,-4.6299,-0.104752,-0.102887,-0.001865,0.000000,1564,24.0598
8.5275,425,-15.3551,-14.5800,0.3175,0.1119,-20.00,81.31,61.31,-4.6449,-0.103593,-0.103220,-0.000373,0.000000,1563,24.0448
8.5476,426,-15.3551,-14.5800,0.3175,0.1119,-20.00,81.31,61.31,-4.6449,-0.103593,-0.103220,-0.000373,0.000000,1563,24.0448
8.5677,427,-15.3476,-14.5800,0.3174,-0.1119,-20.00,81.31,61.31,-4.6524,-0.103014,-0.103387,0.000373,0.000000,1563,24.0373
8.5879,428,-15.3476,-14.5800,0.3174,-0.1119,-20.00,81.31,61.31,-4.6524,-0.103014,-0.103387,0.000373,0.000000,1563,24.0373
8.6080,429,-15.3476,-14.5800,0.3174,-0.1119,-20.00,81.31,61.31,-4.6524,-0.103014,-0.103387,0.000373,0.000000,1563,24.0447
8.6282,430,-15.3550,-14.5800,0.3266,-0.2238,-20.00,81.31,61.31,-4.6450,-0.102476,-0.103222,0.000746,0.000000,1563,24.0447
8.6482,431,-15.3550,-14.5800,0.3266,-0.2238,-20.00,81.31,61.31,-4.6450,-0.102476,-0.103222,0.000746,0.000000,1563,24.0447
8.6683,432,-15.3625,-14.5800,0.3266,0.1119,-20.00,81.31,61.31,-4.6375,-0.103428,-0.103055,-0.000373,0.000000,1563,24.0522
8.6884,433,-15.3625,-14.5800,0.3266,0.1119,-20.00,81.31,61.31,-4.6375,-0.103428,-0.103055,-0.000373,0.000000,1563,24.0522
8.7085,434,-15.3625,-14.5800,0.3266,0.1119,-20.00,81.31,61.31,-4.6375,-0.103428,-0.103055,-0.000373,0.000000,1563,24.0522
8.7285,435,-15.3625,-14.5800,0.3282,-0.0000,-20.00,81.31,61.31,-4.6375,-0.103056,-0.103056,0.000000,0.000000,1563,24.0522
8.7486,436,-15.3625,-14.5800,0.3282,-0.0000,-20.00,81.31,61.31,-4.6375,-0.103056,-0.103056,0.000000,0.000000,1563,24.0522
8.7687,437,-15.3700,-14.5800,0.3299,0.1119,-20.00,81.31,61.31,-4.6300,-0.103262,-0.102889,-0.000373,0.000000,1563,24.0597
8.7888,438,-15.3700,-14.5800,0.3299,0.1119,-20.00,81.31,61.31,-4.6300,-0.103262,-0.102889,-0.000373,0.000000,1563,24.0597
8.8088,439,-15.3625,-14.5800,0.3298,0.1119,-20.00,81.31,61.31,-4.6375,-0.103429,-0.103056,-0.000373,0.000000,1563,24.0522
8.8289,440,-15.3625,-14.5800,0.3298,-0.0000,-20.00,81.31,61.31,-4.6375,-0.103056,-0.103056,0.000000,0.000000,1563,24.0522
8.8490,441,-15.3625,-14.5800,0.3298,-0.0000,-20.00,81.31,61.31,-4.6375,-0.103056,-0.103056,0.000000,0.000000,1563,24.0522
8.8691,442,-15.3625,-14.5800,0.3282,-0.0000,-20.00,81.31,61.31,-4.6375,-0.103056,-0.103056,0.000000,0.000000,1563,24.0522
8.8892,443,-15.3625,-14.5800,0.3282,-0.0000,-20.00,81.31,61.31,-4.6375,-0.103056,-0.103056,0.000000,0.000000,1563,24.0522
8.9092,444,-15.3550,-14.5800,0.3298,-0.0000,-20.00,81.31,61.31,-4.6450,-0.103222,-0.103222,0.000000,0.000000,1563,24.0447
8.9294,445,-15.3550,-14.5800,0.3298,-0.0000,-20.00,81.31,61.31,-4.6450,-0.103222,-0.103222,0.000000,0.000000,1563,24.0447
8.9495,446,-15.3550,-14.5800,0.3298,-0.0000,-20.00,81.31,61.31,-4.6450,-0.103222,-0.103222,0.000000,0.000000,1563,24.0447
8.9695,447,-15.3550,-14.5800,0.3314,-0.1119,-20.00,81.31,61.31,-4.6450,-0.102850,-0.103223,0.000373,0.000000,1563,24.0447
8.9896,448,-15.3550,-14.5800,0.3314,-0.1119,-20.00,81.31,61.31,-4.6450,-0.102850,-0.103223,0.000373,0.000000,1563,24.0447
9.0097,449,-15.3700,-14.5800,0.3315,-0.1119,-20.00,81.31,61.31,-4.6300,-0.102517,-0.102890,0.000373,0.000000,1563,24.0596
9.0298,450,-15.3700,-14.5800,0.3315,-0.0000,-20.00,81.31,61.31,-4.6300,-0.102890,-0.102890,0.000000,0.000000,1563,24.0596
9.0499,451,-15.3700,-14.5800,0.3315,-0.0000,-20.00,81.31,61.31,-4.6300,-0.102890,-0.102890,0.000000,0.000000,1563,24.0596
9.0699,452,-15.3774,-14.5800,0.3315,-0.0000,-20.00,81.31,61.31,-4.6226,-0.102723,-0.102723,0.000000,0.000000,1563,24.0671
9.0900,453,-15.3774,-14.5800,0.3315,-0.0000,-20.00,81.31,61.31,-4.6226,-0.102723,-0.102723,0.000000,0.000000,1563,24.0671
9.1101,454,-15.3774,-14.5800,0.3315,-0.0000,-20.00,81.31,61.31,-4.6226,-0.102723,-0.102723,0.000000,0.000000,1563,24.0671
9.1302,455,-15.3774,-14.5800,0.3315,0.1119,-20.00,81.31,61.31,-4.6226,-0.103096,-0.102723,-0.000373,0.000000,1563,24.0671
9.1502,456,-15.3774,-14.5800,0.3315,0.1119,-20.00,81.31,61.31,-4.6226,-0.103096,-0.102723,-0.000373,0.000000,1563,24.0671
9.1703,457,-15.3774,-14.5800,0.3315,-0.1119,-20.00,81.31,61.31,-4.6226,-0.102350,-0.102723,0.000373,0.000000,1563,24.0671
9.1904,458,-15.3774,-14.5800,0.3315,-0.1119,-20.00,81.31,61.31,-4.6226,-0.102350,-0.102723,0.000373,0.000000,1563,24.0671
9.2105,459,-15.3774,-14.5800,0.3315,-0.1119,-20.00,81.31,61.31,-4.6226,-0.102350,-0.102723,0.000373,0.000000,1563,24.0671
9.2306,460,-15.3774,-14.5800,0.3315,-0.1119,-20.00,81.31,61.31,-4.6226,-0.102350,-0.102723,0.000373,0.000000,1563,24.0671
9.2507,461,-15.3774,-14.5800,0.3315,-0.1119,-20.00,81.31,61.31,-4.6226,-0.102350,-0.102723,0.000373,0.000000,1563,24.0671
9.2707,462,-15.3774,-14.5800,0.3315,-0.0000,-20.00,81.31,61.31,-4.6226,-0.102723,-0.102723,0.000000,0.000000,1563,24.0671
9.2908,463,-15.3774,-14.5800,0.3315,-0.0000,-20.00,81.31,61.31,-4.6226,-0.102723,-0.102723,0.000000,0.000000,1563,24.0671
9.3109,464,-15.3774,-14.5800,0.3315,-0.0000,-20.00,81.31,61.31,-4.6226,-0.102723,-0.102723,0.000000,0.000000,1563,24.0671
9.3310,465,-15.3774,-14.5800,0.3315,-0.0000,-20.00,81.31,61.31,-4.6226,-0.102723,-0.102723,0.000000,0.000000,1563,24.0671
9.3511,466,-15.3774,-14.5800,0.3315,-0.0000,-20.00,81.31,61.31,-4.6226,-0.102723,-0.102723,0.000000,0.000000,1563,24.0671
9.3711,467,-15.3774,-14.5800,0.3315,-0.0000,-20.00,81.31,61.31,-4.6226,-0.102723,-0.102723,0.000000,0.000000,1563,24.0671
9.3912,468,-15.3774,-14.5800,0.3315,-0.0000,-20.00,81.31,61.31,-4.6226,-0.102723,-0.102723,0.000000,0.000000,1563,24.0671
9.4113,469,-15.3775,-14.5800,0.3299,-0.0000,-20.00,81.31,61.31,-4.6225,-0.102723,-0.102723,0.000000,0.000000,1563,24.0672
9.4314,470,-15.3775,-14.5800,0.3299,-0.0000,-20.00,81.31,61.31,-4.6225,-0.102723,-0.102723,0.000000,0.000000,1563,24.0672
9.4515,471,-15.3775,-14.5800,0.3299,-0.0000,-20.00,81.31,61.31,-4.6225,-0.102723,-0.102723,0.000000,0.000000,1563,24.0672
9.4715,472,-15.3775,-14.5800,0.3299,-0.0000,-20.00,81.31,61.31,-4.6225,-0.102723,-0.102723,0.000000,0.000000,1563,24.0672
9.4916,473,-15.3775,-14.5800,0.3299,-0.0000,-20.00,81.31,61.31,-4.6225,-0.102723,-0.102723,0.000000,0.000000,1563,24.0672
9.5117,474,-15.3850,-14.5800,0.3284,-0.0000,-20.00,81.31,61.31,-4.6150,-0.102556,-0.102556,0.000000,0.000000,1563,24.0747
9.5318,475,-15.3850,-14.5800,0.3284,-0.0000,-20.00,81.31,61.31,-4.6150,-0.102556,-0.102556,0.000000,0.000000,1563,24.0747
9.5519,476,-15.3850,-14.5800,0.3284,-0.0000,-20.00,81.31,61.31,-4.6150,-0.102556,-0.102556,0.000000,0.000000,1563,24.0747
9.5720,477,-15.3834,-14.5800,0.3284,-0.0000,-20.00,81.31,61.31,-4.6166,-0.102592,-0.102592,0.000000,0.000000,1563,24.0731
9.5920,478,-15.3834,-14.5800,0.3284,-0.0000,-20.00,81.31,61.31,-4.6166,-0.102592,-0.102592,0.000000,0.000000,1563,24.0731
9.6121,479,-15.3834,-14.5800,0.3284,-0.0000,-20.00,81.31,61.31,-4.6166,-0.102592,-0.102592,0.000000,0.000000,1563,24.0731
9.6322,480,-15.3834,-14.5800,0.3284,-0.0000,-20.00,81.31,61.31,-4.6166,-0.102592,-0.102592,0.000000,0.000000,1563,24.0731
9.6523,481,-15.3834,-14.5800,0.3284,-0.0000,-20.00,81.31,61.31,-4.6166,-0.102592,-0.102592,0.000000,0.000000,1563,24.0731
9.6724,482,-15.3834,-14.5800,0.3268,-0.0000,-20.00,81.31,61.31,-4.6166,-0.102591,-0.102591,0.000000,0.000000,1563,24.0731
9.6925,483,-15.3834,-14.5800,0.3268,-0.0000,-20.00,81.31,61.31,-4.6166,-0.102591,-0.102591,0.000000,0.000000,1563,24.0731
9.7125,484,-15.3834,-14.5800,0.3268,-0.0000,-20.00,81.31,61.31,-4.6166,-0.102591,-0.102591,0.000000,0.000000,1563,24.0731
9.7326,485,-15.3834,-14.5800,0.3268,-0.0000,-20.00,81.31,61.31,-4.6166,-0.102591,-0.102591,0.000000,0.000000,1563,24.0731
9.7527,486,-15.3834,-14.5800,0.3268,-0.0000,-20.00,81.31,61.31,-4.6166,-0.102591,-0.102591,0.000000,0.000000,1563,24.0731
9.7728,487,-15.3909,-14.5800,0.3269,-0.0000,-20.00,81.31,61.31,-4.6091,-0.102425,-0.102425,0.000000,0.000000,1563,24.0806
9.7929,488,-15.3909,-14.5800,0.3269,-0.0000,-20.00,81.31,61.31,-4.6091,-0.102425,-0.102425,0.000000,0.000000,1563,24.0806
9.8129,489,-15.3909,-14.5800,0.3253,-0.0000,-20.00,81.31,61.31,-4.6091,-0.102424,-0.102424,0.000000,0.000000,1563,24.0806
9.8330,490,-15.3909,-14.5800,0.3253,-0.0000,-20.00,81.31,61.31,-4.6091,-0.102424,-0.102424,0.000000,0.000000,1563,24.0806
9.8531,491,-15.3909,-14.5800,0.3253,-0.0000,-20.00,81.31,61.31,-4.6091,-0.102424,-0.102424,0.000000,0.000000,1563,24.0806
9.8732,492,-15.3909,-14.5800,0.3253,-0.0000,-20.00,81.31,61.31,-4.6091,-0.102424,-0.102424,0.000000,0.000000,1563,24.0806
9.8933,493,-15.3909,-14.5800,0.3253,-0.0000,-20.00,81.31,61.31,-4.6091,-0.102424,-0.102424,0.000000,0.000000,1563,24.0806
9.9134,494,-15.3909,-14.5800,0.3253,-0.0000,-20.00,81.31,61.31,-4.6091,-0.102424,-0.102424,0.000000,0.000000,1563,24.0806
9.9335,495,-15.3909,-14.5800,0.3253,-0.0000,-20.00,81.31,61.31,-4.6091,-0.102424,-0.102424,0.000000,0.000000,1563,24.0806
9.9535,496,-15.3909,-14.5800,0.3253,-0.0000,-20.00,81.31,61.31,-4.6091,-0.102424,-0.102424,0.000000,0.000000,1563,24.0806
9.9736,497,-15.3909,-14.5800,0.3269,-0.0000,-20.00,81.31,61.31,-4.6091,-0.102425,-0.102425,0.000000,0.000000,1563,24.0806
9.9937,498,-15.3909,-14.5800,0.3269,-0.0000,-20.00,81.31,61.31,-4.6091,-0.102425,-0.102425,0.000000,0.000000,1563,24.0806
10.0138,499,-15.3909,-14.5800,0.3269,-0.0000,-20.00,81.31,61.31,-4.6091,-0.102425,-0.102425,0.000000,0.000000,1563,24.0806
10.0339,500,-15.3909,-14.5800,0.3269,-0.0000,-20.00,81.31,61.31,-4.6091,-0.102425,-0.102425,0.000000,0.000000,1563,24.0806
10.0540,501,-15.3909,-14.5800,0.3269,-0.0000,-20.00,81.31,61.31,-4.6091,-0.102425,-0.102425,0.000000,0.000000,1563,24.0806
10.0741,502,-15.3909,-14.5800,0.3269,-0.0000,-20.00,81.31,61.31,-4.6091,-0.102425,-0.102425,0.000000,0.000000,1563,24.0806
10.0942,503,-15.3909,-14.5800,0.3269,-0.0000,-20.00,81.31,61.31,-4.6091,-0.102425,-0.102425,0.000000,0.000000,1563,24.0806
10.1142,504,-15.3984,-14.5800,0.3269,-0.0000,-20.00,81.31,61.31,-4.6016,-0.102258,-0.102258,0.000000,0.000000,1563,24.0881
10.1343,505,-15.3984,-14.5800,0.3269,-0.0000,-20.00,81.31,61.31,-4.6016,-0.102258,-0.102258,0.000000,0.000000,1563,24.0881
10.1544,506,-15.3984,-14.5800,0.3269,-0.0000,-20.00,81.31,61.31,-4.6016,-0.102258,-0.102258,0.000000,0.000000,1563,24.0881
10.1745,507,-15.3984,-14.5800,0.3269,-0.0000,-20.00,81.31,61.31,-4.6016,-0.102258,-0.102258,0.000000,0.000000,1563,24.0881
10.1946,508,-15.3984,-14.5800,0.3269,-0.0000,-20.00,81.31,61.31,-4.6016,-0.102258,-0.102258,0.000000,0.000000,1563,24.0881
10.2147,509,-15.3909,-14.5800,0.3269,-0.0000,-20.00,81.31,61.31,-4.6091,-0.102425,-0.102425,0.000000,0.000000,1563,24.0806
10.2347,510,-15.3909,-14.5800,0.3269,-0.0000,-20.00,81.31,61.31,-4.6091,-0.102425,-0.102425,0.000000,0.000000,1563,24.0806
10.2548,511,-15.3909,-14.5800,0.3269,-0.0000,-20.00,81.31,61.31,-4.6091,-0.102425,-0.102425,0.000000,0.000000,1563,24.0806
10.2749,512,-15.3909,-14.5800,0.3269,-0.0000,-20.00,81.31,61.31,-4.6091,-0.102425,-0.102425,0.000000,0.000000,1563,24.0806
10.2950,513,-15.3909,-14.5800,0.3269,-0.0000,-20.00,81.31,61.31,-4.6091,-0.102425,-0.102425,0.000000,0.000000,1563,24.0806
10.3151,514,-15.3909,-14.5800,0.3253,-0.0000,-20.00,81.31,61.31,-4.6091,-0.102424,-0.102424,0.000000,0.000000,1563,24.0806
10.3352,515,-15.3909,-14.5800,0.3253,-0.0000,-20.00,81.31,61.31,-4.6091,-0.102424,-0.102424,0.000000,0.000000,1563,24.0806
10.3553,516,-15.3909,-14.5800,0.3253,-0.0000,-20.00,81.31,61.31,-4.6091,-0.102424,-0.102424,0.000000,0.000000,1563,24.0806
10.3753,517,-15.3909,-14.5800,0.3178,-0.0000,-20.00,81.31,61.31,-4.6091,-0.102424,-0.102424,0.000000,0.000000,1563,24.0806
10.3954,518,-15.3909,-14.5800,0.3178,-0.0000,-20.00,81.31,61.31,-4.6091,-0.102424,-0.102424,0.000000,0.000000,1563,24.0806
10.4155,519,-15.3834,-14.5800,0.3252,-0.0000,-20.00,81.31,61.31,-4.6166,-0.102591,-0.102591,0.000000,0.000000,1563,24.0731
10.4355,520,-15.3834,-14.5800,0.3252,-0.0000,-20.00,81.31,61.31,-4.6166,-0.102591,-0.102591,0.000000,0.000000,1563,24.0731
10.4556,521,-15.3834,-14.5800,0.3252,-0.0000,-20.00,81.31,61.31,-4.6166,-0.102591,-0.102591,0.000000,0.000000,1563,24.0731
10.4757,522,-15.3834,-14.5800,0.3252,-0.0000,-20.00,81.31,61.31,-4.6166,-0.102591,-0.102591,0.000000,0.000000,1563,24.0731
10.4958,523,-15.3834,-14.5800,0.3252,-0.0000,-20.00,81.31,61.31,-4.6166,-0.102591,-0.102591,0.000000,0.000000,1563,24.0731
10.5158,524,-15.3834,-14.5800,0.3268,-0.0000,-20.00,81.31,61.31,-4.6166,-0.102591,-0.102591,0.000000,0.000000,1563,24.0731
10.5359,525,-15.3834,-14.5800,0.3268,-0.0000,-20.00,81.31,61.31,-4.6166,-0.102591,-0.102591,0.000000,0.000000,1563,24.0731
10.5560,526,-15.3834,-14.5800,0.3268,-0.0000,-20.00,81.31,61.31,-4.6166,-0.102591,-0.102591,0.000000,0.000000,1563,24.0731
10.5761,527,-15.3834,-14.5800,0.3268,-0.0000,-20.00,81.31,61.31,-4.6166,-0.102591,-0.102591,0.000000,0.000000,1563,24.0731
10.5961,528,-15.3834,-14.5800,0.3268,-0.0000,-20.00,81.31,61.31,-4.6166,-0.102591,-0.102591,0.000000,0.000000,1563,24.0731
10.6162,529,-15.3834,-14.5800,0.3268,-0.0000,-20.00,81.31,61.31,-4.6166,-0.102591,-0.102591,0.000000,0.000000,1563,24.0731
10.6363,530,-15.3834,-14.5800,0.3268,-0.0000,-20.00,81.31,61.31,-4.6166,-0.102591,-0.102591,0.000000,0.000000,1563,24.0731
10.6564,531,-15.3834,-14.5800,0.3268,-0.0000,-20.00,81.31,61.31,-4.6166,-0.102591,-0.102591,0.000000,0.000000,1563,24.0731
10.6765,532,-15.3834,-14.5800,0.3268,-0.0000,-20.00,81.31,61.31,-4.6166,-0.102591,-0.102591,0.000000,0.000000,1563,24.0731
10.6965,533,-15.3834,-14.5800,0.3268,-0.0000,-20.00,81.31,61.31,-4.6166,-0.102591,-0.102591,0.000000,0.000000,1563,24.0731
10.7166,534,-15.3834,-14.5800,0.3268,-0.0000,-20.00,81.31,61.31,-4.6166,-0.102591,-0.102591,0.000000,0.000000,1563,24.0731
10.7367,535,-15.3834,-14.5800,0.3268,-0.0000,-20.00,81.31,61.31,-4.6166,-0.102591,-0.102591,0.000000,0.000000,1563,24.0731
10.7568,536,-15.3834,-14.5800,0.3268,-0.0000,-20.00,81.31,61.31,-4.6166,-0.102591,-0.102591,0.000000,0.000000,1563,24.0731
10.7768,537,-15.3834,-14.5800,0.3252,0.1119,-20.00,81.31,61.31,-4.6166,-0.102964,-0.102591,-0.000373,0.000000,1563,24.0731
10.7969,538,-15.3834,-14.5800,0.3252,0.1119,-20.00,81.31,61.31,-4.6166,-0.102964,-0.102591,-0.000373,0.000000,1563,24.0731
10.8170,539,-15.3834,-14.5800,0.3177,0.1119,-20.00,81.31,61.31,-4.6166,-0.102963,-0.102590,-0.000373,0.000000,1563,24.0731
10.8371,540,-15.3834,-14.5800,0.3177,0.1119,-20.00,81.31,61.31,-4.6166,-0.102963,-0.102590,-0.000373,0.000000,1563,24.0731
10.8572,541,-15.3834,-14.5800,0.3177,0.1119,-20.00,81.31,61.31,-4.6166,-0.102963,-0.102590,-0.000373,0.000000,1563,24.0806
10.8773,542,-15.3909,-14.5800,0.3178,-0.2238,-20.00,81.31,61.31,-4.6091,-0.101678,-0.102424,0.000746,0.000000,1563,24.0806
10.8974,543,-15.3909,-14.5800,0.3178,-0.2238,-20.00,81.31,61.31,-4.6091,-0.101678,-0.102424,0.000746,0.000000,1563,24.0806
10.9175,544,-15.3984,-14.5800,0.3178,-0.0000,-20.00,81.31,61.31,-4.6016,-0.102257,-0.102257,0.000000,0.000000,1563,24.0881
10.9376,545,-15.3984,-14.5800,0.3178,-0.0000,-20.00,81.31,61.31,-4.6016,-0.102257,-0.102257,0.000000,0.000000,1563,24.0881
10.9576,546,-15.3984,-14.5800,0.3162,-0.0000,-20.00,81.31,61.31,-4.6016,-0.102257,-0.102257,0.000000,0.000000,1563,24.0881
10.9777,547,-15.3984,-14.5800,0.3162,0.1119,-20.00,81.31,61.31,-4.6016,-0.102630,-0.102257,-0.000373,0.000000,1563,24.0881
10.9978,548,-15.3984,-14.5800,0.3162,0.1119,-20.00,81.31,61.31,-4.6016,-0.102630,-0.102257,-0.000373,0.000000,1563,24.0881
11.0179,549,-15.3909,-14.5800,0.3178,0.1119,-20.00,81.31,61.31,-4.6091,-0.102797,-0.102424,-0.000373,0.000000,1563,24.0806
11.0380,550,-15.3909,-14.5800,0.3178,0.1119,-20.00,81.31,61.31,-4.6091,-0.102797,-0.102424,-0.000373,0.000000,1563,24.0806
11.0581,551,-15.3835,-14.5800,0.3161,0.1119,-20.00,81.31,61.31,-4.6165,-0.102963,-0.102590,-0.000373,0.000000,1563,24.0732
11.0782,552,-15.3835,-14.5800,0.3161,0.1119,-20.00,81.31,61.31,-4.6165,-0.102963,-0.102590,-0.000373,0.000000,1563,24.0732
11.0982,553,-15.3835,-14.5800,0.3161,0.1119,-20.00,81.31,61.31,-4.6165,-0.102963,-0.102590,-0.000373,0.000000,1563,24.0732
11.1183,554,-15.3851,-14.5800,0.3161,-0.1119,-20.00,81.31,61.31,-4.6149,-0.102181,-0.102554,0.000373,0.000000,1563,24.0747
11.1384,555,-15.3851,-14.5800,0.3161,-0.1119,-20.00,81.31,61.31,-4.6149,-0.102181,-0.102554,0.000373,0.000000,1563,24.0747
11.1585,556,-15.3776,-14.5800,0.3086,-0.1119,-20.00,81.31,61.31,-4.6224,-0.102347,-0.102720,0.000373,0.000000,1563,24.0673
11.1785,557,-15.3776,-14.5800,0.3086,-0.2238,-20.00,81.31,61.31,-4.6224,-0.101974,-0.102720,0.000746,0.000000,1563,24.0673
11.1986,558,-15.3776,-14.5800,0.3086,-0.2238,-20.00,81.31,61.31,-4.6224,-0.101974,-0.102720,0.000746,0.000000,1563,24.0673
11.2187,559,-15.3851,-14.5800,0.3086,-0.0000,-20.00,81.31,61.31,-4.6149,-0.102553,-0.102553,0.000000,0.000000,1563,24.0748
11.2394,560,-15.3851,-14.5800,0.3086,-0.0000,-20.00,81.31,61.31,-4.6149,-0.102553,-0.102553,0.000000,0.000000,1563,24.0748
11.2595,561,-15.3851,-14.5800,0.3145,-0.0000,-20.00,81.31,61.31,-4.6149,-0.102554,-0.102554,0.000000,0.000000,1563,24.0748
11.2795,562,-15.3851,-14.5800,0.3145,0.1119,-20.00,81.31,61.31,-4.6149,-0.102927,-0.102554,-0.000373,0.000000,1563,24.0748
11.2996,563,-15.3851,-14.5800,0.3145,0.1119,-20.00,81.31,61.31,-4.6149,-0.102927,-0.102554,-0.000373,0.000000,1563,24.0748
11.3197,564,-15.3851,-14.5800,0.3145,-0.0000,-20.00,81.31,61.31,-4.6149,-0.102554,-0.102554,0.000000,0.000000,1563,24.0748
11.3398,565,-15.3851,-14.5800,0.3145,-0.0000,-20.00,81.31,61.31,-4.6149,-0.102554,-0.102554,0.000000,0.000000,1563,24.0748
11.3598,566,-15.3776,-14.5800,0.3086,-0.0000,-20.00,81.31,61.31,-4.6224,-0.102720,-0.102720,0.000000,0.000000,1563,24.0673
11.3799,567,-15.3776,-14.5800,0.3086,-0.0000,-20.00,81.31,61.31,-4.6224,-0.102720,-0.102720,0.000000,0.000000,1563,24.0673
11.4000,568,-15.3776,-14.5800,0.3086,-0.0000,-20.00,81.31,61.31,-4.6224,-0.102720,-0.102720,0.000000,0.000000,1563,24.0673
11.4202,569,-15.3776,-14.5800,0.307,-0.0000,-20.00,81.31,61.31,-4.6224,-0.102719,-0.102719,0.000000,0.000000,1563,24.0673
11.4403,570,-15.3776,-14.5800,0.307,-0.0000,-20.00,81.31,61.31,-4.6224,-0.102719,-0.102719,0.000000,0.000000,1563,24.0673
11.4605,571,-15.3777,-14.5800,0.2995,-0.0000,-20.00,81.31,61.31,-4.6223,-0.102719,-0.102719,0.000000,0.000000,1563,24.0673
11.4807,572,-15.3777,-14.5800,0.2995,-0.0000,-20.00,81.31,61.31,-4.6223,-0.102719,-0.102719,0.000000,0.000000,1563,24.0673
11.5009,573,-15.3777,-14.5800,0.2995,-0.0000,-20.00,81.31,61.31,-4.6223,-0.102719,-0.102719,0.000000,0.000000,1563,24.0673
11.5210,574,-15.3777,-14.5800,0.2995,-0.2238,-20.00,81.31,61.31,-4.6223,-0.101973,-0.102719,0.000746,0.000000,1563,24.0673
11.5411,575,-15.3777,-14.5800,0.2995,-0.2238,-20.00,81.31,61.31,-4.6223,-0.101973,-0.102719,0.000746,0.000000,1563,24.0673
11.5613,576,-15.3852,-14.5800,0.2979,-0.2238,-20.00,81.31,61.31,-4.6148,-0.101806,-0.102552,0.000746,0.000000,1563,24.0749
11.5814,577,-15.3852,-14.5800,0.2979,-0.0000,-20.00,81.31,61.31,-4.6148,-0.102552,-0.102552,0.000000,0.000000,1563,24.0749
11.6015,578,-15.3852,-14.5800,0.2979,-0.0000,-20.00,81.31,61.31,-4.6148,-0.102552,-0.102552,0.000000,0.000000,1563,24.0749
11.6216,579,-15.3777,-14.5800,0.2963,0.2238,-20.00,81.31,61.31,-4.6223,-0.103464,-0.102718,-0.000746,0.000000,1563,24.0674
11.6416,580,-15.3777,-14.5800,0.2963,0.2238,-20.00,81.31,61.31,-4.6223,-0.103464,-0.102718,-0.000746,0.000000,1563,24.0674
11.6617,581,-15.3702,-14.5800,0.2962,0.2238,-20.00,81.31,61.31,-4.6298,-0.103630,-0.102884,-0.000746,0.000000,1563,24.0599
11.6818,582,-15.3702,-14.5800,0.2962,0.3357,-20.00,81.31,61.31,-4.6298,-0.104003,-0.102884,-0.001119,0.000000,1564,24.0599
11.7019,583,-15.3702,-14.5800,0.2962,0.3357,-20.00,81.31,61.31,-4.6298,-0.104003,-0.102884,-0.001119,0.000000,1564,24.0599
11.7220,584,-15.3627,-14.5800,0.2887,0.2238,-20.00,81.31,61.31,-4.6373,-0.103796,-0.103050,-0.000746,0.000000,1563,24.0524
11.7421,585,-15.3627,-14.5800,0.2887,0.2238,-20.00,81.31,61.31,-4.6373,-0.103796,-0.103050,-0.000746,0.000000,1563,24.0524
11.7622,586,-15.3553,-14.5800,0.2886,0.2238,-20.00,81.31,61.31,-4.6447,-0.103963,-0.103217,-0.000746,0.000000,1563,24.0449
11.7823,587,-15.3553,-14.5800,0.2886,-0.0000,-20.00,81.31,61.31,-4.6447,-0.103217,-0.103217,0.000000,0.000000,1563,24.0449
11.8023,588,-15.3553,-14.5800,0.2886,-0.0000,-20.00,81.31,61.31,-4.6447,-0.103217,-0.103217,0.000000,0.000000,1563,24.0449
11.8224,589,-15.3552,-14.5800,0.2902,-0.2238,-20.00,81.31,61.31,-4.6448,-0.102471,-0.103217,0.000746,0.000000,1563,24.0449
11.8425,590,-15.3552,-14.5800,0.2902,-0.2238,-20.00,81.31,61.31,-4.6448,-0.102471,-0.103217,0.000746,0.000000,1563,24.0449
11.8626,591,-15.3702,-14.5800,0.2903,-0.2238,-20.00,81.31,61.31,-4.6298,-0.102138,-0.102884,0.000746,0.000000,1563,24.0599
11.8827,592,-15.3702,-14.5800,0.2903,-0.0000,-20.00,81.31,61.31,-4.6298,-0.102884,-0.102884,0.000000,0.000000,1563,24.0599
11.9027,593,-15.3702,-14.5800,0.2903,-0.0000,-20.00,81.31,61.31,-4.6298,-0.102884,-0.102884,0.000000,0.000000,1563,24.0599
11.9228,594,-15.3778,-14.5800,0.2829,-0.1119,-20.00,81.31,61.31,-4.6222,-0.102344,-0.102717,0.000373,0.000000,1563,24.0674
11.9429,595,-15.3778,-14.5800,0.2829,-0.1119,-20.00,81.31,61.31,-4.6222,-0.102344,-0.102717,0.000373,0.000000,1563,24.0674
11.9630,596,-15.3911,-14.5800,0.2921,-0.1119,-20.00,81.31,61.31,-4.6089,-0.102047,-0.102420,0.000373,0.000000,1563,24.0808
11.9834,597,-15.3911,-14.5800,0.2921,-0.0000,-20.00,81.31,61.31,-4.6089,-0.102420,-0.102420,0.000000,0.000000,1563,24.0808
12.0035,598,-15.3911,-14.5800,0.2921,-0.0000,-20.00,81.31,61.31,-4.6089,-0.102420,-0.102420,0.000000,0.000000,1563,24.0808
12.0235,599,-15.3911,-14.5800,0.283,0.1119,-20.00,81.31,61.31,-4.6089,-0.102792,-0.102419,-0.000373,0.000000,1563,24.0808
12.0436,600,-15.3911,-14.5800,0.283,0.1119,-20.00,81.31,61.31,-4.6089,-0.102792,-0.102419,-0.000373,0.000000,1563,24.0808
12.0637,601,-15.3836,-14.5800,0.2904,0.1119,-20.00,81.31,61.31,-4.6164,-0.102959,-0.102586,-0.000373,0.000000,1563,24.0733
12.0837,602,-15.3836,-14.5800,0.2904,-0.0000,-20.00,81.31,61.31,-4.6164,-0.102586,-0.102586,0.000000,0.000000,1563,24.0733
12.1038,603,-15.3836,-14.5800,0.2904,-0.0000,-20.00,81.31,61.31,-4.6164,-0.102586,-0.102586,0.000000,0.000000,1563,24.0733
12.1239,604,-15.3702,-14.5800,0.2903,0.1119,-20.00,81.31,61.31,-4.6298,-0.103257,-0.102884,-0.000373,0.000000,1563,24.0599
12.1440,605,-15.3702,-14.5800,0.2903,0.1119,-20.00,81.31,61.31,-4.6298,-0.103257,-0.102884,-0.000373,0.000000,1563,24.0599
12.1641,606,-15.3627,-14.5800,0.2919,0.1119,-20.00,81.31,61.31,-4.6373,-0.103424,-0.103051,-0.000373,0.000000,1563,24.0524
12.1841,607,-15.3627,-14.5800,0.2919,0.5595,-20.00,81.31,61.31,-4.6373,-0.104916,-0.103051,-0.001865,0.000000,1564,24.0524
12.2042,608,-15.3627,-14.5800,0.2919,0.5595,-20.00,81.31,61.31,-4.6373,-0.104916,-0.103051,-0.001865,0.000000,1564,24.0524
12.2243,609,-15.3552,-14.5800,0.2902,-0.0000,-20.00,81.31,61.31,-4.6448,-0.103217,-0.103217,0.000000,0.000000,1563,24.0449
12.2444,610,-15.3552,-14.5800,0.2902,-0.0000,-20.00,81.31,61.31,-4.6448,-0.103217,-0.103217,0.000000,0.000000,1563,24.0449
12.2645,611,-15.3627,-14.5800,0.2919,-0.0000,-20.00,81.31,61.31,-4.6373,-0.103051,-0.103051,0.000000,0.000000,1563,24.0524
12.2846,612,-15.3627,-14.5800,0.2919,-0.1119,-20.00,81.31,61.31,-4.6373,-0.102678,-0.103051,0.000373,0.000000,1563,24.0524
12.3046,613,-15.3627,-14.5800,0.2919,-0.1119,-20.00,81.31,61.31,-4.6373,-0.102678,-0.103051,0.000373,0.000000,1563,24.0524
12.3247,614,-15.3702,-14.5800,0.301,-0.2238,-20.00,81.31,61.31,-4.6298,-0.102139,-0.102885,0.000746,0.000000,1563,24.0598
12.3448,615,-15.3702,-14.5800,0.301,-0.2238,-20.00,81.31,61.31,-4.6298,-0.102139,-0.102885,0.000746,0.000000,1563,24.0598
12.3649,616,-15.3777,-14.5800,0.2936,-0.2238,-20.00,81.31,61.31,-4.6223,-0.101972,-0.102718,0.000746,0.000000,1563,24.0674
12.3850,617,-15.3777,-14.5800,0.2936,-0.0000,-20.00,81.31,61.31,-4.6223,-0.102718,-0.102718,0.000000,0.000000,1563,24.0674
12.4050,618,-15.3777,-14.5800,0.2936,-0.0000,-20.00,81.31,61.31,-4.6223,-0.102718,-0.102718,0.000000,0.000000,1563,24.0674
12.4251,619,-15.3777,-14.5800,0.2952,0.2238,-20.00,81.31,61.31,-4.6223,-0.103464,-0.102718,-0.000746,0.000000,1563,24.0674
12.4452,620,-15.3777,-14.5800,0.2952,0.2238,-20.00,81.31,61.31,-4.6223,-0.103464,-0.102718,-0.000746,0.000000,1563,24.0674
12.4653,621,-15.3702,-14.5800,0.2967,0.2238,-20.00,81.31,61.31,-4.6298,-0.103631,-0.102885,-0.000746,0.000000,1563,24.0599
12.4853,622,-15.3702,-14.5800,0.2967,0.3357,-20.00,81.31,61.31,-4.6298,-0.104004,-0.102885,-0.001119,0.000000,1564,24.0599
12.5054,623,-15.3702,-14.5800,0.2967,0.3357,-20.00,81.31,61.31,-4.6298,-0.104004,-0.102885,-0.001119,0.000000,1564,24.0599
12.5255,624,-15.3627,-14.5800,0.2951,0.2238,-20.00,81.31,61.31,-4.6373,-0.103797,-0.103051,-0.000746,0.000000,1563,24.0524
12.5456,625,-15.3627,-14.5800,0.2951,0.2238,-20.00,81.31,61.31,-4.6373,-0.103797,-0.103051,-0.000746,0.000000,1563,24.0524
12.5657,626,-15.3552,-14.5800,0.2934,-0.1119,-20.00,81.31,61.31,-4.6448,-0.102844,-0.103217,0.000373,0.000000,1563,24.0449
12.5857,627,-15.3552,-14.5800,0.2934,-0.1119,-20.00,81.31,61.31,-4.6448,-0.102844,-0.103217,0.000373,0.000000,1563,24.0449
12.6058,628,-15.3552,-14.5800,0.2934,-0.1119,-20.00,81.31,61.31,-4.6448,-0.102844,-0.103217,0.000373,0.000000,1563,24.0449
12.6259,629,-15.3627,-14.5800,0.2951,-0.2238,-20.00,81.31,61.31,-4.6373,-0.102305,-0.103051,0.000746,0.000000,1563,24.0524
12.6460,630,-15.3627,-14.5800,0.2951,-0.2238,-20.00,81.31,61.31,-4.6373,-0.102305,-0.103051,0.000746,0.000000,1563,24.0524
12.6661,631,-15.3702,-14.5800,0.2967,-0.2238,-20.00,81.31,61.31,-4.6298,-0.102139,-0.102885,0.000746,0.000000,1563,24.0599
12.6862,632,-15.3702,-14.5800,0.2967,-0.2238,-20.00,81.31,61.31,-4.6298,-0.102139,-0.102885,0.000746,0.000000,1563,24.0599
12.7062,633,-15.3702,-14.5800,0.2967,-0.2238,-20.00,81.31,61.31,-4.6298,-0.102139,-0.102885,0.000746,0.000000,1563,24.0733
12.7263,634,-15.3836,-14.5800,0.2952,-0.0000,-20.00,81.31,61.31,-4.6164,-0.102587,-0.102587,0.000000,0.000000,1563,24.0733
12.7464,635,-15.3836,-14.5800,0.2952,-0.0000,-20.00,81.31,61.31,-4.6164,-0.102587,-0.102587,0.000000,0.000000,1563,24.0733
12.7665,636,-15.3911,-14.5800,0.2937,-0.0000,-20.00,81.31,61.31,-4.6089,-0.102421,-0.102421,0.000000,0.000000,1563,24.0808
12.7866,637,-15.3911,-14.5800,0.2937,-0.0000,-20.00,81.31,61.31,-4.6089,-0.102421,-0.102421,0.000000,0.000000,1563,24.0808
12.8066,638,-15.3836,-14.5800,0.2936,-0.0000,-20.00,81.31,61.31,-4.6164,-0.102587,-0.102587,0.000000,0.000000,1563,24.0733
12.8272,639,-15.3836,-14.5800,0.2936,0.4476,-20.00,81.31,61.31,-4.6164,-0.104079,-0.102587,-0.001492,0.000000,1564,24.0733
12.8473,640,-15.3836,-14.5800,0.2936,0.4476,-20.00,81.31,61.31,-4.6164,-0.104079,-0.102587,-0.001492,0.000000,1564,24.0733
12.8674,641,-15.3777,-14.5800,0.2845,0.2238,-20.00,81.31,61.31,-4.6223,-0.103463,-0.102717,-0.000746,0.000000,1563,24.0674
12.8875,642,-15.3777,-14.5800,0.2845,0.2238,-20.00,81.31,61.31,-4.6223,-0.103463,-0.102717,-0.000746,0.000000,1563,24.0674
12.9075,643,-15.3777,-14.5800,0.292,0.2238,-20.00,81.31,61.31,-4.6223,-0.103464,-0.102718,-0.000746,0.000000,1563,24.0674
12.9276,644,-15.3777,-14.5800,0.292,0.1119,-20.00,81.31,61.31,-4.6223,-0.103091,-0.102718,-0.000373,0.000000,1563,24.0674
12.9477,645,-15.3777,-14.5800,0.292,0.1119,-20.00,81.31,61.31,-4.6223,-0.103091,-0.102718,-0.000373,0.000000,1563,24.0674
12.9678,646,-15.3702,-14.5800,0.2919,0.1119,-20.00,81.31,61.31,-4.6298,-0.103257,-0.102884,-0.000373,0.000000,1563,24.0599
12.9879,647,-15.3702,-14.5800,0.2919,0.1119,-20.00,81.31,61.31,-4.6298,-0.103257,-0.102884,-0.000373,0.000000,1563,24.0599
13.0079,648,-15.3777,-14.5800,0.292,0.1119,-20.00,81.31,61.31,-4.6223,-0.103091,-0.102718,-0.000373,0.000000,1563,24.0674
13.0280,649,-15.3777,-14.5800,0.292,-0.2238,-20.00,81.31,61.31,-4.6223,-0.101972,-0.102718,0.000746,0.000000,1563,24.0674
13.0481,650,-15.3777,-14.5800,0.292,-0.2238,-20.00,81.31,61.31,-4.6223,-0.101972,-0.102718,0.000746,0.000000,1563,24.0674
13.0682,651,-15.3986,-14.5800,0.2922,-0.1119,-20.00,81.31,61.31,-4.6014,-0.101881,-0.102254,0.000373,0.000000,1563,24.0883
13.0883,652,-15.3986,-14.5800,0.2922,-0.1119,-20.00,81.31,61.31,-4.6014,-0.101881,-0.102254,0.000373,0.000000,1563,24.0883
13.1083,653,-15.3986,-14.5800,0.2938,-0.1119,-20.00,81.31,61.31,-4.6014,-0.101881,-0.102254,0.000373,0.000000,1563,24.0883
13.1284,654,-15.3986,-14.5800,0.2938,-0.0000,-20.00,81.31,61.31,-4.6014,-0.102254,-0.102254,0.000000,0.000000,1563,24.0883
13.1485,655,-15.3986,-14.5800,0.2938,-0.0000,-20.00,81.31,61.31,-4.6014,-0.102254,-0.102254,0.000000,0.000000,1563,24.0883
13.1686,656,-15.3911,-14.5800,0.2937,-0.0000,-20.00,81.31,61.31,-4.6089,-0.102421,-0.102421,0.000000,0.000000,1563,24.0808
13.1887,657,-15.3911,-14.5800,0.2937,-0.0000,-20.00,81.31,61.31,-4.6089,-0.102421,-0.102421,0.000000,0.000000,1563,24.0808
13.2087,658,-15.3911,-14.5800,0.2937,-0.0000,-20.00,81.31,61.31,-4.6089,-0.102421,-0.102421,0.000000,0.000000,1563,24.0808
13.2288,659,-15.3911,-14.5800,0.2937,-0.0000,-20.00,81.31,61.31,-4.6089,-0.102421,-0.102421,0.000000,0.000000,1563,24.0808
13.2489,660,-15.3911,-14.5800,0.2937,-0.0000,-20.00,81.31,61.31,-4.6089,-0.102421,-0.102421,0.000000,0.000000,1563,24.0808
13.2690,661,-15.3986,-14.5800,0.2938,-0.0000,-20.00,81.31,61.31,-4.6014,-0.102254,-0.102254,0.000000,0.000000,1563,24.0883
13.2891,662,-15.3986,-14.5800,0.2938,-0.0000,-20.00,81.31,61.31,-4.6014,-0.102254,-0.102254,0.000000,0.000000,1563,24.0883
13.3092,663,-15.3986,-14.5800,0.2938,-0.0000,-20.00,81.31,61.31,-4.6014,-0.102254,-0.102254,0.000000,0.000000,1563,24.0883
13.3293,664,-15.3986,-14.5800,0.2938,-0.0000,-20.00,81.31,61.31,-4.6014,-0.102254,-0.102254,0.000000,0.000000,1563,24.0883
13.3493,665,-15.3986,-14.5800,0.2938,-0.0000,-20.00,81.31,61.31,-4.6014,-0.102254,-0.102254,0.000000,0.000000,1563,24.0883
13.3694,666,-15.3986,-14.5800,0.2922,-0.0000,-20.00,81.31,61.31,-4.6014,-0.102254,-0.102254,0.000000,0.000000,1563,24.0883
13.3895,667,-15.3986,-14.5800,0.2922,-0.0000,-20.00,81.31,61.31,-4.6014,-0.102254,-0.102254,0.000000,0.000000,1563,24.0883
13.4096,668,-15.3986,-14.5800,0.2922,-0.0000,-20.00,81.31,61.31,-4.6014,-0.102254,-0.102254,0.000000,0.000000,1563,24.0883
13.4297,669,-15.3986,-14.5800,0.2922,-0.0000,-20.00,81.31,61.31,-4.6014,-0.102254,-0.102254,0.000000,0.000000,1563,24.0883
13.4498,670,-15.3986,-14.5800,0.2922,-0.0000,-20.00,81.31,61.31,-4.6014,-0.102254,-0.102254,0.000000,0.000000,1563,24.0883
13.4698,671,-15.3986,-14.5800,0.2922,-0.0000,-20.00,81.31,61.31,-4.6014,-0.102254,-0.102254,0.000000,0.000000,1563,24.0883
13.4900,672,-15.3986,-14.5800,0.2922,-0.0000,-20.00,81.31,61.31,-4.6014,-0.102254,-0.102254,0.000000,0.000000,1563,24.0883
13.5101,673,-15.3986,-14.5800,0.2922,-0.0000,-20.00,81.31,61.31,-4.6014,-0.102254,-0.102254,0.000000,0.000000,1563,24.0883
13.5302,674,-15.3986,-14.5800,0.2922,-0.0000,-20.00,81.31,61.31,-4.6014,-0.102254,-0.102254,0.000000,0.000000,1563,24.0883
13.5503,675,-15.3986,-14.5800,0.2922,-0.0000,-20.00,81.31,61.31,-4.6014,-0.102254,-0.102254,0.000000,0.000000,1563,24.0883
13.5704,676,-15.3986,-14.5800,0.2922,-0.0000,-20.00,81.31,61.31,-4.6014,-0.102254,-0.102254,0.000000,0.000000,1563,24.0883
13.5904,677,-15.3986,-14.5800,0.2922,-0.0000,-20.00,81.31,61.31,-4.6014,-0.102254,-0.102254,0.000000,0.000000,1563,24.0883
13.6105,678,-15.3986,-14.5800,0.2922,-0.0000,-20.00,81.31,61.31,-4.6014,-0.102254,-0.102254,0.000000,0.000000,1563,24.0883
13.6306,679,-15.3986,-14.5800,0.2922,-0.0000,-20.00,81.31,61.31,-4.6014,-0.102254,-0.102254,0.000000,0.000000,1563,24.0883
13.6507,680,-15.3986,-14.5800,0.2922,-0.0000,-20.00,81.31,61.31,-4.6014,-0.102254,-0.102254,0.000000,0.000000,1563,24.0883
13.6708,681,-15.4061,-14.5800,0.2922,-0.0000,-20.00,81.31,61.31,-4.5939,-0.102087,-0.102087,0.000000,0.000000,1563,24.0958
13.6909,682,-15.4061,-14.5800,0.2922,-0.0000,-20.00,81.31,61.31,-4.5939,-0.102087,-0.102087,0.000000,0.000000,1563,24.0958
13.7110,683,-15.4061,-14.5800,0.2922,-0.0000,-20.00,81.31,61.31,-4.5939,-0.102087,-0.102087,0.000000,0.000000,1563,24.0958
13.7311,684,-15.4061,-14.5800,0.2922,-0.0000,-20.00,81.31,61.31,-4.5939,-0.102087,-0.102087,0.000000,0.000000,1563,24.0958
13.7511,685,-15.4061,-14.5800,0.2922,-0.0000,-20.00,81.31,61.31,-4.5939,-0.102087,-0.102087,0.000000,0.000000,1563,24.0958
13.7712,686,-15.4061,-14.5800,0.2922,-0.0000,-20.00,81.31,61.31,-4.5939,-0.102087,-0.102087,0.000000,0.000000,1563,24.0958
13.7913,687,-15.4061,-14.5800,0.2922,-0.0000,-20.00,81.31,61.31,-4.5939,-0.102087,-0.102087,0.000000,0.000000,1563,24.0958
13.8114,688,-15.4061,-14.5800,0.2922,-0.0000,-20.00,81.31,61.31,-4.5939,-0.102087,-0.102087,0.000000,0.000000,1563,24.0958
13.8315,689,-15.4061,-14.5800,0.2922,-0.0000,-20.00,81.31,61.31,-4.5939,-0.102087,-0.102087,0.000000,0.000000,1563,24.0958
13.8515,690,-15.4061,-14.5800,0.2922,-0.0000,-20.00,81.31,61.31,-4.5939,-0.102087,-0.102087,0.000000,0.000000,1563,24.0958
13.8716,691,-15.4061,-14.5800,0.2938,-0.0000,-20.00,81.31,61.31,-4.5939,-0.102088,-0.102088,0.000000,0.000000,1563,24.0957
13.8917,692,-15.4061,-14.5800,0.2938,-0.0000,-20.00,81.31,61.31,-4.5939,-0.102088,-0.102088,0.000000,0.000000,1563,24.0957
13.9118,693,-15.3986,-14.5800,0.2938,-0.0000,-20.00,81.31,61.31,-4.6014,-0.102254,-0.102254,0.000000,0.000000,1563,24.0883
13.9319,694,-15.3986,-14.5800,0.2938,-0.0000,-20.00,81.31,61.31,-4.6014,-0.102254,-0.102254,0.000000,0.000000,1563,24.0883
13.9519,695,-15.3986,-14.5800,0.2938,-0.0000,-20.00,81.31,61.31,-4.6014,-0.102254,-0.102254,0.000000,0.000000,1563,24.0883
13.9720,696,-15.3986,-14.5800,0.2938,-0.0000,-20.00,81.31,61.31,-4.6014,-0.102254,-0.102254,0.000000,0.000000,1563,24.0883
13.9921,697,-15.3986,-14.5800,0.2938,-0.0000,-20.00,81.31,61.31,-4.6014,-0.102254,-0.102254,0.000000,0.000000,1563,24.0883
14.0122,698,-15.3986,-14.5800,0.2954,-0.0000,-20.00,81.31,61.31,-4.6014,-0.102254,-0.102254,0.000000,0.000000,1563,24.0882
14.0323,699,-15.3986,-14.5800,0.2954,-0.0000,-20.00,81.31,61.31,-4.6014,-0.102254,-0.102254,0.000000,0.000000,1563,24.0882
14.0523,700,-15.3986,-14.5800,0.2954,-0.0000,-20.00,81.31,61.31,-4.6014,-0.102254,-0.102254,0.000000,0.000000,1563,24.0882
14.0724,701,-15.3985,-14.5800,0.3028,-0.0000,-20.00,81.31,61.31,-4.6015,-0.102255,-0.102255,0.000000,0.000000,1563,24.0882
14.0925,702,-15.3985,-14.5800,0.3028,-0.0000,-20.00,81.31,61.31,-4.6015,-0.102255,-0.102255,0.000000,0.000000,1563,24.0882
14.1126,703,-15.3985,-14.5800,0.3028,-0.0000,-20.00,81.31,61.31,-4.6015,-0.102255,-0.102255,0.000000,0.000000,1563,24.0882
14.1327,704,-15.3985,-14.5800,0.3028,-0.0000,-20.00,81.31,61.31,-4.6015,-0.102255,-0.102255,0.000000,0.000000,1563,24.0882
14.1527,705,-15.3985,-14.5800,0.3028,-0.0000,-20.00,81.31,61.31,-4.6015,-0.102255,-0.102255,0.000000,0.000000,1563,24.0882
14.1728,706,-15.3985,-14.5800,0.3044,-0.0000,-20.00,81.31,61.31,-4.6015,-0.102256,-0.102256,0.000000,0.000000,1563,24.0882
14.1929,707,-15.3985,-14.5800,0.3044,-0.0000,-20.00,81.31,61.31,-4.6015,-0.102256,-0.102256,0.000000,0.000000,1563,24.0882
14.2130,708,-15.3985,-14.5800,0.3044,-0.0000,-20.00,81.31,61.31,-4.6015,-0.102256,-0.102256,0.000000,0.000000,1563,24.0882
14.2331,709,-15.3985,-14.5800,0.3044,-0.0000,-20.00,81.31,61.31,-4.6015,-0.102256,-0.102256,0.000000,0.000000,1563,24.0882
14.2532,710,-15.3985,-14.5800,0.3044,-0.0000,-20.00,81.31,61.31,-4.6015,-0.102256,-0.102256,0.000000,0.000000,1563,24.0882
14.2732,711,-15.3985,-14.5800,0.3044,-0.0000,-20.00,81.31,61.31,-4.6015,-0.102256,-0.102256,0.000000,0.000000,1563,24.0882
14.2933,712,-15.3985,-14.5800,0.3044,-0.0000,-20.00,81.31,61.31,-4.6015,-0.102256,-0.102256,0.000000,0.000000,1563,24.0882
14.3134,713,-15.4060,-14.5800,0.3029,-0.0000,-20.00,81.31,61.31,-4.5940,-0.102089,-0.102089,0.000000,0.000000,1563,24.0957
14.3335,714,-15.4060,-14.5800,0.3029,-0.0000,-20.00,81.31,61.31,-4.5940,-0.102089,-0.102089,0.000000,0.000000,1563,24.0957
14.3536,715,-15.4060,-14.5800,0.3029,-0.0000,-20.00,81.31,61.31,-4.5940,-0.102089,-0.102089,0.000000,0.000000,1563,24.0957
14.3737,716,-15.3985,-14.5800,0.3028,-0.1119,-20.00,81.31,61.31,-4.6015,-0.101882,-0.102255,0.000373,0.000000,1563,24.0882
14.3937,717,-15.3985,-14.5800,0.3028,-0.1119,-20.00,81.31,61.31,-4.6015,-0.101882,-0.102255,0.000373,0.000000,1563,24.0882
14.4138,718,-15.3910,-14.5800,0.3012,-0.0000,-20.00,81.31,61.31,-4.6090,-0.102421,-0.102421,0.000000,0.000000,1563,24.0807
14.4339,719,-15.3910,-14.5800,0.3012,-0.0000,-20.00,81.31,61.31,-4.6090,-0.102421,-0.102421,0.000000,0.000000,1563,24.0807
14.4540,720,-15.3910,-14.5800,0.3012,-0.0000,-20.00,81.31,61.31,-4.6090,-0.102421,-0.102421,0.000000,0.000000,1563,24.0807
14.4741,721,-15.3835,-14.5800,0.3011,0.2238,-20.00,81.31,61.31,-4.6165,-0.103334,-0.102588,-0.000746,0.000000,1563,24.0732
14.4941,722,-15.3835,-14.5800,0.3011,0.2238,-20.00,81.31,61.31,-4.6165,-0.103334,-0.102588,-0.000746,0.000000,1563,24.0732
14.5142,723,-15.3835,-14.5800,0.3011,0.1119,-20.00,81.31,61.31,-4.6165,-0.102961,-0.102588,-0.000373,0.000000,1563,24.0732
14.5343,724,-15.3835,-14.5800,0.3011,0.1119,-20.00,81.31,61.31,-4.6165,-0.102961,-0.102588,-0.000373,0.000000,1563,24.0732
14.5544,725,-15.3835,-14.5800,0.3011,0.1119,-20.00,81.31,61.31,-4.6165,-0.102961,-0.102588,-0.000373,0.000000,1563,24.0732
14.5745,726,-15.3852,-14.5800,0.2995,-0.4476,-20.00,81.31,61.31,-4.6148,-0.101060,-0.102552,0.001492,0.000000,1562,24.0748
14.5945,727,-15.3852,-14.5800,0.2995,-0.4476,-20.00,81.31,61.31,-4.6148,-0.101060,-0.102552,0.001492,0.000000,1562,24.0748
14.6146,728,-15.3911,-14.5800,0.298,-0.1119,-20.00,81.31,61.31,-4.6089,-0.102048,-0.102421,0.000373,0.000000,1563,24.0808
14.6347,729,-15.3911,-14.5800,0.298,-0.1119,-20.00,81.31,61.31,-4.6089,-0.102048,-0.102421,0.000373,0.000000,1563,24.0808
14.6548,730,-15.3911,-14.5800,0.298,-0.1119,-20.00,81.31,61.31,-4.6089,-0.102048,-0.102421,0.000373,0.000000,1563,24.0808
14.6749,731,-15.3911,-14.5800,0.2905,-0.0000,-20.00,81.31,61.31,-4.6089,-0.102420,-0.102420,0.000000,0.000000,1563,24.0808
14.6949,732,-15.3911,-14.5800,0.2905,-0.0000,-20.00,81.31,61.31,-4.6089,-0.102420,-0.102420,0.000000,0.000000,1563,24.0808
14.7150,733,-15.3911,-14.5800,0.2905,0.2238,-20.00,81.31,61.31,-4.6089,-0.103166,-0.102420,-0.000746,0.000000,1563,24.0808
14.7351,734,-15.3911,-14.5800,0.2905,0.2238,-20.00,81.31,61.31,-4.6089,-0.103166,-0.102420,-0.000746,0.000000,1563,24.0808
14.7552,735,-15.3911,-14.5800,0.2905,0.2238,-20.00,81.31,61.31,-4.6089,-0.103166,-0.102420,-0.000746,0.000000,1563,24.0807
14.7753,736,-15.3910,-14.5800,0.2996,-0.1119,-20.00,81.31,61.31,-4.6090,-0.102048,-0.102421,0.000373,0.000000,1563,24.0807
14.7954,737,-15.3910,-14.5800,0.2996,-0.1119,-20.00,81.31,61.31,-4.6090,-0.102048,-0.102421,0.000373,0.000000,1563,24.0807
14.8155,738,-15.3910,-14.5800,0.2996,-0.1119,-20.00,81.31,61.31,-4.6090,-0.102048,-0.102421,0.000373,0.000000,1563,24.0807
14.8356,739,-15.3910,-14.5800,0.2996,-0.1119,-20.00,81.31,61.31,-4.6090,-0.102048,-0.102421,0.000373,0.000000,1563,24.0807
14.8557,740,-15.3910,-14.5800,0.3012,-0.1119,-20.00,81.31,61.31,-4.6090,-0.102048,-0.102421,0.000373,0.000000,1563,24.0807
14.8758,741,-15.3910,-14.5800,0.3012,-0.0000,-20.00,81.31,61.31,-4.6090,-0.102421,-0.102421,0.000000,0.000000,1563,24.0807
14.8963,742,-15.3910,-14.5800,0.3012,-0.0000,-20.00,81.31,61.31,-4.6090,-0.102421,-0.102421,0.000000,0.000000,1563,24.0807
14.9164,743,-15.3835,-14.5800,0.3086,-0.1119,-20.00,81.31,61.31,-4.6165,-0.102216,-0.102589,0.000373,0.000000,1563,24.0732
14.9364,744,-15.3835,-14.5800,0.3086,-0.1119,-20.00,81.31,61.31,-4.6165,-0.102216,-0.102589,0.000373,0.000000,1563,24.0732
14.9565,745,-15.3835,-14.5800,0.3011,-0.1119,-20.00,81.31,61.31,-4.6165,-0.102215,-0.102588,0.000373,0.000000,1563,24.0732
14.9766,746,-15.3835,-14.5800,0.3011,-0.1119,-20.00,81.31,61.31,-4.6165,-0.102215,-0.102588,0.000373,0.000000,1563,24.0732
14.9967,747,-15.3835,-14.5800,0.3011,-0.1119,-20.00,81.31,61.31,-4.6165,-0.102215,-0.102588,0.000373,0.000000,1563,24.0732
15.0168,748,-15.3835,-14.5800,0.3027,-0.2238,-20.00,81.31,61.31,-4.6165,-0.101842,-0.102588,0.000746,0.000000,1563,24.0732
15.0369,749,-15.3835,-14.5800,0.3027,-0.2238,-20.00,81.31,61.31,-4.6165,-0.101842,-0.102588,0.000746,0.000000,1563,24.0732
15.0569,750,-15.3851,-14.5800,0.3027,-0.2238,-20.00,81.31,61.31,-4.6149,-0.101807,-0.102553,0.000746,0.000000,1563,24.0748
15.0770,751,-15.3851,-14.5800,0.3027,0.1119,-20.00,81.31,61.31,-4.6149,-0.102926,-0.102553,-0.000373,0.000000,1563,24.0748
15.0971,752,-15.3851,-14.5800,0.3027,0.1119,-20.00,81.31,61.31,-4.6149,-0.102926,-0.102553,-0.000373,0.000000,1563,24.0748
15.1172,753,-15.3776,-14.5800,0.3086,0.2238,-20.00,81.31,61.31,-4.6224,-0.103466,-0.102720,-0.000746,0.000000,1563,24.0673
15.1373,754,-15.3776,-14.5800,0.3086,0.2238,-20.00,81.31,61.31,-4.6224,-0.103466,-0.102720,-0.000746,0.000000,1563,24.0673
15.1573,755,-15.3776,-14.5800,0.3102,0.2238,-20.00,81.31,61.31,-4.6224,-0.103466,-0.102720,-0.000746,0.000000,1563,24.0673
15.1774,756,-15.3776,-14.5800,0.3102,-0.2238,-20.00,81.31,61.31,-4.6224,-0.101974,-0.102720,0.000746,0.000000,1563,24.0673
15.1975,757,-15.3776,-14.5800,0.3102,-0.2238,-20.00,81.31,61.31,-4.6224,-0.101974,-0.102720,0.000746,0.000000,1563,24.0673
15.2176,758,-15.3776,-14.5800,0.3027,-0.1119,-20.00,81.31,61.31,-4.6224,-0.102346,-0.102719,0.000373,0.000000,1563,24.0673
15.2377,759,-15.3776,-14.5800,0.3027,-0.1119,-20.00,81.31,61.31,-4.6224,-0.102346,-0.102719,0.000373,0.000000,1563,24.0673
15.2577,760,-15.3776,-14.5800,0.3027,-0.1119,-20.00,81.31,61.31,-4.6224,-0.102346,-0.102719,0.000373,0.000000,1563,24.0673
15.2778,761,-15.3776,-14.5800,0.3027,0.4476,-20.00,81.31,61.31,-4.6224,-0.104211,-0.102719,-0.001492,0.000000,1564,24.0673
15.2979,762,-15.3776,-14.5800,0.3027,0.4476,-20.00,81.31,61.31,-4.6224,-0.104211,-0.102719,-0.001492,0.000000,1564,24.0673
15.3180,763,-15.3776,-14.5800,0.3027,0.2238,-20.00,81.31,61.31,-4.6224,-0.103465,-0.102719,-0.000746,0.000000,1563,24.0673
15.3381,764,-15.3776,-14.5800,0.3027,0.2238,-20.00,81.31,61.31,-4.6224,-0.103465,-0.102719,-0.000746,0.000000,1563,24.0673
15.3582,765,-15.3701,-14.5800,0.3026,0.2238,-20.00,81.31,61.31,-4.6299,-0.103632,-0.102886,-0.000746,0.000000,1563,24.0598
15.3782,766,-15.3701,-14.5800,0.3026,-0.0000,-20.00,81.31,61.31,-4.6299,-0.102886,-0.102886,0.000000,0.000000,1563,24.0598
15.3984,767,-15.3701,-14.5800,0.3026,-0.0000,-20.00,81.31,61.31,-4.6299,-0.102886,-0.102886,0.000000,0.000000,1563,24.0598
15.4184,768,-15.3626,-14.5800,0.3101,-0.0000,-20.00,81.31,61.31,-4.6374,-0.103053,-0.103053,0.000000,0.000000,1563,24.0523
15.4385,769,-15.3626,-14.5800,0.3101,-0.0000,-20.00,81.31,61.31,-4.6374,-0.103053,-0.103053,0.000000,0.000000,1563,24.0523
15.4586,770,-15.3626,-14.5800,0.3116,-0.0000,-20.00,81.31,61.31,-4.6374,-0.103053,-0.103053,0.000000,0.000000,1563,24.0523
15.4787,771,-15.3626,-14.5800,0.3116,-0.0000,-20.00,81.31,61.31,-4.6374,-0.103053,-0.103053,0.000000,0.000000,1563,24.0523
15.4988,772,-15.3626,-14.5800,0.3116,-0.0000,-20.00,81.31,61.31,-4.6374,-0.103053,-0.103053,0.000000,0.000000,1563,24.0523
15.5188,773,-15.3626,-14.5800,0.3116,-0.0000,-20.00,81.31,61.31,-4.6374,-0.103053,-0.103053,0.000000,0.000000,1563,24.0523
15.5389,774,-15.3626,-14.5800,0.3116,-0.0000,-20.00,81.31,61.31,-4.6374,-0.103053,-0.103053,0.000000,0.000000,1563,24.0523
15.5590,775,-15.3626,-14.5800,0.3132,-0.0000,-20.00,81.31,61.31,-4.6374,-0.103054,-0.103054,0.000000,0.000000,1563,24.0523
15.5791,776,-15.3626,-14.5800,0.3132,-0.0000,-20.00,81.31,61.31,-4.6374,-0.103054,-0.103054,0.000000,0.000000,1563,24.0523
15.5992,777,-15.3626,-14.5800,0.3132,-0.0000,-20.00,81.31,61.31,-4.6374,-0.103054,-0.103054,0.000000,0.000000,1563,24.0523
15.6193,778,-15.3626,-14.5800,0.3132,-0.0000,-20.00,81.31,61.31,-4.6374,-0.103054,-0.103054,0.000000,0.000000,1563,24.0523
15.6393,779,-15.3626,-14.5800,0.3132,-0.0000,-20.00,81.31,61.31,-4.6374,-0.103054,-0.103054,0.000000,0.000000,1563,24.0523
15.6594,780,-15.3626,-14.5800,0.3132,-0.0000,-20.00,81.31,61.31,-4.6374,-0.103054,-0.103054,0.000000,0.000000,1563,24.0523
15.6795,781,-15.3626,-14.5800,0.3132,-0.0000,-20.00,81.31,61.31,-4.6374,-0.103054,-0.103054,0.000000,0.000000,1563,24.0523
15.6996,782,-15.3626,-14.5800,0.3132,-0.0000,-20.00,81.31,61.31,-4.6374,-0.103054,-0.103054,0.000000,0.000000,1563,24.0523
15.7197,783,-15.3626,-14.5800,0.3132,-0.0000,-20.00,81.31,61.31,-4.6374,-0.103054,-0.103054,0.000000,0.000000,1563,24.0523
15.7397,784,-15.3626,-14.5800,0.3132,-0.0000,-20.00,81.31,61.31,-4.6374,-0.103054,-0.103054,0.000000,0.000000,1563,24.0523
