t_s,iteration,sensor_mode,new_data,quat_changed,psi_deg,psi_dot_dps,psi_enc_deg,psi_imu_deg,phi_yaw_deg,setpoint_deg,rest_angle_deg,error_deg,integral_deg_s,u_norm,u_p,u_i,u_d,u_g,pwm_us
0.0000,1,enc,1,1,-0.0000,0.0000,-0.0000,-0.1137,-0.0729,80.00,88.12,80.0000,0.4000,0.918277,0.711111,0.001333,-0.000000,0.205833,1498
0.0085,2,enc,1,0,-0.0000,0.0000,-0.0000,-0.1137,-0.0729,80.00,88.12,80.0000,0.8000,0.919610,0.711111,0.002667,-0.000000,0.205833,1496
0.0136,3,enc,1,0,-0.0000,0.0000,-0.0000,-0.1137,-0.0729,80.00,88.12,80.0000,1.2000,0.920944,0.711111,0.004000,-0.000000,0.205833,1494
0.0187,4,enc,1,0,-0.0000,0.0000,-0.0000,-0.1137,-0.0729,80.00,88.12,80.0000,1.6000,0.922277,0.711111,0.005333,-0.000000,0.205833,1492
0.0239,5,enc,1,0,-0.0000,0.0000,-0.0000,-0.1137,-0.0729,80.00,88.12,80.0000,2.0000,0.923610,0.711111,0.006667,-0.000000,0.205833,1490
0.0289,6,enc,1,0,-0.0000,0.0000,-0.0000,-0.1137,-0.0729,80.00,88.12,80.0000,2.4000,0.924944,0.711111,0.008000,-0.000000,0.205833,1488
0.0340,7,enc,1,0,-0.0000,0.0000,-0.0000,-0.1137,-0.0729,80.00,88.12,80.0000,2.8000,0.926277,0.711111,0.009333,-0.000000,0.205833,1486
0.0391,8,enc,1,0,-0.0000,0.0000,-0.0000,-0.1137,-0.0729,80.00,88.12,80.0000,3.2000,0.927610,0.711111,0.010667,-0.000000,0.205833,1484
0.0441,9,enc,1,0,-0.0000,0.0000,-0.0000,-0.1137,-0.0729,80.00,88.12,80.0000,3.6000,0.928944,0.711111,0.012000,-0.000000,0.205833,1482
0.0492,10,enc,1,0,-0.0000,0.0000,-0.0000,-0.1137,-0.0729,80.00,88.12,80.0000,4.0000,0.930277,0.711111,0.013333,-0.000000,0.205833,1480
0.0543,11,enc,1,0,-0.0000,0.0000,-0.0000,-0.1137,-0.0729,80.00,88.12,80.0000,4.4000,0.931610,0.711111,0.014667,-0.000000,0.205833,1478
0.0593,12,enc,1,0,-0.0000,0.0000,-0.0000,-0.1137,-0.0729,80.00,88.12,80.0000,4.8000,0.932944,0.711111,0.016000,-0.000000,0.205833,1476
0.0644,13,enc,1,0,-0.0000,0.0000,-0.0000,-0.1137,-0.0729,80.00,88.12,80.0000,5.2000,0.934277,0.711111,0.017333,-0.000000,0.205833,1474
0.0695,14,enc,1,0,-0.0000,0.0000,-0.0000,-0.1137,-0.0729,80.00,88.12,80.0000,5.6000,0.935610,0.711111,0.018667,-0.000000,0.205833,1472
0.0746,15,enc,1,0,-0.0000,0.0000,-0.0000,-0.1137,-0.0729,80.00,88.12,80.0000,6.0000,0.936944,0.711111,0.020000,-0.000000,0.205833,1470
0.0796,16,enc,1,0,-0.0000,0.0000,-0.0000,-0.1137,-0.0729,80.00,88.12,80.0000,6.4000,0.938277,0.711111,0.021333,-0.000000,0.205833,1468
0.0847,17,enc,1,1,-0.0000,0.0000,-0.0000,0.0425,-0.0723,80.00,88.12,80.0000,6.8000,0.939610,0.711111,0.022667,-0.000000,0.205833,1466
0.0897,18,enc,1,0,-0.0000,0.0000,-0.0000,0.0425,-0.0723,80.00,88.12,80.0000,7.2000,0.940944,0.711111,0.024000,-0.000000,0.205833,1464
0.0948,19,enc,1,0,-0.0000,0.0000,-0.0000,0.0425,-0.0723,80.00,88.12,80.0000,7.6000,0.942277,0.711111,0.025333,-0.000000,0.205833,1462
0.0999,20,enc,1,0,-0.0000,0.0000,-0.0000,0.0425,-0.0723,80.00,88.12,80.0000,8.0000,0.943610,0.711111,0.026667,-0.000000,0.205833,1460
0.1050,21,enc,1,0,-0.0000,0.0000,-0.0000,0.0425,-0.0723,80.00,88.12,80.0000,8.4000,0.944944,0.711111,0.028000,-0.000000,0.205833,1458
0.1100,22,enc,1,0,-0.0000,0.0000,-0.0000,0.0425,-0.0723,80.00,88.12,80.0000,8.8000,0.946277,0.711111,0.029333,-0.000000,0.205833,1456
0.1151,23,enc,1,0,-0.0000,0.0000,-0.0000,0.0425,-0.0723,80.00,88.12,80.0000,9.2000,0.947610,0.711111,0.030667,-0.000000,0.205833,1454
0.1202,24,enc,1,0,-0.0000,0.0000,-0.0000,0.0425,-0.0723,80.00,88.12,80.0000,9.6000,0.948944,0.711111,0.032000,-0.000000,0.205833,1452
0.1253,25,enc,1,0,-0.0000,0.0000,-0.0000,0.0425,-0.0723,80.00,88.12,80.0000,10.0000,0.950277,0.711111,0.033333,-0.000000,0.205833,1450
0.1303,26,enc,1,0,-0.0000,0.0000,-0.0000,0.0425,-0.0723,80.00,88.12,80.0000,10.4000,0.951610,0.711111,0.034667,-0.000000,0.205833,1448
0.1354,27,enc,1,1,-0.0000,0.0000,-0.0000,-0.1086,-0.0086,80.00,88.12,80.0000,10.8000,0.952944,0.711111,0.036000,-0.000000,0.205833,1446
0.1405,28,enc,1,0,-0.0000,0.0000,-0.0000,-0.1086,-0.0086,80.00,88.12,80.0000,11.2000,0.954277,0.711111,0.037333,-0.000000,0.205833,1444
0.1456,29,enc,1,0,-0.0000,0.0000,-0.0000,-0.1086,-0.0086,80.00,88.12,80.0000,11.6000,0.955610,0.711111,0.038667,-0.000000,0.205833,1442
0.1506,30,enc,1,0,-0.0000,0.0000,-0.0000,-0.1086,-0.0086,80.00,88.12,80.0000,12.0000,0.956944,0.711111,0.040000,-0.000000,0.205833,1440
0.1557,31,enc,1,0,-0.0000,0.0000,-0.0000,-0.1086,-0.0086,80.00,88.12,80.0000,12.4000,0.958277,0.711111,0.041333,-0.000000,0.205833,1438
0.1608,32,enc,1,0,-0.0000,0.0000,-0.0000,-0.1086,-0.0086,80.00,88.12,80.0000,12.8000,0.959610,0.711111,0.042667,-0.000000,0.205833,1436
0.1659,33,enc,1,0,-0.0000,0.0000,-0.0000,-0.1086,-0.0086,80.00,88.12,80.0000,13.2000,0.960944,0.711111,0.044000,-0.000000,0.205833,1434
0.1709,34,enc,1,0,-0.0000,0.0000,-0.0000,-0.1086,-0.0086,80.00,88.12,80.0000,13.6000,0.962277,0.711111,0.045333,-0.000000,0.205833,1432
0.1760,35,enc,1,1,-0.0000,0.0000,-0.0000,0.0472,-0.008,80.00,88.12,80.0000,14.0000,0.963610,0.711111,0.046667,-0.000000,0.205833,1430
0.1810,36,enc,1,0,-0.0000,0.0000,-0.0000,0.0472,-0.008,80.00,88.12,80.0000,14.4000,0.964944,0.711111,0.048000,-0.000000,0.205833,1428
0.1861,37,enc,1,0,-0.0000,0.0000,-0.0000,0.0472,-0.008,80.00,88.12,80.0000,14.8000,0.966277,0.711111,0.049333,-0.000000,0.205833,1426
0.1912,38,enc,1,0,-0.0000,0.0000,-0.0000,0.0472,-0.008,80.00,88.12,80.0000,15.2000,0.967610,0.711111,0.050667,-0.000000,0.205833,1424
0.1962,39,enc,1,0,-0.0000,0.0000,-0.0000,0.0472,-0.008,80.00,88.12,80.0000,15.6000,0.968944,0.711111,0.052000,-0.000000,0.205833,1422
0.2013,40,enc,1,0,-0.0000,0.0000,-0.0000,0.0472,-0.008,80.00,88.12,80.0000,16.0000,0.970277,0.711111,0.053333,-0.000000,0.205833,1420
0.2064,41,enc,1,0,-0.0000,0.0000,-0.0000,0.0472,-0.008,80.00,88.12,80.0000,16.4000,0.971610,0.711111,0.054667,-0.000000,0.205833,1418
0.2114,42,enc,1,0,-0.0000,0.0000,-0.0000,0.0472,-0.008,80.00,88.12,80.0000,16.8000,0.972944,0.711111,0.056000,-0.000000,0.205833,1416
0.2165,43,enc,1,0,-0.0000,0.0000,-0.0000,0.0472,-0.008,80.00,88.12,80.0000,17.2000,0.974277,0.711111,0.057333,-0.000000,0.205833,1414
0.2216,44,enc,1,0,-0.0000,0.0000,-0.0000,0.0472,-0.008,80.00,88.12,80.0000,17.6000,0.975610,0.711111,0.058667,-0.000000,0.205833,1412
0.2267,45,enc,1,0,-0.0000,0.0000,-0.0000,0.0472,-0.008,80.00,88.12,80.0000,18.0000,0.976944,0.711111,0.060000,-0.000000,0.205833,1410
0.2317,46,enc,1,0,-0.0000,0.0000,-0.0000,0.0472,-0.008,80.00,88.12,80.0000,18.4000,0.978277,0.711111,0.061333,-0.000000,0.205833,1408
0.2368,47,enc,1,0,-0.0000,0.0000,-0.0000,0.0472,-0.008,80.00,88.12,80.0000,18.8000,0.979610,0.711111,0.062667,-0.000000,0.205833,1406
0.2419,48,enc,1,0,-0.0000,0.0000,-0.0000,0.0472,-0.008,80.00,88.12,80.0000,19.2000,0.980944,0.711111,0.064000,-0.000000,0.205833,1404
0.2469,49,enc,1,1,-0.0000,0.0000,-0.0000,-0.1035,0.055,80.00,88.12,80.0000,19.6000,0.982277,0.711111,0.065333,-0.000000,0.205833,1402
0.2520,50,enc,1,0,-0.0000,0.0000,-0.0000,-0.1035,0.055,80.00,88.12,80.0000,20.0000,0.983610,0.711111,0.066667,-0.000000,0.205833,1400
0.2571,51,enc,1,0,-0.0000,0.0000,-0.0000,-0.1035,0.055,80.00,88.12,80.0000,20.4000,0.984944,0.711111,0.068000,-0.000000,0.205833,1398
0.2621,52,enc,1,0,-0.0000,0.0000,-0.0000,-0.1035,0.055,80.00,88.12,80.0000,20.8000,0.986277,0.711111,0.069333,-0.000000,0.205833,1396
0.2672,53,enc,1,0,-0.0000,0.0000,-0.0000,-0.1035,0.055,80.00,88.12,80.0000,21.2000,0.987610,0.711111,0.070667,-0.000000,0.205833,1394
0.2723,54,enc,1,0,-0.0000,0.0000,-0.0000,-0.1035,0.055,80.00,88.12,80.0000,21.6000,0.988944,0.711111,0.072000,-0.000000,0.205833,1392
0.2773,55,enc,1,0,-0.0000,0.0000,-0.0000,-0.1035,0.055,80.00,88.12,80.0000,22.0000,0.990277,0.711111,0.073333,-0.000000,0.205833,1390
0.2824,56,enc,1,1,-0.0000,0.0000,-0.0000,0.0519,0.0556,80.00,88.12,80.0000,22.4000,0.991610,0.711111,0.074667,-0.000000,0.205833,1388
0.2875,57,enc,1,0,-0.0000,0.0000,-0.0000,0.0519,0.0556,80.00,88.12,80.0000,22.8000,0.992944,0.711111,0.076000,-0.000000,0.205833,1386
0.2925,58,enc,1,0,-0.0000,0.0000,-0.0000,0.0519,0.0556,80.00,88.12,80.0000,23.2000,0.994277,0.711111,0.077333,-0.000000,0.205833,1384
0.2976,59,enc,1,0,-0.0000,0.0000,-0.0000,0.0519,0.0556,80.00,88.12,80.0000,23.6000,0.995610,0.711111,0.078667,-0.000000,0.205833,1382
0.3027,60,enc,1,0,-0.0000,0.0000,-0.0000,0.0519,0.0556,80.00,88.12,80.0000,24.0000,0.996944,0.711111,0.080000,-0.000000,0.205833,1380
0.3078,61,enc,1,1,-0.0000,0.0000,-0.0000,-0.0984,0.118,80.00,88.12,80.0000,24.4000,0.998277,0.711111,0.081333,-0.000000,0.205833,1378
0.3128,62,enc,1,0,-0.0000,0.0000,-0.0000,-0.0984,0.118,80.00,88.12,80.0000,24.8000,0.999610,0.711111,0.082667,-0.000000,0.205833,1376
0.3179,63,enc,1,0,-0.0000,0.0000,-0.0000,-0.0984,0.118,80.00,88.12,80.0000,25.2000,1.000000,0.711111,0.084000,-0.000000,0.205833,1374
0.3230,64,enc,1,0,-0.0000,0.0000,-0.0000,-0.0984,0.118,80.00,88.12,80.0000,25.2000,1.000000,0.711111,0.084000,-0.000000,0.205833,1372
0.3280,65,enc,1,1,-0.0000,0.0000,-0.0000,-0.099,0.2678,80.00,88.12,80.0000,25.2000,1.000000,0.711111,0.084000,-0.000000,0.205833,1370
0.3331,66,enc,1,1,-0.0000,0.0000,-0.0000,-0.0995,0.4127,80.00,88.12,80.0000,25.2000,1.000000,0.711111,0.084000,-0.000000,0.205833,1368
0.3382,67,enc,1,0,-0.0000,0.0000,-0.0000,-0.0995,0.4127,80.00,88.12,80.0000,25.2000,1.000000,0.711111,0.084000,-0.000000,0.205833,1366
0.3433,68,enc,1,1,-0.0000,0.0000,-0.0000,0.0509,0.3518,80.00,88.12,80.0000,25.2000,1.000000,0.711111,0.084000,-0.000000,0.205833,1364
0.3484,69,enc,1,0,-0.0000,0.0000,-0.0000,0.0509,0.3518,80.00,88.12,80.0000,25.2000,1.000000,0.711111,0.084000,-0.000000,0.205833,1362
0.3534,70,enc,1,0,-0.0000,0.0000,-0.0000,0.0509,0.3518,80.00,88.12,80.0000,25.2000,1.000000,0.711111,0.084000,-0.000000,0.205833,1360
0.3585,71,enc,1,1,-0.0000,0.0000,-0.0000,-0.1046,0.3512,80.00,88.12,80.0000,25.2000,1.000000,0.711111,0.084000,-0.000000,0.205833,1358
0.3636,72,enc,1,1,-0.0000,0.0000,-0.0000,0.0458,0.4363,80.00,88.12,80.0000,25.2000,1.000000,0.711111,0.084000,-0.000000,0.205833,1356
0.3687,73,enc,1,1,-0.0000,0.0000,-0.0000,-0.1107,0.5874,80.00,88.12,80.0000,25.2000,1.000000,0.711111,0.084000,-0.000000,0.205833,1354
0.3737,74,enc,1,1,-0.0000,0.0000,-0.0000,0.0406,0.5267,80.00,88.12,80.0000,25.2000,1.000000,0.711111,0.084000,-0.000000,0.205833,1352
0.3788,75,enc,1,1,-0.0000,0.0000,-0.0000,-0.1158,0.5262,80.00,88.12,80.0000,25.2000,1.000000,0.711111,0.084000,-0.000000,0.205833,1350
0.3839,76,enc,1,1,-0.0000,0.0000,-0.0000,0.0355,0.6132,80.00,88.12,80.0000,25.2000,1.000000,0.711111,0.084000,-0.000000,0.205833,1348
0.3889,77,enc,1,1,-0.0000,0.0000,-0.0000,-0.1213,0.6127,80.00,88.12,80.0000,25.2000,1.000000,0.711111,0.084000,-0.000000,0.205833,1346
0.3940,78,enc,1,1,-0.0000,0.0000,-0.0000,-0.1264,0.5509,80.00,88.12,80.0000,25.2000,1.000000,0.711111,0.084000,-0.000000,0.205833,1344
0.3991,79,enc,1,1,-0.0000,0.0000,-0.0000,0.0257,0.6441,80.00,88.12,80.0000,25.2000,1.000000,0.711111,0.084000,-0.000000,0.205833,1342
0.4042,80,enc,1,1,-0.0000,0.0000,-0.0000,-0.1324,0.7939,80.00,88.12,80.0000,25.2000,1.000000,0.711111,0.084000,-0.000000,0.205833,1340
0.4092,81,enc,1,1,-0.0000,0.0000,-0.0000,-0.1375,0.7324,80.00,88.12,80.0000,25.2000,1.000000,0.711111,0.084000,-0.000000,0.205833,1338
0.4143,82,enc,1,1,-0.0000,0.0000,-0.0000,0.0111,0.7608,80.00,88.12,80.0000,25.2000,1.000000,0.711111,0.084000,-0.000000,0.205833,1336
0.4194,83,enc,1,1,-0.0000,0.0000,-0.0000,-0.1528,0.6925,80.00,88.12,80.0000,25.2000,1.000000,0.711111,0.084000,-0.000000,0.205833,1334
0.4245,84,enc,1,1,-0.0000,0.0000,-0.0000,-0.1578,0.629,80.00,88.12,80.0000,25.2000,1.000000,0.711111,0.084000,-0.000000,0.205833,1332
0.4295,85,enc,1,1,-0.0000,0.0000,-0.0000,-0.1677,0.5,80.00,88.12,80.0000,25.2000,1.000000,0.711111,0.084000,-0.000000,0.205833,1330
0.4346,86,enc,1,1,-0.0000,0.0000,-0.0000,-0.178,0.5262,80.00,88.12,80.0000,25.2000,1.000000,0.711111,0.084000,-0.000000,0.205833,1328
0.4397,87,enc,1,1,-0.0000,0.0000,-0.0000,-0.1884,0.5582,80.00,88.12,80.0000,25.2000,1.000000,0.711111,0.084000,-0.000000,0.205833,1326
0.4448,88,enc,1,1,-0.0000,0.0000,-0.0000,-0.1933,0.4913,80.00,88.12,80.0000,25.2000,1.000000,0.711111,0.084000,-0.000000,0.205833,1324
0.4498,89,enc,1,1,-0.0000,0.0000,-0.0000,-0.2078,0.2861,80.00,88.12,80.0000,25.2000,1.000000,0.711111,0.084000,-0.000000,0.205833,1322
0.4549,90,enc,1,1,-0.0000,0.0000,-0.0000,-0.2175,0.1452,80.00,88.12,80.0000,25.2000,1.000000,0.711111,0.084000,-0.000000,0.205833,1320
0.4600,91,enc,1,1,-0.0000,0.0000,-0.0000,-0.227,0.0009,80.00,88.12,80.0000,25.2000,1.000000,0.711111,0.084000,-0.000000,0.205833,1318
0.4651,92,enc,1,1,-0.0000,0.0000,-0.0000,-0.2454,-0.475,80.00,88.12,80.0000,25.2000,1.000000,0.711111,0.084000,-0.000000,0.205833,1316
0.4701,93,enc,1,1,-0.0000,0.0000,-0.0000,-0.442,-0.8063,80.00,88.12,80.0000,25.2000,1.000000,0.711111,0.084000,-0.000000,0.205833,1314
0.4752,94,enc,1,1,0.1800,10.8000,0.1800,-0.2739,-0.7756,80.00,88.12,79.8200,25.5991,0.940674,0.709511,0.085330,-0.060000,0.205833,1312
0.4803,95,enc,1,1,0.1800,7.5600,0.1800,-0.4859,-0.7492,80.00,88.12,79.8200,25.9982,0.960004,0.709511,0.086661,-0.042000,0.205833,1310
0.4853,96,enc,1,1,0.1800,5.2920,0.1800,-0.321,-0.8957,80.00,88.12,79.8200,26.3973,0.973935,0.709511,0.087991,-0.029400,0.205833,1308
0.4904,97,enc,1,1,0.1800,3.7044,0.1800,-0.5425,-1.3628,80.00,88.12,79.8200,26.7964,0.984085,0.709511,0.089321,-0.020580,0.205833,1306
0.4955,98,enc,1,1,0.3600,13.3931,0.3600,-0.5659,-2.271,80.00,88.12,79.6400,27.1946,0.929986,0.707911,0.090649,-0.074406,0.205833,1304
0.5006,99,enc,1,1,0.3600,9.3752,0.3600,-0.5894,-3.0287,80.00,88.12,79.6400,27.5928,0.953635,0.707911,0.091976,-0.052084,0.205833,1302
0.5056,100,enc,1,1,0.5400,17.3626,0.5400,-0.6176,-3.7511,80.00,88.12,79.4600,27.9901,0.908985,0.706311,0.093300,-0.096459,0.205833,1300
0.5107,101,enc,1,1,0.5400,12.1538,0.5400,-0.9124,-3.983,80.00,88.12,79.4600,28.3874,0.939247,0.706311,0.094625,-0.067521,0.205833,1298
0.5158,102,enc,1,1,0.5400,8.5077,0.5400,-0.6822,-4.9902,80.00,88.12,79.4600,28.7847,0.960828,0.706311,0.095949,-0.047265,0.205833,1296
0.5208,103,enc,1,1,0.7200,16.7554,0.7200,-0.9953,-6.3048,80.00,88.12,79.2800,29.1811,0.914729,0.704711,0.097270,-0.093085,0.205833,1294
0.5260,104,enc,1,1,0.7200,11.7288,0.7200,-1.0408,-8.6099,80.00,88.12,79.2800,29.5775,0.943976,0.704711,0.098592,-0.065160,0.205833,1292
0.5310,105,enc,1,1,0.9000,19.0101,0.9000,-1.085,-11.0405,80.00,88.12,79.1000,29.9730,0.903242,0.703111,0.099910,-0.105612,0.205833,1290
0.5361,106,enc,1,1,1.0800,24.1071,1.0800,-1.1274,-13.6493,80.00,88.12,78.9200,30.3676,0.874641,0.701511,0.101225,-0.133928,0.205833,1288
0.5412,107,enc,1,1,1.0800,16.8750,1.0800,-1.1752,-17.686,80.00,88.12,78.9200,30.7622,0.916135,0.701511,0.102541,-0.093750,0.205833,1286
0.5462,108,enc,1,1,1.2600,22.6125,1.2600,-1.2173,-23.0491,80.00,88.12,78.7400,31.1559,0.883972,0.699911,0.103853,-0.125625,0.205833,1284
0.5513,109,enc,1,1,1.4400,26.6287,1.4400,-1.2584,-30.2699,80.00,88.12,78.5600,31.5487,0.861369,0.698311,0.105162,-0.147937,0.205833,1282
0.5564,110,enc,1,1,1.6200,29.4401,1.6200,-1.2894,-42.9993,80.00,88.12,78.3800,31.9406,0.845456,0.696711,0.106469,-0.163556,0.205833,1280
0.5614,111,enc,1,1,1.6200,20.6081,1.6200,-1.8782,-63.3462,80.00,88.12,78.3800,32.3325,0.895829,0.696711,0.107775,-0.114489,0.205833,1278
0.5665,112,enc,1,1,1.8000,25.2257,1.8000,-1.2877,-108.0405,80.00,88.12,78.2000,32.7235,0.869879,0.695111,0.109078,-0.140143,0.205833,1276
0.5716,113,enc,1,0,1.9800,28.4580,1.9800,-1.2877,-108.0405,80.00,88.12,78.0200,33.1136,0.851623,0.693511,0.110379,-0.158100,0.205833,1274
0.5767,114,enc,1,1,2.1600,30.7206,2.1600,-1.8782,-124.7763,80.00,88.12,77.8400,33.5028,0.838750,0.691911,0.111676,-0.170670,0.205833,1272
0.5817,115,enc,1,1,2.3400,32.3044,2.3400,-1.1091,-142.1438,80.00,88.12,77.6600,33.8911,0.829645,0.690311,0.112970,-0.179469,0.205833,1270
0.5868,116,enc,1,0,2.5200,33.4131,2.5200,-1.1091,-142.1438,80.00,88.12,77.4800,34.2785,0.823177,0.688711,0.114262,-0.185628,0.205833,1268
0.5919,117,enc,1,1,2.8800,44.9892,2.8800,-0.6556,-150.305,80.00,88.12,77.1200,34.6641,0.756951,0.685511,0.115547,-0.249940,0.205833,1266
0.5969,118,enc,1,0,3.0600,42.2924,3.0600,-0.6556,-150.305,80.00,88.12,76.9400,35.0488,0.771615,0.683911,0.116829,-0.234958,0.205833,1264
0.6020,119,enc,1,1,3.2400,40.4047,3.2400,-0.2612,-154.5139,80.00,88.12,76.7600,35.4326,0.781782,0.682311,0.118109,-0.224470,0.205833,1262
0.6071,120,enc,1,0,3.4200,39.0833,3.4200,-0.2612,-154.5139,80.00,88.12,76.5800,35.8155,0.788799,0.680711,0.119385,-0.217129,0.205833,1260
0.6121,121,enc,1,1,3.7800,48.9583,3.7800,0.123,-157.5001,80.00,88.12,76.2200,36.1966,0.732008,0.677511,0.120655,-0.271991,0.205833,1258
0.6172,122,enc,1,1,3.9600,45.0708,3.9600,0.3813,-158.5536,80.00,88.12,76.0400,36.5768,0.753273,0.675911,0.121923,-0.250393,0.205833,1256
0.6223,123,enc,1,1,4.3200,53.1496,4.3200,0.6402,-159.6032,80.00,88.12,75.6800,36.9552,0.706452,0.672711,0.123184,-0.295275,0.205833,1254
0.6274,124,enc,1,0,4.6800,58.8047,4.6800,0.6402,-159.6032,80.00,88.12,75.3200,37.3318,0.673090,0.669511,0.124439,-0.326693,0.205833,1252
0.6325,125,enc,1,1,4.8600,51.9633,4.8600,1.2077,-160.7065,80.00,88.12,75.1400,37.7075,0.710750,0.667911,0.125692,-0.288685,0.205833,1250
0.6375,126,enc,1,1,5.2200,57.9743,5.2200,1.5284,-161.3549,80.00,88.12,74.7800,38.0814,0.675402,0.664711,0.126938,-0.322079,0.205833,1248
0.6426,127,enc,1,1,5.5800,62.1820,5.5800,1.8387,-161.769,80.00,88.12,74.4200,38.4535,0.650066,0.661511,0.128178,-0.345456,0.205833,1246
0.6477,128,enc,1,1,5.9400,65.1274,5.9400,2.1462,-162.2155,80.00,88.12,74.0600,38.8238,0.631737,0.658311,0.129413,-0.361819,0.205833,1244
0.6528,129,enc,1,1,6.1200,56.3892,6.1200,2.4441,-162.6571,80.00,88.12,73.8800,39.1932,0.679914,0.656711,0.130644,-0.313273,0.205833,1242
0.6578,130,enc,1,1,6.6600,71.8724,6.6600,2.8031,-162.9409,80.00,88.12,73.3400,39.5599,0.590319,0.651911,0.131866,-0.399291,0.205833,1244
0.6629,131,enc,1,1,7.0200,71.9107,7.0200,3.1727,-163.2317,80.00,88.12,72.9800,39.9248,0.588122,0.648711,0.133083,-0.399504,0.205833,1246
0.6680,132,enc,1,1,7.3800,71.9375,7.3800,3.5759,-163.5173,80.00,88.12,72.6200,40.2879,0.585984,0.645511,0.134293,-0.399653,0.205833,1248
0.6731,133,enc,1,1,7.7400,71.9562,7.7400,3.9027,-163.6503,80.00,88.12,72.2600,40.6492,0.583884,0.642311,0.135497,-0.399757,0.205833,1250
0.6781,134,enc,1,1,8.2800,82.7694,8.2800,4.2905,-163.849,80.00,88.12,71.7200,41.0078,0.520206,0.637511,0.136693,-0.459830,0.205833,1252
0.6832,135,enc,1,1,8.6400,79.5386,8.6400,4.7129,-164.0702,80.00,88.12,71.3600,41.3646,0.536145,0.634311,0.137882,-0.441881,0.205833,1254
0.6883,136,enc,1,1,9.1800,88.0770,9.1800,5.1511,-164.2532,80.00,88.12,70.8200,41.7187,0.485089,0.629511,0.139062,-0.489317,0.205833,1256
0.6934,137,enc,1,1,9.5400,83.2539,9.5400,5.548,-164.4259,80.00,88.12,70.4600,42.0710,0.509859,0.626311,0.140237,-0.462522,0.205833,1258
0.6985,138,enc,1,1,10.0800,90.6777,10.0800,5.9938,-164.5345,80.00,88.12,69.9200,42.4206,0.464981,0.621511,0.141402,-0.503765,0.205833,1260
0.7035,139,enc,1,1,10.4400,85.0744,10.4400,6.4642,-164.6621,80.00,88.12,69.5600,42.7684,0.494069,0.618311,0.142561,-0.472636,0.205833,1262
0.7086,140,enc,1,1,10.9800,91.9521,10.9800,6.9361,-164.7814,80.00,88.12,69.0200,43.1135,0.452210,0.613511,0.143712,-0.510845,0.205833,1264
0.7137,141,enc,1,1,11.7000,107.5665,11.7000,7.4294,-164.9054,80.00,88.12,68.3000,43.4550,0.360202,0.607111,0.144850,-0.597591,0.205833,1266
0.7188,142,enc,1,1,12.0600,96.8965,12.0600,7.9613,-165.0006,80.00,88.12,67.9400,43.7947,0.417412,0.603911,0.145982,-0.538314,0.205833,1268
0.7238,143,enc,1,1,12.6000,100.2276,12.6000,8.4249,-165.115,80.00,88.12,67.4000,44.1317,0.395230,0.599111,0.147106,-0.556820,0.205833,1270
0.7289,144,enc,1,1,13.1400,102.5593,13.1400,8.9952,-165.2121,80.00,88.12,66.8600,44.4660,0.378590,0.594311,0.148220,-0.569774,0.205833,1272
0.7340,145,enc,1,1,13.6800,104.1915,13.6800,9.5132,-165.3018,80.00,88.12,66.3200,44.7976,0.365827,0.589511,0.149325,-0.578842,0.205833,1274
0.7390,146,enc,1,1,14.4000,116.1341,14.4000,10.0618,-165.3494,80.00,88.12,65.6000,45.1256,0.294173,0.583111,0.150419,-0.645189,0.205833,1276
0.7441,147,enc,1,1,14.9400,113.6938,14.9400,10.6242,-165.4354,80.00,88.12,65.0600,45.4509,0.304014,0.578311,0.151503,-0.631632,0.205833,1278
0.7492,148,enc,1,1,15.4800,111.9857,15.4800,11.1794,-165.4987,80.00,88.12,64.5200,45.7735,0.309779,0.573511,0.152578,-0.622143,0.205833,1280
0.7542,149,enc,1,1,16.0200,110.7900,16.0200,11.7523,-165.5527,80.00,88.12,63.9800,46.0934,0.312688,0.568711,0.153645,-0.615500,0.205833,1282
0.7593,150,enc,1,1,16.2000,88.3530,16.2000,12.4294,-165.6213,80.00,88.12,63.8000,46.4124,0.436802,0.567111,0.154708,-0.490850,0.205833,1284
0.7644,151,enc,1,1,16.7400,94.2471,16.7400,12.9496,-165.6835,80.00,88.12,63.2600,46.7287,0.400311,0.562311,0.155762,-0.523595,0.205833,1286
0.7695,152,enc,1,1,17.1000,87.5730,17.1000,13.6423,-165.7344,80.00,88.12,62.9000,47.0432,0.435238,0.559111,0.156811,-0.486516,0.205833,1288
0.7746,153,enc,1,1,17.8200,104.5011,17.8200,14.1639,-165.8101,80.00,88.12,62.1800,47.3541,0.335829,0.552711,0.157847,-0.580562,0.205833,1290
0.7796,154,enc,1,1,18.5400,116.3508,18.5400,14.8163,-165.8428,80.00,88.12,61.4600,47.6614,0.264622,0.546311,0.158871,-0.646393,0.205833,1292
0.7847,155,enc,1,1,19.0800,113.8455,19.0800,15.4515,-165.8721,80.00,88.12,60.9200,47.9660,0.274755,0.541511,0.159887,-0.632475,0.205833,1294
0.7898,156,enc,1,1,19.8000,122.8919,19.8000,16.1224,-165.9258,80.00,88.12,60.2000,48.2670,0.219101,0.535111,0.160890,-0.682733,0.205833,1296
0.7948,157,enc,1,1,20.5200,129.2243,20.5200,16.7437,-165.9651,80.00,88.12,59.4800,48.5644,0.178512,0.528711,0.161881,-0.717913,0.205833,1298
0.7999,158,enc,1,1,21.2400,133.6570,21.2400,17.3826,-166.0141,80.00,88.12,58.7600,48.8582,0.148465,0.522311,0.162861,-0.742539,0.205833,1300
0.8050,159,enc,1,1,21.9600,136.7599,21.9600,18.0406,-166.0425,80.00,88.12,58.0400,49.1484,0.125794,0.515911,0.163828,-0.759777,0.205833,1302
0.8100,160,enc,1,1,22.5000,128.1319,22.5000,18.7824,-166.0813,80.00,88.12,57.5000,49.4359,0.169886,0.511111,0.164786,-0.711844,0.205833,1304
0.8151,161,enc,1,1,23.2200,132.8924,23.2200,19.3733,-166.1075,80.00,88.12,56.7800,49.7198,0.137985,0.504711,0.165733,-0.738291,0.205833,1306
0.8202,162,enc,1,1,23.9400,136.2246,23.9400,20.0434,-166.1194,80.00,88.12,56.0600,50.0001,0.114007,0.498311,0.166667,-0.756804,0.205833,1308
0.8253,163,enc,1,1,24.6600,138.5573,24.6600,20.8,-166.1523,80.00,88.12,55.3400,50.2768,0.095570,0.491911,0.167589,-0.769763,0.205833,1310
0.8303,164,enc,1,1,25.3800,140.1901,25.3800,21.4556,-166.1761,80.00,88.12,54.6200,50.5499,0.081010,0.485511,0.168500,-0.778834,0.205833,1312
0.8354,165,enc,1,1,25.7400,119.7331,25.7400,22.1218,-166.1935,80.00,88.12,54.2600,50.8212,0.192364,0.482311,0.169404,-0.665184,0.205833,1314
0.8405,166,enc,1,1,26.2800,116.2131,26.2800,22.8467,-166.2289,80.00,88.12,53.7200,51.0898,0.208014,0.477511,0.170299,-0.645629,0.205833,1316
0.8455,167,enc,1,1,27.0000,124.5492,27.0000,23.4903,-166.2491,80.00,88.12,53.0000,51.3548,0.156186,0.471111,0.171183,-0.691940,0.205833,1318
0.8506,168,enc,1,1,27.7200,130.3844,27.7200,24.1772,-166.2753,80.00,88.12,52.2800,51.6162,0.118240,0.464711,0.172054,-0.724358,0.205833,1320
0.8557,169,enc,1,1,28.2600,123.6691,28.2600,24.8141,-166.3035,80.00,88.12,51.7400,51.8749,0.151609,0.459911,0.172916,-0.687051,0.205833,1322
0.8608,170,enc,1,1,28.6200,108.1684,28.6200,25.5377,-166.3164,80.00,88.12,51.3800,52.1318,0.235381,0.456711,0.173773,-0.600935,0.205833,1324
0.8658,171,enc,1,1,29.5200,129.7179,29.5200,26.2089,-166.3442,80.00,88.12,50.4800,52.3842,0.108503,0.448711,0.174614,-0.720655,0.205833,1326
0.8709,172,enc,1,1,29.7000,101.6025,29.7000,26.8754,-166.3804,80.00,88.12,50.3000,52.6357,0.263938,0.447111,0.175452,-0.564458,0.205833,1328
0.8760,173,enc,1,1,30.4200,114.3218,30.4200,28.2318,-166.4233,80.00,88.12,49.5800,52.8836,0.187701,0.440711,0.176279,-0.635121,0.205833,1330
0.8810,174,enc,1,0,31.1400,123.2252,31.1400,28.2318,-166.4233,80.00,88.12,48.8600,53.1279,0.132652,0.434311,0.177093,-0.684585,0.205833,1332
0.8861,175,enc,1,1,31.5000,107.8577,31.5000,28.892,-166.4351,80.00,88.12,48.5000,53.3704,0.215636,0.431111,0.177901,-0.599209,0.205833,1334
0.8912,176,enc,1,1,32.2200,118.7004,32.2200,29.5358,-166.4538,80.00,88.12,47.7800,53.6093,0.149795,0.424711,0.178698,-0.659446,0.205833,1336
0.8963,177,enc,1,1,32.7600,115.4903,32.7600,30.1352,-166.4694,80.00,88.12,47.2400,53.8455,0.163616,0.419911,0.179485,-0.641613,0.205833,1338
0.9013,178,enc,1,1,33.4800,124.0432,33.4800,31.4138,-166.4948,80.00,88.12,46.5200,54.0781,0.110475,0.413511,0.180260,-0.689129,0.205833,1340
0.9064,179,enc,1,0,33.8400,108.4302,33.8400,31.4138,-166.4948,80.00,88.12,46.1600,54.3089,0.194783,0.410311,0.181030,-0.602390,0.205833,1342
0.9115,180,enc,1,1,34.3800,108.3012,34.3800,32.6827,-166.5262,80.00,88.12,45.6200,54.5370,0.191461,0.405511,0.181790,-0.601673,0.205833,1344
0.9165,181,enc,1,0,35.1000,119.0108,35.1000,32.6827,-166.5262,80.00,88.12,44.9000,54.7615,0.126311,0.399111,0.182538,-0.661171,0.205833,1346
0.9216,182,enc,1,1,35.6400,115.7076,35.6400,33.9639,-166.5506,80.00,88.12,44.3600,54.9833,0.140602,0.394311,0.183278,-0.642820,0.205833,1348
0.9267,183,enc,1,0,36.1800,113.3953,36.1800,33.9639,-166.5506,80.00,88.12,43.8200,55.2024,0.149378,0.389511,0.184008,-0.629974,0.205833,1350
0.9317,184,enc,1,1,36.7200,111.7767,36.7200,35.122,-166.5782,80.00,88.12,43.2800,55.4188,0.154291,0.384711,0.184729,-0.620982,0.205833,1352
0.9368,185,enc,1,0,37.4400,121.4437,37.4400,35.122,-166.5782,80.00,88.12,42.5600,55.6316,0.094895,0.378311,0.185439,-0.674687,0.205833,1354
0.9419,186,enc,1,1,37.9800,117.4106,37.9800,36.27,-166.5939,80.00,88.12,42.0200,55.8417,0.113202,0.373511,0.186139,-0.652281,0.205833,1356
0.9470,187,enc,1,1,38.5200,114.5874,38.5200,36.8435,-166.6039,80.00,88.12,41.4800,56.0491,0.124777,0.368711,0.186830,-0.636597,0.205833,1358
0.9520,188,enc,1,0,39.0600,112.6112,39.0600,36.8435,-166.6039,80.00,88.12,40.9400,56.2538,0.131639,0.363911,0.187513,-0.625618,0.205833,1360
0.9571,189,enc,1,1,39.6000,111.2278,39.6000,37.9139,-166.6203,80.00,88.12,40.4000,56.4558,0.135197,0.359111,0.188186,-0.617932,0.205833,1362
0.9622,190,enc,1,1,39.9600,99.4595,39.9600,38.3721,-166.6348,80.00,88.12,40.0400,56.6560,0.198044,0.355911,0.188853,-0.552553,0.205833,1364
0.9672,191,enc,1,1,40.5000,102.0216,40.5000,38.8673,-166.6406,80.00,88.12,39.5000,56.8535,0.179668,0.351111,0.189512,-0.566787,0.205833,1366
0.9723,192,enc,1,1,41.0400,103.8151,41.0400,39.3547,-166.6555,80.00,88.12,38.9600,57.0483,0.165554,0.346311,0.190161,-0.576751,0.205833,1368
0.9774,193,enc,1,1,41.4000,94.2706,41.4000,39.8651,-166.667,80.00,88.12,38.6000,57.2413,0.216022,0.343111,0.190804,-0.523726,0.205833,1370
0.9825,194,enc,1,1,41.9400,98.3894,41.9400,40.279,-166.6692,80.00,88.12,38.0600,57.4316,0.188974,0.338311,0.191439,-0.546608,0.205833,1372
0.9875,195,enc,1,1,42.3000,90.4726,42.3000,40.7059,-166.6813,80.00,88.12,37.7000,57.6201,0.230385,0.335111,0.192067,-0.502626,0.205833,1374
0.9926,196,enc,1,1,42.6600,84.9308,42.6600,41.1206,-166.6833,80.00,88.12,37.3400,57.8068,0.258595,0.331911,0.192689,-0.471838,0.205833,1376
0.9977,197,enc,1,1,43.0200,81.0516,43.0200,41.5243,-166.6903,80.00,88.12,36.9800,57.9917,0.277563,0.328711,0.193306,-0.450287,0.205833,1374
1.0028,198,enc,1,1,43.3800,78.3361,43.3800,41.9742,-166.7028,80.00,88.12,36.6200,58.1748,0.290059,0.325511,0.193916,-0.435201,0.205833,1372
1.0079,199,enc,1,1,43.7400,76.4353,43.7400,42.2927,-166.7012,80.00,88.12,36.2600,58.3561,0.298024,0.322311,0.194520,-0.424640,0.205833,1370
1.0130,200,enc,1,1,44.1000,75.1047,44.1000,42.6722,-166.711,80.00,88.12,35.9000,58.5356,0.302814,0.319111,0.195119,-0.417248,0.205833,1368
1.0181,201,enc,1,0,44.4600,74.1733,44.4600,42.6722,-166.711,80.00,88.12,35.5400,58.7133,0.305381,0.315911,0.195711,-0.412074,0.205833,1366
1.0232,202,enc,1,1,44.6400,62.7213,44.6400,43.2699,-166.7247,80.00,88.12,35.3600,58.8901,0.367992,0.314311,0.196300,-0.348452,0.205833,1364
1.0282,203,enc,1,1,45.0000,65.5049,45.0000,43.556,-166.7219,80.00,88.12,35.0000,59.0651,0.349911,0.311111,0.196884,-0.363916,0.205833,1362
1.0333,204,enc,1,1,45.1800,56.6534,45.1800,43.8306,-166.7277,80.00,88.12,34.8200,59.2392,0.398066,0.309511,0.197464,-0.314741,0.205833,1360
1.0384,205,enc,1,1,45.3600,50.4574,45.3600,44.0774,-166.7326,80.00,88.12,34.6400,59.4124,0.431466,0.307911,0.198041,-0.280319,0.205833,1358
1.0435,206,enc,1,1,45.7200,56.9202,45.7200,44.3184,-166.7409,80.00,88.12,34.2800,59.5838,0.392933,0.304711,0.198613,-0.316223,0.205833,1356
1.0486,207,enc,1,1,45.9000,50.6441,45.9000,44.5303,-166.7355,80.00,88.12,34.1000,59.7543,0.426768,0.303111,0.199181,-0.281356,0.205833,1354
1.0536,208,enc,1,1,45.9000,35.4509,45.9000,44.7131,-166.7381,80.00,88.12,34.1000,59.9248,0.511744,0.303111,0.199749,-0.196949,0.205833,1352
1.0587,209,enc,1,1,46.0800,35.6156,46.0800,44.892,-166.7442,80.00,88.12,33.9200,60.0944,0.509794,0.301511,0.200315,-0.197865,0.205833,1350
1.0638,210,enc,1,1,46.2600,35.7309,46.2600,45.0421,-166.7458,80.00,88.12,33.7400,60.2631,0.508115,0.299911,0.200877,-0.198505,0.205833,1348
1.0688,211,enc,1,1,46.2600,25.0117,46.2600,45.1458,-166.7369,80.00,88.12,33.7400,60.4318,0.568229,0.299911,0.201439,-0.138954,0.205833,1346
1.0739,212,enc,1,1,46.4400,28.3082,46.4400,45.2527,-166.7405,80.00,88.12,33.5600,60.5996,0.548875,0.298311,0.201999,-0.157268,0.205833,1344
1.0790,213,enc,1,1,46.4400,19.8157,46.4400,45.3364,-166.7521,80.00,88.12,33.5600,60.7674,0.596614,0.298311,0.202558,-0.110087,0.205833,1342
1.0841,214,enc,1,1,46.4400,13.8710,46.4400,45.3969,-166.7507,80.00,88.12,33.5600,60.9352,0.630200,0.298311,0.203117,-0.077061,0.205833,1340
1.0892,215,enc,1,1,46.4400,9.7097,46.4400,45.4398,-166.7433,80.00,88.12,33.5600,61.1030,0.653878,0.298311,0.203677,-0.053943,0.205833,1338
1.0942,216,enc,1,1,46.4400,6.7968,46.4400,45.4628,-166.7529,80.00,88.12,33.5600,61.2708,0.670620,0.298311,0.204236,-0.037760,0.205833,1336
1.0993,217,enc,1,1,46.4400,4.7578,46.4400,45.454,-166.7526,80.00,88.12,33.5600,61.4386,0.682507,0.298311,0.204795,-0.026432,0.205833,1334
1.1044,218,enc,1,1,46.2600,-7.4696,46.2600,45.4344,-166.7431,80.00,88.12,33.7400,61.6073,0.752599,0.299911,0.205358,0.041498,0.205833,1332
1.1094,219,enc,1,1,46.2600,-5.2287,46.2600,45.3793,-166.7413,80.00,88.12,33.7400,61.7760,0.740712,0.299911,0.205920,0.029048,0.205833,1330
1.1145,220,enc,1,1,46.0800,-14.4601,46.0800,45.3222,-166.7428,80.00,88.12,33.9200,61.9456,0.794163,0.301511,0.206485,0.080334,0.205833,1328
1.1196,221,enc,1,1,46.0800,-10.1221,46.0800,45.2295,-166.7486,80.00,88.12,33.9200,62.1152,0.770628,0.301511,0.207051,0.056234,0.205833,1326
1.1247,222,enc,1,1,45.9000,-17.8854,45.9000,45.1314,-166.7453,80.00,88.12,34.1000,62.2857,0.815926,0.303111,0.207619,0.099364,0.205833,1324
1.1298,223,enc,1,1,45.7200,-23.3198,45.7200,45.0046,-166.741,80.00,88.12,34.2800,62.4571,0.848288,0.304711,0.208190,0.129555,0.205833,1322
1.1349,224,enc,1,1,45.5400,-27.1239,45.5400,44.8688,-166.7364,80.00,88.12,34.4600,62.6294,0.871596,0.306311,0.208765,0.150688,0.205833,1320
1.1399,225,enc,1,1,45.1800,-40.5867,45.1800,44.6899,-166.7302,80.00,88.12,34.8200,62.8035,0.950170,0.309511,0.209345,0.225482,0.205833,1318
1.1450,226,enc,1,1,45.0000,-39.2107,45.0000,44.525,-166.7245,80.00,88.12,35.0000,62.9785,0.944709,0.311111,0.209928,0.217837,0.205833,1316
1.1501,227,enc,1,1,44.8200,-38.2475,44.8200,44.2989,-166.7203,80.00,88.12,35.1800,63.1544,0.941544,0.312711,0.210515,0.212486,0.205833,1314
1.1551,228,enc,1,1,44.4600,-48.3732,44.4600,44.1009,-166.7261,80.00,88.12,35.5400,63.1544,1.000000,0.315911,0.210515,0.268740,0.205833,1312
1.1602,229,enc,1,1,44.2800,-44.6613,44.2800,43.836,-166.7206,80.00,88.12,35.7200,63.3330,0.982572,0.317511,0.211110,0.248118,0.205833,1310
1.1653,230,enc,1,1,43.9200,-52.8629,43.9200,43.5797,-166.7115,80.00,88.12,36.0800,63.3330,1.000000,0.320711,0.211110,0.293683,0.205833,1308
1.1703,231,enc,1,1,43.5600,-58.6040,43.5600,43.2847,-166.7048,80.00,88.12,36.4400,63.3330,1.000000,0.323911,0.211110,0.325578,0.205833,1306
1.1754,232,enc,1,1,43.2000,-62.6228,43.2000,42.7016,-166.6875,80.00,88.12,36.8000,63.3330,1.000000,0.327111,0.211110,0.347905,0.205833,1304
1.1805,233,enc,1,0,42.8400,-65.4360,42.8400,42.7016,-166.6875,80.00,88.12,37.1600,63.3330,1.000000,0.330311,0.211110,0.363533,0.205833,1302
1.1856,234,enc,1,1,42.4800,-67.4052,42.4800,41.9984,-166.6786,80.00,88.12,37.5200,63.3330,1.000000,0.333511,0.211110,0.374473,0.205833,1300
1.1906,235,enc,1,0,42.1200,-68.7836,42.1200,41.9984,-166.6786,80.00,88.12,37.8800,63.3330,1.000000,0.336711,0.211110,0.382131,0.205833,1298
1.1958,236,enc,1,1,41.7600,-69.7485,41.7600,41.2427,-166.6582,80.00,88.12,38.2400,63.3330,1.000000,0.339911,0.211110,0.387492,0.205833,1296
1.2008,237,enc,1,0,41.2200,-81.2240,41.2200,41.2427,-166.6582,80.00,88.12,38.7800,63.3330,1.000000,0.344711,0.211110,0.451244,0.205833,1294
1.2059,238,enc,1,1,40.8600,-78.4568,40.8600,40.4265,-166.639,80.00,88.12,39.1400,63.3330,1.000000,0.347911,0.211110,0.435871,0.205833,1292
1.2109,239,enc,1,0,40.3200,-87.3197,40.3200,40.4265,-166.639,80.00,88.12,39.6800,63.3330,1.000000,0.352711,0.211110,0.485110,0.205833,1290
1.2160,240,enc,1,1,39.7800,-93.5238,39.7800,39.5589,-166.6227,80.00,88.12,40.2200,63.3330,1.000000,0.357511,0.211110,0.519577,0.205833,1288
1.2211,241,enc,1,0,39.4200,-87.0667,39.4200,39.5589,-166.6227,80.00,88.12,40.5800,63.3330,1.000000,0.360711,0.211110,0.483704,0.205833,1286
1.2262,242,enc,1,1,38.8800,-93.3467,38.8800,38.6474,-166.6083,80.00,88.12,41.1200,63.3330,1.000000,0.365511,0.211110,0.518593,0.205833,1284
1.2312,243,enc,1,0,38.3400,-97.7427,38.3400,38.6474,-166.6083,80.00,88.12,41.6600,63.3330,1.000000,0.370311,0.211110,0.543015,0.205833,1282
1.2363,244,enc,1,1,37.8000,-100.8199,37.8000,37.657,-166.5756,80.00,88.12,42.2000,63.3330,1.000000,0.375111,0.211110,0.560110,0.205833,1280
1.2414,245,enc,1,1,37.2600,-102.9739,37.2600,37.1952,-166.5749,80.00,88.12,42.7400,63.3330,1.000000,0.379911,0.211110,0.572077,0.205833,1278
1.2464,246,enc,1,1,36.7200,-104.4817,36.7200,36.6499,-166.5558,80.00,88.12,43.2800,63.3330,1.000000,0.384711,0.211110,0.580454,0.205833,1276
1.2515,247,enc,1,1,36.1800,-105.5372,36.1800,36.147,-166.5531,80.00,88.12,43.8200,63.3330,1.000000,0.389511,0.211110,0.586318,0.205833,1274
1.2566,248,enc,1,1,35.6400,-106.2761,35.6400,35.5535,-166.536,80.00,88.12,44.3600,63.3330,1.000000,0.394311,0.211110,0.590423,0.205833,1272
1.2617,249,enc,1,1,34.9200,-117.5932,34.9200,35.0131,-166.5263,80.00,88.12,45.0800,63.3330,1.000000,0.400711,0.211110,0.653296,0.205833,1270
1.2667,250,enc,1,1,34.5600,-103.9153,34.5600,34.4432,-166.5095,80.00,88.12,45.4400,63.3330,1.000000,0.403911,0.211110,0.577307,0.205833,1268
1.2718,251,enc,1,1,33.8400,-115.9407,33.8400,33.9061,-166.5103,80.00,88.12,46.1600,63.3330,1.000000,0.410311,0.211110,0.644115,0.205833,1266
1.2769,252,enc,1,1,33.3000,-113.5585,33.3000,33.3182,-166.481,80.00,88.12,46.7000,63.3330,1.000000,0.415111,0.211110,0.630880,0.205833,1264
1.2819,253,enc,1,1,32.7600,-111.8909,32.7600,32.7205,-166.4783,80.00,88.12,47.2400,63.3330,1.000000,0.419911,0.211110,0.621616,0.205833,1262
1.2870,254,enc,1,1,32.0400,-121.5237,32.0400,32.156,-166.4717,80.00,88.12,47.9600,63.3330,1.000000,0.426311,0.211110,0.675131,0.205833,1260
1.2921,255,enc,1,1,31.5000,-117.4666,31.5000,31.5769,-166.4521,80.00,88.12,48.5000,63.3330,1.000000,0.431111,0.211110,0.652592,0.205833,1258
1.2972,256,enc,1,0,30.7800,-125.4266,30.7800,31.5769,-166.4521,80.00,88.12,49.2200,63.3330,1.000000,0.437511,0.211110,0.696814,0.205833,1256
1.3022,257,enc,1,1,30.2400,-120.1986,30.2400,30.4175,-166.4187,80.00,88.12,49.7600,63.3330,1.000000,0.442311,0.211110,0.667770,0.205833,1254
1.3073,258,enc,1,1,29.8800,-105.7390,29.8800,29.8259,-166.3847,80.00,88.12,50.1200,63.3330,1.000000,0.445511,0.211110,0.587439,0.205833,1252
1.3124,259,enc,1,1,29.1600,-117.2173,29.1600,29.229,-166.3691,80.00,88.12,50.8400,63.3330,1.000000,0.451911,0.211110,0.651207,0.205833,1250
1.3174,260,enc,1,1,28.4400,-125.2521,28.4400,28.6112,-166.3637,80.00,88.12,51.5600,63.3330,1.000000,0.458311,0.211110,0.695845,0.205833,1248
1.3225,261,enc,1,1,27.9000,-120.0765,27.9000,28.0,-166.3376,80.00,88.12,52.1000,63.3330,1.000000,0.463111,0.211110,0.667092,0.205833,1246
1.3276,262,enc,1,1,27.1800,-127.2535,27.1800,27.3655,-166.3306,80.00,88.12,52.8200,63.3330,1.000000,0.469511,0.211110,0.706964,0.205833,1244
1.3326,263,enc,1,1,26.6400,-121.4775,26.6400,26.7902,-166.3022,80.00,88.12,53.3600,63.3330,1.000000,0.474311,0.211110,0.674875,0.205833,1242
1.3377,264,enc,1,1,26.1000,-117.4342,26.1000,26.1635,-166.2874,80.00,88.12,53.9000,63.3330,1.000000,0.479111,0.211110,0.652412,0.205833,1240
1.3428,265,enc,1,1,25.3800,-125.4040,25.3800,25.5664,-166.2584,80.00,88.12,54.6200,63.3330,1.000000,0.485511,0.211110,0.696689,0.205833,1238
1.3479,266,enc,1,1,24.8400,-120.1828,24.8400,24.9347,-166.2416,80.00,88.12,55.1600,63.3330,1.000000,0.490311,0.211110,0.667682,0.205833,1236
1.3529,267,enc,1,1,24.1200,-127.3279,24.1200,24.3515,-166.2176,80.00,88.12,55.8800,63.3330,1.000000,0.496711,0.211110,0.707377,0.205833,1234
1.3580,268,enc,1,1,23.5800,-121.5296,23.5800,23.7383,-166.1925,80.00,88.12,56.4200,63.3330,1.000000,0.501511,0.211110,0.675164,0.205833,1232
1.3631,269,enc,1,1,23.0400,-117.4707,23.0400,23.132,-166.1628,80.00,88.12,56.9600,63.3330,1.000000,0.506311,0.211110,0.652615,0.205833,1230
1.3682,270,enc,1,1,22.3200,-125.4295,22.3200,22.5032,-166.1464,80.00,88.12,57.6800,63.3330,1.000000,0.512711,0.211110,0.696830,0.205833,1228
1.3732,271,enc,1,1,21.6000,-131.0006,21.6000,21.9409,-166.1119,80.00,88.12,58.4000,63.3330,1.000000,0.519111,0.211110,0.727781,0.205833,1226
1.3783,272,enc,1,1,21.0600,-124.1004,21.0600,21.3716,-166.0751,80.00,88.12,58.9400,63.3330,1.000000,0.523911,0.211110,0.689447,0.205833,1224
1.3834,273,enc,1,1,20.5200,-119.2703,20.5200,20.7251,-166.0547,80.00,88.12,59.4800,63.3330,1.000000,0.528711,0.211110,0.662613,0.205833,1222
1.3885,274,enc,1,1,19.9800,-115.8892,19.9800,20.1465,-166.0092,80.00,88.12,60.0200,63.3330,1.000000,0.533511,0.211110,0.643829,0.205833,1220
1.3935,275,enc,1,1,19.2600,-124.3225,19.2600,19.669,-166.0031,80.00,88.12,60.7400,63.3330,1.000000,0.539911,0.211110,0.690680,0.205833,1218
1.3986,276,enc,1,0,18.7200,-119.4257,18.7200,19.669,-166.0031,80.00,88.12,61.2800,63.3330,1.000000,0.544711,0.211110,0.663476,0.205833,1216
1.4037,277,enc,1,1,18.1800,-115.9980,18.1800,18.0247,-165.8967,80.00,88.12,61.8200,63.3330,1.000000,0.549511,0.211110,0.644433,0.205833,1214
1.4087,278,enc,1,0,17.6400,-113.5986,17.6400,18.0247,-165.8967,80.00,88.12,62.3600,63.3330,1.000000,0.554311,0.211110,0.631103,0.205833,1212
1.4138,279,enc,1,1,17.1000,-111.9190,17.1000,17.5028,-165.8592,80.00,88.12,62.9000,63.3330,1.000000,0.559111,0.211110,0.621772,0.205833,1210
1.4189,280,enc,1,1,16.5600,-110.7433,16.5600,16.9638,-165.8301,80.00,88.12,63.4400,63.3330,1.000000,0.563911,0.211110,0.615241,0.205833,1208
1.4239,281,enc,1,1,16.2000,-99.1203,16.2000,16.4734,-165.7881,80.00,88.12,63.8000,63.3330,1.000000,0.567111,0.211110,0.550668,0.205833,1206
1.4290,282,enc,1,1,15.6600,-101.7842,15.6600,16.0099,-165.7588,80.00,88.12,64.3400,63.3330,1.000000,0.571911,0.211110,0.565468,0.205833,1204
1.4341,283,enc,1,1,15.3000,-92.8490,15.3000,15.5442,-165.7116,80.00,88.12,64.7000,63.3330,1.000000,0.575111,0.211110,0.515828,0.205833,1202
1.4391,284,enc,1,1,14.7600,-97.3943,14.7600,15.0632,-165.6818,80.00,88.12,65.2400,63.3330,1.000000,0.579911,0.211110,0.541079,0.205833,1200
1.4442,285,enc,1,1,14.4000,-89.7760,14.4000,14.6246,-165.6452,80.00,88.12,65.6000,63.3330,1.000000,0.583111,0.211110,0.498755,0.205833,1198
1.4493,286,enc,1,1,14.0400,-84.4432,14.0400,14.2604,-165.6165,80.00,88.12,65.9600,63.3330,1.000000,0.586311,0.211110,0.469129,0.205833,1196
1.4544,287,enc,1,1,13.6800,-80.7102,13.6800,13.8316,-165.5727,80.00,88.12,66.3200,63.3330,1.000000,0.589511,0.211110,0.448390,0.205833,1194
1.4594,288,enc,1,1,13.3200,-78.0972,13.3200,13.4378,-165.5604,80.00,88.12,66.6800,63.3330,1.000000,0.592711,0.211110,0.433873,0.205833,1192
1.4645,289,enc,1,1,12.9600,-76.2680,12.9600,13.0704,-165.4976,80.00,88.12,67.0400,63.3330,1.000000,0.595911,0.211110,0.423711,0.205833,1190
1.4696,290,enc,1,1,12.6000,-74.9876,12.6000,12.747,-165.4754,80.00,88.12,67.4000,63.3330,1.000000,0.599111,0.211110,0.416598,0.205833,1188
1.4747,291,enc,1,1,12.2400,-74.0913,12.2400,12.4578,-165.419,80.00,88.12,67.7600,63.3330,1.000000,0.602311,0.211110,0.411618,0.205833,1186
1.4797,292,enc,1,1,12.0600,-62.6639,12.0600,12.1154,-165.3774,80.00,88.12,67.9400,63.3330,1.000000,0.603911,0.211110,0.348133,0.205833,1184
1.4848,293,enc,1,1,11.7000,-65.4648,11.7000,11.8681,-165.3269,80.00,88.12,68.3000,63.3330,1.000000,0.607111,0.211110,0.363693,0.205833,1182
1.4899,294,enc,1,1,11.5200,-56.6253,11.5200,11.585,-165.2873,80.00,88.12,68.4800,63.3330,1.000000,0.608711,0.211110,0.314585,0.205833,1180
1.4949,295,enc,1,1,11.3400,-50.4377,11.3400,11.3905,-165.2599,80.00,88.12,68.6600,63.3330,1.000000,0.610311,0.211110,0.280210,0.205833,1178
1.5000,296,enc,1,1,11.1600,-46.1064,11.1600,11.1708,-165.2295,80.00,88.12,68.8400,63.3330,1.000000,0.611911,0.211110,0.256147,0.205833,1176
1.5051,297,enc,1,1,10.9800,-43.0745,10.9800,10.9691,-165.2062,80.00,88.12,69.0200,63.3330,1.000000,0.613511,0.211110,0.239303,0.205833,1174
1.5102,298,enc,1,1,10.9800,-30.1521,10.9800,10.8005,-165.1886,80.00,88.12,69.0200,63.3330,1.000000,0.613511,0.211110,0.167512,0.205833,1172
1.5152,299,enc,1,1,10.8000,-31.9065,10.8000,10.5706,-165.1534,80.00,88.12,69.2000,63.3330,1.000000,0.615111,0.211110,0.177258,0.205833,1170
1.5203,300,enc,1,0,10.8000,-22.3345,10.8000,10.5706,-165.1534,80.00,88.12,69.2000,63.3330,1.000000,0.615111,0.211110,0.124081,0.205833,1168
1.5254,301,enc,1,1,10.6200,-26.4342,10.6200,10.4551,-165.1462,80.00,88.12,69.3800,63.3330,1.000000,0.616711,0.211110,0.146857,0.205833,1166
1.5304,302,enc,1,0,10.6200,-18.5039,10.6200,10.4551,-165.1462,80.00,88.12,69.3800,63.3330,1.000000,0.616711,0.211110,0.102800,0.205833,1164
1.5355,303,enc,1,1,10.6200,-12.9528,10.6200,10.4196,-165.1396,80.00,88.12,69.3800,63.3330,1.000000,0.616711,0.211110,0.071960,0.205833,1162
1.5406,304,enc,1,1,10.8000,1.7331,10.8000,10.4395,-165.1483,80.00,88.12,69.2000,63.3330,1.000000,0.615111,0.211110,-0.009628,0.205833,1160
1.5457,305,enc,1,0,10.8000,1.2132,10.8000,10.4395,-165.1483,80.00,88.12,69.2000,63.3330,1.000000,0.615111,0.211110,-0.006740,0.205833,1158
1.5507,306,enc,1,1,10.9800,11.6492,10.9800,10.6057,-165.1649,80.00,88.12,69.0200,63.6781,0.966886,0.613511,0.212260,-0.064718,0.205833,1156
1.5558,307,enc,1,1,11.1600,18.9544,11.1600,10.7407,-165.1768,80.00,88.12,68.8400,64.0223,0.925849,0.611911,0.213408,-0.105302,0.205833,1154
1.5609,308,enc,1,0,11.3400,24.0681,11.3400,10.7407,-165.1768,80.00,88.12,68.6600,64.3656,0.896984,0.610311,0.214552,-0.133712,0.205833,1152
1.5659,309,enc,1,1,11.5200,27.6477,11.5200,11.0875,-165.1919,80.00,88.12,68.4800,64.7080,0.876639,0.608711,0.215693,-0.153598,0.205833,1150
1.5710,310,enc,1,1,11.7000,30.1534,11.7000,11.274,-165.2172,80.00,88.12,68.3000,65.0495,0.862257,0.607111,0.216832,-0.167519,0.205833,1151
1.5761,311,enc,1,1,12.0600,42.7074,12.0600,11.5366,-165.2572,80.00,88.12,67.9400,65.3892,0.790445,0.603911,0.217964,-0.237263,0.205833,1153
1.5812,312,enc,1,1,12.4200,51.4952,12.4200,11.8251,-165.2995,80.00,88.12,67.5800,65.7271,0.739550,0.600711,0.219090,-0.286084,0.205833,1155
1.5863,313,enc,1,1,12.6000,46.8466,12.6000,12.1435,-165.3227,80.00,88.12,67.4000,66.0641,0.764898,0.599111,0.220214,-0.260259,0.205833,1157
1.5913,314,enc,1,1,13.1400,65.1926,13.1400,12.4457,-165.3686,80.00,88.12,66.8600,66.3984,0.659290,0.594311,0.221328,-0.362181,0.205833,1159
1.5964,315,enc,1,1,13.5000,67.2348,13.5000,12.8628,-165.4075,80.00,88.12,66.5000,66.7309,0.645853,0.591111,0.222436,-0.373527,0.205833,1161
1.6015,316,enc,1,1,13.8600,68.6644,13.8600,13.2839,-165.4471,80.00,88.12,66.1400,67.0616,0.635814,0.587911,0.223539,-0.381469,0.205833,1163
1.6066,317,enc,1,1,14.2200,69.6651,14.2200,13.7044,-165.4908,80.00,88.12,65.7800,67.3905,0.628150,0.584711,0.224635,-0.387028,0.205833,1165
1.6116,318,enc,1,1,14.5800,70.3655,14.5800,14.2308,-165.5417,80.00,88.12,65.4200,67.7176,0.622149,0.581511,0.225725,-0.390920,0.205833,1167
1.6167,319,enc,1,1,14.7600,60.0559,14.7600,14.7587,-165.5772,80.00,88.12,65.2400,68.0438,0.678913,0.579911,0.226813,-0.333644,0.205833,1169
1.6218,320,enc,1,1,15.3000,74.4391,15.3000,15.2589,-165.6243,80.00,88.12,64.7000,68.3673,0.595284,0.575111,0.227891,-0.413551,0.205833,1171
1.6269,321,enc,1,1,16.0200,95.3074,16.0200,15.8615,-165.6638,80.00,88.12,63.9800,68.6872,0.474016,0.568711,0.228957,-0.529485,0.205833,1173
1.6320,322,enc,1,1,16.5600,99.1152,16.5600,16.4739,-165.7101,80.00,88.12,63.4400,69.0044,0.449118,0.563911,0.230015,-0.550640,0.205833,1175
1.6370,323,enc,1,1,17.2800,112.5806,17.2800,17.1999,-165.7444,80.00,88.12,62.7200,69.3180,0.368956,0.557511,0.231060,-0.625448,0.205833,1177
1.6421,324,enc,1,1,18.0000,122.0064,18.0000,17.8117,-165.7961,80.00,88.12,62.0000,69.6280,0.311223,0.551111,0.232093,-0.677814,0.205833,1179
1.6472,325,enc,1,1,18.7200,128.6045,18.7200,18.531,-165.8254,80.00,88.12,61.2800,69.9344,0.269189,0.544711,0.233115,-0.714469,0.205833,1181
1.6522,326,enc,1,1,19.6200,144.0232,19.6200,19.2657,-165.8743,80.00,88.12,60.3800,70.2363,0.176536,0.536711,0.234121,-0.800129,0.205833,1183
1.6573,327,enc,1,1,20.1600,133.2162,20.1600,20.0397,-165.9308,80.00,88.12,59.8400,70.5355,0.232772,0.531911,0.235118,-0.740090,0.205833,1185
1.6624,328,enc,1,1,20.7000,125.6513,20.7000,20.8265,-165.9788,80.00,88.12,59.3000,70.8320,0.270987,0.527111,0.236107,-0.698063,0.205833,1187
1.6674,329,enc,1,1,21.4200,131.1559,21.4200,21.7638,-166.0144,80.00,88.12,58.5800,71.1249,0.234983,0.520711,0.237083,-0.728644,0.205833,1189
1.6725,330,enc,1,1,22.3200,145.8092,22.3200,22.5284,-166.0417,80.00,88.12,57.6800,71.4133,0.146537,0.512711,0.238044,-0.810051,0.205833,1191
1.6776,331,enc,1,0,23.2200,156.0664,23.2200,22.5284,-166.0417,80.00,88.12,56.7800,71.6972,0.082499,0.504711,0.238991,-0.867036,0.205833,1193
1.6826,332,enc,1,1,23.7600,141.6465,23.7600,24.3237,-166.1046,80.00,88.12,56.2400,71.9784,0.158747,0.499911,0.239928,-0.786925,0.205833,1195
1.6877,333,enc,1,1,24.4800,142.3525,24.4800,25.2498,-166.1401,80.00,88.12,55.5200,72.2560,0.149350,0.493511,0.240853,-0.790847,0.205833,1197
1.6928,334,enc,1,1,25.0200,132.0468,25.0200,26.2103,-166.1762,80.00,88.12,54.9800,72.5309,0.202720,0.488711,0.241770,-0.733593,0.205833,1199
1.6978,335,enc,1,1,25.7400,135.6327,25.7400,27.2288,-166.2138,80.00,88.12,54.2600,72.8022,0.177302,0.482311,0.242674,-0.753515,0.205833,1201
1.7029,336,enc,1,1,26.4600,138.1429,26.4600,28.2504,-166.2564,80.00,88.12,53.5400,73.0699,0.157849,0.475911,0.243566,-0.767461,0.205833,1203
1.7080,337,enc,1,1,27.0000,129.1000,27.0000,29.3922,-166.2855,80.00,88.12,53.0000,73.3349,0.204171,0.471111,0.244450,-0.717222,0.205833,1205
1.7131,338,enc,1,1,27.5400,122.7700,27.5400,30.2917,-166.3211,80.00,88.12,52.4600,73.5972,0.235412,0.466311,0.245324,-0.682056,0.205833,1207
1.7181,339,enc,1,1,28.0800,118.3390,28.0800,31.3497,-166.347,80.00,88.12,51.9200,73.8568,0.256094,0.461511,0.246189,-0.657439,0.205833,1209
1.7232,340,enc,1,1,28.4400,104.4373,28.4400,32.4424,-166.3738,80.00,88.12,51.5600,74.1146,0.330985,0.458311,0.247049,-0.580207,0.205833,1211
1.7283,341,enc,1,1,29.1600,116.3061,29.1600,33.5793,-166.396,80.00,88.12,50.8400,74.3688,0.259495,0.451911,0.247896,-0.646145,0.205833,1213
1.7333,342,enc,1,1,29.5200,103.0143,29.5200,34.7009,-166.4167,80.00,88.12,50.4800,74.6212,0.330979,0.448711,0.248737,-0.572302,0.205833,1215
1.7384,343,enc,1,1,30.2400,115.3100,30.2400,35.9369,-166.4473,80.00,88.12,49.7600,74.8700,0.257099,0.442311,0.249567,-0.640611,0.205833,1217
1.7435,344,enc,1,1,30.7800,113.1170,30.7800,37.11,-166.4689,80.00,88.12,49.2200,75.1161,0.265303,0.437511,0.250387,-0.628428,0.205833,1219
1.7486,345,enc,1,1,31.6800,133.1819,31.6800,38.2778,-166.4986,80.00,88.12,48.3200,75.3577,0.146637,0.429511,0.251192,-0.739899,0.205833,1221
1.7536,346,enc,1,1,32.5800,147.2273,32.5800,39.3861,-166.5244,80.00,88.12,47.4200,75.5948,0.061397,0.421511,0.251983,-0.817930,0.205833,1223
1.7587,347,enc,1,0,32.9400,124.6591,32.9400,39.3861,-166.5244,80.00,88.12,47.0600,75.8301,0.184360,0.418311,0.252767,-0.692551,0.205833,1225
1.7638,348,enc,1,1,33.4800,119.6614,33.4800,41.763,-166.57,80.00,88.12,46.5200,76.0627,0.208100,0.413511,0.253542,-0.664786,0.205833,1227
1.7688,349,enc,1,1,34.0200,116.1630,34.0200,43.0992,-166.6053,80.00,88.12,45.9800,76.2926,0.223502,0.408711,0.254309,-0.645350,0.205833,1229
1.7739,350,enc,1,1,34.3800,102.9141,34.3800,44.2245,-166.631,80.00,88.12,45.6200,76.5207,0.294668,0.405511,0.255069,-0.571745,0.205833,1231
1.7790,351,enc,1,1,34.9200,104.4399,34.9200,45.5565,-166.6595,80.00,88.12,45.0800,76.7461,0.282143,0.400711,0.255820,-0.580221,0.205833,1233
1.7841,352,enc,1,1,35.6400,116.3079,35.6400,46.8215,-166.6791,80.00,88.12,44.3600,76.9679,0.210548,0.394311,0.256560,-0.646155,0.205833,1235
1.7891,353,enc,1,1,36.1800,113.8155,36.1800,47.9256,-166.7009,80.00,88.12,43.8200,77.1870,0.220325,0.389511,0.257290,-0.632309,0.205833,1237
1.7942,354,enc,1,1,36.7200,112.0709,36.7200,49.3017,-166.7221,80.00,88.12,43.2800,77.4034,0.225939,0.384711,0.258011,-0.622616,0.205833,1239
1.7993,355,enc,1,1,37.4400,121.6496,37.4400,50.5871,-166.7478,80.00,88.12,42.5600,77.6162,0.167033,0.378311,0.258721,-0.675831,0.205833,1241
1.8043,356,enc,1,1,37.9800,117.5547,37.9800,51.8344,-166.763,80.00,88.12,42.0200,77.8263,0.185683,0.373511,0.259421,-0.653082,0.205833,1243
1.8094,357,enc,1,1,38.3400,103.8883,38.3400,53.1262,-166.7895,80.00,88.12,41.6600,78.0346,0.259102,0.370311,0.260115,-0.577157,0.205833,1245
1.8145,358,enc,1,1,38.8800,105.1218,38.8800,54.2829,-166.8086,80.00,88.12,41.1200,78.2402,0.248134,0.365511,0.260801,-0.584010,0.205833,1247
1.8195,359,enc,1,1,39.4200,105.9853,39.4200,56.7909,-166.8445,80.00,88.12,40.5800,78.4431,0.239214,0.360711,0.261477,-0.588807,0.205833,1249
1.8246,360,enc,1,0,40.1400,117.3897,40.1400,56.7909,-166.8445,80.00,88.12,39.8600,78.6424,0.170120,0.354311,0.262141,-0.652165,0.205833,1251
1.8297,361,enc,1,1,40.6800,114.5728,40.6800,58.1319,-166.8606,80.00,88.12,39.3200,78.8390,0.181625,0.349511,0.262797,-0.636515,0.205833,1253
1.8347,362,enc,1,1,41.2200,112.6009,41.2200,59.2888,-166.8792,80.00,88.12,38.7800,79.0329,0.188426,0.344711,0.263443,-0.625561,0.205833,1255
1.8398,363,enc,1,1,41.7600,111.2207,41.7600,60.5296,-166.8933,80.00,88.12,38.2400,79.2241,0.191931,0.339911,0.264080,-0.617893,0.205833,1257
1.8449,364,enc,1,1,42.3000,110.2545,42.3000,63.0074,-166.9207,80.00,88.12,37.7000,79.4126,0.193128,0.335111,0.264709,-0.612525,0.205833,1259
1.8499,365,enc,1,0,42.8400,109.5781,42.8400,63.0074,-166.9207,80.00,88.12,37.1600,79.5984,0.192704,0.330311,0.265328,-0.608767,0.205833,1261
1.8551,366,enc,1,1,43.3800,109.1047,43.3800,65.5954,-166.9545,80.00,88.12,36.6200,79.7815,0.191145,0.325511,0.265938,-0.606137,0.205833,1263
1.8602,367,enc,1,1,43.7400,97.9733,43.7400,66.7352,-166.97,80.00,88.12,36.2600,79.9628,0.250390,0.322311,0.266543,-0.544296,0.205833,1265
1.8652,368,enc,1,0,44.1000,90.1813,44.1000,66.7352,-166.97,80.00,88.12,35.9000,80.1423,0.291077,0.319111,0.267141,-0.501007,0.205833,1267
1.8703,369,enc,1,1,45.1800,127.9269,45.1800,69.2207,-166.9885,80.00,88.12,34.8200,80.3164,0.072360,0.309511,0.267721,-0.710705,0.205833,1269
1.8754,370,enc,1,0,45.9000,132.7488,45.9000,69.2207,-166.9885,80.00,88.12,34.1000,80.4869,0.039740,0.303111,0.268290,-0.737494,0.205833,1271
1.8804,371,enc,1,1,46.4400,125.3242,46.4400,71.7339,-167.0102,80.00,88.12,33.5600,80.6547,0.076747,0.298311,0.268849,-0.696245,0.205833,1273
1.8855,372,enc,1,1,46.9800,120.1269,46.9800,72.8437,-167.0106,80.00,88.12,33.0200,80.8198,0.101371,0.293511,0.269399,-0.667372,0.205833,1275
1.8906,373,enc,1,1,47.7000,127.2889,47.7000,74.0571,-167.0188,80.00,88.12,32.3000,80.9813,0.055721,0.287111,0.269938,-0.707160,0.205833,1277
1.8956,374,enc,1,1,48.2400,121.5022,48.2400,75.3812,-167.0369,80.00,88.12,31.7600,81.1401,0.083598,0.282311,0.270467,-0.675012,0.205833,1279
1.9007,375,enc,1,1,48.7800,117.4515,48.7800,76.4437,-167.0451,80.00,88.12,31.2200,81.2962,0.101822,0.277511,0.270987,-0.652509,0.205833,1281
1.9058,376,enc,1,1,49.3200,114.6161,49.3200,77.6031,-167.0589,80.00,88.12,30.6800,81.4496,0.113286,0.272711,0.271499,-0.636756,0.205833,1283
1.9108,377,enc,1,1,49.6800,101.8313,49.6800,78.6837,-167.0791,80.00,88.12,30.3200,81.6012,0.181618,0.269511,0.272004,-0.565729,0.205833,1285
1.9159,378,enc,1,0,50.0400,92.8819,50.0400,78.6837,-167.0791,80.00,88.12,29.9600,81.7510,0.228637,0.266311,0.272503,-0.516010,0.205833,1287
1.9210,379,enc,1,1,50.7600,108.2173,50.7600,80.8225,-167.1041,80.00,88.12,29.2400,81.8972,0.137527,0.259911,0.272991,-0.601207,0.205833,1289
1.9260,380,enc,1,1,51.4800,118.9521,51.4800,82.0976,-167.1105,80.00,88.12,28.5200,82.0398,0.071965,0.253511,0.273466,-0.660845,0.205833,1291
1.9311,381,enc,1,1,52.2000,126.4665,52.2000,83.0784,-167.1185,80.00,88.12,27.8000,82.1788,0.024281,0.247111,0.273929,-0.702592,0.205833,1293
1.9362,382,enc,1,1,52.9200,131.7265,52.9200,84.2265,-167.1289,80.00,88.12,27.0800,82.3142,-0.010890,0.240711,0.274381,-0.731814,0.205833,1295
1.9413,383,enc,1,1,53.6400,135.4086,53.6400,85.3534,-167.1401,80.00,88.12,26.3600,82.4460,-0.037306,0.234311,0.274820,-0.752270,0.205833,1297
1.9463,384,enc,1,1,54.5400,148.7860,54.5400,86.2698,-167.1486,80.00,88.12,25.4600,82.5733,-0.119201,0.226311,0.275244,-0.826589,0.205833,1299
1.9514,385,enc,1,1,55.0800,136.5502,55.0800,87.3538,-167.1602,80.00,88.12,24.9200,82.6979,-0.055609,0.221511,0.275660,-0.758612,0.205833,1301
1.9565,386,enc,1,1,55.6200,127.9851,55.6200,88.3188,-167.1694,80.00,88.12,24.3800,82.8198,-0.012419,0.216711,0.276066,-0.711029,0.205833,1303
1.9616,387,enc,1,1,56.3400,132.7896,56.3400,89.263,-167.185,80.00,88.12,23.6600,82.9381,-0.045116,0.210311,0.276460,-0.737720,0.205833,1305
1.9666,388,enc,1,1,57.2400,146.9527,57.2400,90.2497,-167.1879,80.00,88.12,22.7600,83.0519,-0.131421,0.202311,0.276840,-0.816404,0.205833,1307
1.9717,389,enc,1,1,57.7800,135.2669,57.7800,91.1945,-167.198,80.00,88.12,22.2200,83.1630,-0.070929,0.197511,0.277210,-0.751483,0.205833,1309
1.9768,390,enc,1,1,58.3200,127.0868,58.3200,92.1392,-167.2144,80.00,88.12,21.6800,83.2714,-0.029923,0.192711,0.277571,-0.706038,0.205833,1311
1.9819,391,enc,1,1,58.5000,99.7608,58.5000,93.0209,-167.2213,80.00,88.12,21.5000,83.3789,0.120647,0.191111,0.277930,-0.554227,0.205833,1313
1.9869,392,enc,1,1,59.4000,123.8325,59.4000,93.8888,-167.2276,80.00,88.12,20.6000,83.4819,-0.020742,0.183111,0.278273,-0.687959,0.205833,1315
1.9920,393,enc,1,1,60.3000,140.6828,60.3000,94.7437,-167.2434,80.00,88.12,19.7000,83.5804,-0.122026,0.175111,0.278601,-0.781571,0.205833,1317
1.9971,394,enc,1,1,60.8400,130.8779,60.8400,95.6617,-167.2552,80.00,88.12,19.1600,83.6762,-0.072035,0.170311,0.278921,-0.727100,0.205833,1319
2.0021,395,enc,1,1,61.5600,134.8146,61.5600,96.4893,-167.2635,80.00,88.12,18.4400,83.7684,-0.099998,0.163911,0.279228,-0.748970,0.205833,1321
2.0072,396,enc,1,1,62.2800,137.5702,62.2800,97.282,-167.2757,80.00,88.12,17.7200,83.8570,-0.121412,0.157511,0.279523,-0.764279,0.205833,1323
2.0123,397,enc,1,1,63.0000,139.4991,63.0000,98.0326,-167.2864,80.00,88.12,17.0000,83.9420,-0.138245,0.151111,0.279807,-0.774995,0.205833,1325
2.0173,398,enc,1,1,63.7200,140.8494,63.7200,98.7912,-167.2951,80.00,88.12,16.2800,84.0234,-0.151875,0.144711,0.280078,-0.782497,0.205833,1327
2.0224,399,enc,1,1,64.6200,152.5946,64.6200,99.5224,-167.3044,80.00,88.12,15.3800,84.1003,-0.224870,0.136711,0.280334,-0.847748,0.205833,1329
2.0275,400,enc,1,1,64.9800,128.4162,64.9800,100.2247,-167.3149,80.00,88.12,15.0200,84.1754,-0.093495,0.133511,0.280585,-0.713423,0.205833,1331
2.0325,401,enc,1,1,65.7000,133.0913,65.7000,100.9001,-167.3318,80.00,88.12,14.3000,84.2469,-0.125630,0.127111,0.280823,-0.739396,0.205833,1333
2.0376,402,enc,1,1,66.2400,125.5639,66.2400,101.5618,-167.3374,80.00,88.12,13.7600,84.3157,-0.088381,0.122311,0.281052,-0.697577,0.205833,1335
2.0427,403,enc,1,1,66.9600,131.0948,66.9600,102.2176,-167.3385,80.00,88.12,13.0400,84.3809,-0.125291,0.115911,0.281270,-0.728304,0.205833,1337
2.0477,404,enc,1,1,67.5000,124.1663,67.5000,102.7888,-167.3482,80.00,88.12,12.5000,84.4434,-0.091391,0.111111,0.281478,-0.689813,0.205833,1339
2.0528,405,enc,1,1,68.0400,119.3164,68.0400,103.3594,-167.3622,80.00,88.12,11.9600,84.5032,-0.069048,0.106311,0.281677,-0.662869,0.205833,1341
2.0579,406,enc,1,1,68.5800,115.9215,68.5800,103.9664,-167.3683,80.00,88.12,11.4200,84.5603,-0.054797,0.101511,0.281868,-0.644008,0.205833,1343
2.0630,407,enc,1,1,69.1200,113.5451,69.1200,104.4899,-167.3741,80.00,88.12,10.8800,84.6147,-0.046213,0.096711,0.282049,-0.630806,0.205833,1345
2.0680,408,enc,1,1,69.4800,101.0815,69.4800,105.0053,-167.3903,80.00,88.12,10.5200,84.6673,0.020004,0.093511,0.282224,-0.561564,0.205833,1347
2.0731,409,enc,1,1,70.0200,103.1571,70.0200,105.4512,-167.3969,80.00,88.12,9.9800,84.7172,0.003839,0.088711,0.282391,-0.573095,0.205833,1349
2.0782,410,enc,1,1,70.3800,93.8100,70.3800,105.9467,-167.4016,80.00,88.12,9.6200,84.7653,0.052728,0.085511,0.282551,-0.521166,0.205833,1351
2.0833,411,enc,1,1,70.7400,87.2670,70.7400,106.3505,-167.4025,80.00,88.12,9.2600,84.8116,0.086033,0.082311,0.282705,-0.484816,0.205833,1353
2.0883,412,enc,1,1,71.1000,82.6869,71.1000,106.7607,-167.4098,80.00,88.12,8.9000,84.8561,0.108426,0.079111,0.282854,-0.459372,0.205833,1355
2.0934,413,enc,1,1,71.4600,79.4808,71.4600,107.1156,-167.4087,80.00,88.12,8.5400,84.8988,0.123180,0.075911,0.282996,-0.441560,0.205833,1357
2.0985,414,enc,1,1,71.8200,77.2366,71.8200,107.4842,-167.4164,80.00,88.12,8.1800,84.9397,0.132584,0.072711,0.283132,-0.429092,0.205833,1359
2.1036,415,enc,1,1,72.0000,64.8656,72.0000,107.8178,-167.4223,80.00,88.12,8.0000,84.9797,0.199845,0.071111,0.283266,-0.360364,0.205833,1361
2.1086,416,enc,1,1,72.1800,56.2059,72.1800,108.1164,-167.4288,80.00,88.12,7.8200,85.0188,0.246485,0.069511,0.283396,-0.312255,0.205833,1363
2.1137,417,enc,1,1,72.5400,60.9441,72.5400,108.3579,-167.4331,80.00,88.12,7.4600,85.0561,0.217085,0.066311,0.283520,-0.338579,0.205833,1365
2.1188,418,enc,1,1,72.7200,53.4609,72.7200,108.6131,-167.4303,80.00,88.12,7.2800,85.0925,0.257180,0.064711,0.283642,-0.297005,0.205833,1367
2.1238,419,enc,1,1,72.7200,37.4226,72.7200,108.8269,-167.4428,80.00,88.12,7.2800,85.1289,0.346403,0.064711,0.283763,-0.207904,0.205833,1365
2.1289,420,enc,1,1,72.9000,36.9958,72.9000,108.9981,-167.4471,80.00,88.12,7.1000,85.1644,0.347293,0.063111,0.283881,-0.205532,0.205833,1363
2.1340,421,enc,1,1,73.0800,36.6971,73.0800,109.1401,-167.4423,80.00,88.12,6.9200,85.1990,0.347468,0.061511,0.283997,-0.203873,0.205833,1361
2.1390,422,enc,1,1,73.0800,25.6880,73.0800,109.2672,-167.4447,80.00,88.12,6.9200,85.2336,0.408745,0.061511,0.284112,-0.142711,0.205833,1359
2.1441,423,enc,1,1,73.0800,17.9816,73.0800,109.4179,-167.4473,80.00,88.12,6.9200,85.2682,0.451673,0.061511,0.284227,-0.099898,0.205833,1357
2.1491,424,enc,1,0,73.0800,12.5871,73.0800,109.4179,-167.4473,80.00,88.12,6.9200,85.3028,0.481758,0.061511,0.284343,-0.069928,0.205833,1355
2.1542,425,enc,1,1,73.0800,8.8110,73.0800,109.446,-167.4478,80.00,88.12,6.9200,85.3374,0.502852,0.061511,0.284458,-0.048950,0.205833,1353
2.1593,426,enc,1,0,72.9000,-4.6323,72.9000,109.446,-167.4478,80.00,88.12,7.1000,85.3729,0.579255,0.063111,0.284576,0.025735,0.205833,1351
2.1644,427,enc,1,1,72.9000,-3.2426,72.9000,109.3604,-167.4477,80.00,88.12,7.1000,85.4084,0.571653,0.063111,0.284695,0.018015,0.205833,1349
2.1694,428,enc,1,0,72.7200,-13.0698,72.7200,109.3604,-167.4477,80.00,88.12,7.2800,85.4448,0.627970,0.064711,0.284816,0.072610,0.205833,1347
2.1745,429,enc,1,1,72.5400,-19.9489,72.5400,109.1682,-167.4429,80.00,88.12,7.4600,85.4821,0.667911,0.066311,0.284940,0.110827,0.205833,1345
2.1796,430,enc,1,0,72.3600,-24.7642,72.3600,109.1682,-167.4429,80.00,88.12,7.6400,85.5203,0.696390,0.067911,0.285068,0.137579,0.205833,1343
2.1846,431,enc,1,0,72.1800,-28.1350,72.1800,109.1682,-167.4429,80.00,88.12,7.8200,85.5594,0.716847,0.069511,0.285198,0.156305,0.205833,1341
2.1897,432,enc,1,1,72.0000,-30.4945,72.0000,108.8343,-167.4442,80.00,88.12,8.0000,85.5994,0.731689,0.071111,0.285331,0.169414,0.205833,1339
2.1948,433,enc,1,1,71.6400,-42.9461,71.6400,108.4007,-167.4351,80.00,88.12,8.3600,85.6412,0.804204,0.074311,0.285471,0.238590,0.205833,1337
2.1998,434,enc,1,0,71.4600,-40.8623,71.4600,108.4007,-167.4351,80.00,88.12,8.5400,85.6839,0.794369,0.075911,0.285613,0.227013,0.205833,1335
2.2049,435,enc,1,1,71.1000,-50.2036,71.1000,107.853,-167.4315,80.00,88.12,8.9000,85.7284,0.849614,0.079111,0.285761,0.278909,0.205833,1333
2.2100,436,enc,1,1,70.7400,-56.7425,70.7400,107.5558,-167.4249,80.00,88.12,9.2600,85.7747,0.889296,0.082311,0.285916,0.315236,0.205833,1331
2.2151,437,enc,1,1,70.2000,-72.1198,70.2000,107.2225,-167.419,80.00,88.12,9.8000,85.8237,0.979688,0.087111,0.286079,0.400665,0.205833,1329
2.2201,438,enc,1,1,69.8400,-72.0838,69.8400,106.8323,-167.411,80.00,88.12,10.1600,85.8745,0.982858,0.090311,0.286248,0.400466,0.205833,1327
2.2252,439,enc,1,1,69.4800,-72.0587,69.4800,106.4498,-167.4103,80.00,88.12,10.5200,85.9271,0.986093,0.093511,0.286424,0.400326,0.205833,1325
2.2303,440,enc,1,1,68.9400,-82.8411,68.9400,106.0532,-167.4023,80.00,88.12,11.0600,85.9271,1.000000,0.098311,0.286424,0.460228,0.205833,1323
2.2354,441,enc,1,1,68.4000,-90.3888,68.4000,105.6281,-167.3938,80.00,88.12,11.6000,85.9271,1.000000,0.103111,0.286424,0.502160,0.205833,1321
2.2404,442,enc,1,1,67.8600,-95.6721,67.8600,105.1612,-167.3846,80.00,88.12,12.1400,85.9271,1.000000,0.107911,0.286424,0.531512,0.205833,1319
2.2455,443,enc,1,1,67.3200,-99.3705,67.3200,104.6524,-167.382,80.00,88.12,12.6800,85.9271,1.000000,0.112711,0.286424,0.552058,0.205833,1317
2.2506,444,enc,1,1,66.7800,-101.9593,66.7800,104.1857,-167.374,80.00,88.12,13.2200,85.9271,1.000000,0.117511,0.286424,0.566441,0.205833,1315
2.2556,445,enc,1,1,66.2400,-103.7715,66.2400,103.6002,-167.362,80.00,88.12,13.7600,85.9271,1.000000,0.122311,0.286424,0.576509,0.205833,1313
2.2608,446,enc,1,1,65.5200,-115.8401,65.5200,103.0,-167.358,80.00,88.12,14.4800,85.9271,1.000000,0.128711,0.286424,0.643556,0.205833,1311
2.2659,447,enc,1,1,64.9800,-113.4881,64.9800,102.4993,-167.3486,80.00,88.12,15.0200,85.9271,1.000000,0.133511,0.286424,0.630489,0.205833,1309
2.2709,448,enc,1,1,64.2600,-122.6416,64.2600,101.8793,-167.3372,80.00,88.12,15.7400,85.9271,1.000000,0.139911,0.286424,0.681342,0.205833,1307
2.2760,449,enc,1,1,63.5400,-129.0491,63.5400,101.1609,-167.3306,80.00,88.12,16.4600,85.9271,1.000000,0.146311,0.286424,0.716940,0.205833,1305
2.2811,450,enc,1,1,62.8200,-133.5344,62.8200,100.5489,-167.3195,80.00,88.12,17.1800,85.9271,1.000000,0.152711,0.286424,0.741858,0.205833,1303
2.2862,451,enc,1,1,61.9200,-147.4741,61.9200,99.8452,-167.307,80.00,88.12,18.0800,85.9271,1.000000,0.160711,0.286424,0.819300,0.205833,1301
2.2912,452,enc,1,1,61.5600,-124.8319,61.5600,99.1351,-167.3009,80.00,88.12,18.4400,85.9271,1.000000,0.163911,0.286424,0.693510,0.205833,1299
2.2963,453,enc,1,1,60.6600,-141.3823,60.6600,98.3062,-167.2929,80.00,88.12,19.3400,85.9271,1.000000,0.171911,0.286424,0.785457,0.205833,1297
2.3014,454,enc,1,1,59.7600,-152.9676,59.7600,97.5904,-167.2803,80.00,88.12,20.2400,85.9271,1.000000,0.179911,0.286424,0.849820,0.205833,1295
2.3064,455,enc,1,1,58.8600,-161.0773,58.8600,96.7765,-167.2657,80.00,88.12,21.1400,85.9271,1.000000,0.187911,0.286424,0.894874,0.205833,1293
2.3115,456,enc,1,0,57.9600,-166.7541,57.9600,96.7765,-167.2657,80.00,88.12,22.0400,85.9271,1.000000,0.195911,0.286424,0.926412,0.205833,1291
2.3166,457,enc,1,1,57.0600,-170.7279,57.0600,95.1083,-167.2432,80.00,88.12,22.9400,85.9271,1.000000,0.203911,0.286424,0.948488,0.205833,1289
2.3216,458,enc,1,1,56.3400,-162.7095,56.3400,94.1834,-167.2276,80.00,88.12,23.6600,85.9271,1.000000,0.210311,0.286424,0.903942,0.205833,1287
2.3267,459,enc,1,1,55.4400,-167.8967,55.4400,93.2798,-167.2186,80.00,88.12,24.5600,85.9271,1.000000,0.218311,0.286424,0.932759,0.205833,1285
2.3318,460,enc,1,1,54.7200,-160.7277,54.7200,92.3559,-167.2098,80.00,88.12,25.2800,85.9271,1.000000,0.224711,0.286424,0.892931,0.205833,1283
2.3368,461,enc,1,1,54.0000,-155.7094,54.0000,91.4042,-167.1938,80.00,88.12,26.0000,85.9271,1.000000,0.231111,0.286424,0.865052,0.205833,1281
2.3419,462,enc,1,1,53.4600,-141.3966,53.4600,90.3967,-167.1833,80.00,88.12,26.5400,85.9271,1.000000,0.235911,0.286424,0.785536,0.205833,1279
2.3470,463,enc,1,1,52.7400,-142.1776,52.7400,89.4033,-167.1736,80.00,88.12,27.2600,85.9271,1.000000,0.242311,0.286424,0.789875,0.205833,1277
2.3521,464,enc,1,1,51.8400,-153.5243,51.8400,88.3473,-167.1559,80.00,88.12,28.1600,85.9271,1.000000,0.250311,0.286424,0.852913,0.205833,1275
2.3572,465,enc,1,1,51.4800,-129.0670,51.4800,87.298,-167.1454,80.00,88.12,28.5200,85.9271,1.000000,0.253511,0.286424,0.717039,0.205833,1273
2.3622,466,enc,1,1,50.7600,-133.5469,50.7600,86.1998,-167.1342,80.00,88.12,29.2400,85.9271,1.000000,0.259911,0.286424,0.741927,0.205833,1271
2.3673,467,enc,1,1,50.2200,-125.8828,50.2200,85.0456,-167.1217,80.00,88.12,29.7800,85.9271,1.000000,0.264711,0.286424,0.699349,0.205833,1269
2.3724,468,enc,1,1,49.6800,-120.5180,49.6800,83.9747,-167.1046,80.00,88.12,30.3200,85.9271,1.000000,0.269511,0.286424,0.669544,0.205833,1267
2.3775,469,enc,1,0,49.1400,-116.7626,49.1400,83.9747,-167.1046,80.00,88.12,30.8600,85.9271,1.000000,0.274311,0.286424,0.648681,0.205833,1265
2.3825,470,enc,1,1,48.4200,-124.9338,48.4200,81.6222,-167.079,80.00,88.12,31.5800,85.9271,1.000000,0.280711,0.286424,0.694077,0.205833,1263
2.3876,471,enc,1,1,48.0600,-109.0537,48.0600,80.2975,-167.0654,80.00,88.12,31.9400,85.9271,1.000000,0.283911,0.286424,0.605854,0.205833,1261
2.3927,472,enc,1,1,47.5200,-108.7376,47.5200,79.2245,-167.054,80.00,88.12,32.4800,85.9271,1.000000,0.288711,0.286424,0.604098,0.205833,1259
2.3978,473,enc,1,1,47.1600,-97.7163,47.1600,77.9472,-167.0323,80.00,88.12,32.8400,85.9271,1.000000,0.291911,0.286424,0.542868,0.205833,1257
2.4028,474,enc,1,1,46.2600,-122.4014,46.2600,76.563,-167.019,80.00,88.12,33.7400,85.9271,1.000000,0.299911,0.286424,0.680008,0.205833,1255
2.4079,475,enc,1,1,45.5400,-128.8810,45.5400,75.3181,-167.0048,80.00,88.12,34.4600,85.9271,1.000000,0.306311,0.286424,0.716005,0.205833,1253
2.4130,476,enc,1,1,45.1800,-111.8167,45.1800,74.0576,-166.9884,80.00,88.12,34.8200,85.9271,1.000000,0.309511,0.286424,0.621204,0.205833,1251
2.4180,477,enc,1,1,44.2800,-132.2717,44.2800,72.6396,-166.9823,80.00,88.12,35.7200,85.9271,1.000000,0.317511,0.286424,0.734843,0.205833,1249
2.4231,478,enc,1,1,44.2800,-92.5902,44.2800,71.3107,-166.9702,80.00,88.12,35.7200,85.9271,1.000000,0.317511,0.286424,0.514390,0.205833,1247
2.4282,479,enc,1,1,43.5600,-108.0131,43.5600,69.9672,-166.9512,80.00,88.12,36.4400,85.9271,1.000000,0.323911,0.286424,0.600073,0.205833,1245
2.4333,480,enc,1,1,42.8400,-118.8092,42.8400,68.6341,-166.9354,80.00,88.12,37.1600,85.9271,1.000000,0.330311,0.286424,0.660051,0.205833,1243
2.4383,481,enc,1,0,42.1200,-126.3664,42.1200,68.6341,-166.9354,80.00,88.12,37.8800,85.9271,1.000000,0.336711,0.286424,0.702036,0.205833,1241
2.4434,482,enc,1,1,41.9400,-99.2565,41.9400,65.8885,-166.9116,80.00,88.12,38.0600,85.9271,1.000000,0.338311,0.286424,0.551425,0.205833,1239
2.4485,483,enc,1,1,41.5800,-91.0796,41.5800,62.9929,-166.8751,80.00,88.12,38.4200,85.9271,1.000000,0.341511,0.286424,0.505998,0.205833,1237
2.4535,484,enc,1,0,41.2200,-85.3557,41.2200,62.9929,-166.8751,80.00,88.12,38.7800,85.9271,1.000000,0.344711,0.286424,0.474198,0.205833,1235
2.4586,485,enc,1,1,41.0400,-70.5490,41.0400,61.4066,-166.8667,80.00,88.12,38.9600,85.9271,1.000000,0.346311,0.286424,0.391939,0.205833,1233
2.4637,486,enc,1,1,41.0400,-49.3843,41.0400,59.9303,-166.8504,80.00,88.12,38.9600,85.9271,1.000000,0.346311,0.286424,0.274357,0.205833,1231
2.4687,487,enc,1,1,40.1400,-88.5690,40.1400,58.5003,-166.8285,80.00,88.12,39.8600,85.9271,1.000000,0.354311,0.286424,0.492050,0.205833,1229
2.4738,488,enc,1,1,39.6000,-94.3983,39.6000,55.4661,-166.7963,80.00,88.12,40.4000,85.9271,1.000000,0.359111,0.286424,0.524435,0.205833,1227
2.4789,489,enc,1,0,39.2400,-87.6788,39.2400,55.4661,-166.7963,80.00,88.12,40.7600,85.9271,1.000000,0.362311,0.286424,0.487105,0.205833,1225
2.4840,490,enc,1,1,38.8800,-82.9752,38.8800,52.5318,-166.7721,80.00,88.12,41.1200,85.9271,1.000000,0.365511,0.286424,0.460973,0.205833,1223
2.4890,491,enc,1,0,38.8800,-58.0826,38.8800,52.5318,-166.7721,80.00,88.12,41.1200,85.9271,1.000000,0.365511,0.286424,0.322681,0.205833,1221
2.4941,492,enc,1,1,38.1600,-83.8578,38.1600,51.0165,-166.7502,80.00,88.12,41.8400,85.9271,1.000000,0.371911,0.286424,0.465877,0.205833,1219
2.4992,493,enc,1,1,37.9800,-69.5005,37.9800,47.9216,-166.7196,80.00,88.12,42.0200,85.9271,1.000000,0.373511,0.286424,0.386114,0.205833,1217
2.5042,494,enc,1,0,37.2600,-91.8503,37.2600,47.9216,-166.7196,80.00,88.12,42.7400,85.9271,1.000000,0.379911,0.286424,0.510280,0.205833,1215
2.5093,495,enc,1,1,36.9000,-85.8952,36.9000,44.8224,-166.6911,80.00,88.12,43.1000,85.9271,1.000000,0.383111,0.286424,0.477196,0.205833,1213
2.5144,496,enc,1,1,37.0800,-49.3267,37.0800,43.185,-166.67,80.00,88.12,42.9200,85.9271,1.000000,0.381511,0.286424,0.274037,0.205833,1211
2.5195,497,enc,1,1,36.0000,-99.3287,36.0000,41.7138,-166.6547,80.00,88.12,44.0000,85.9271,1.000000,0.391111,0.286424,0.551826,0.205833,1209
2.5245,498,enc,1,1,35.6400,-91.1301,35.6400,40.0278,-166.6365,80.00,88.12,44.3600,85.9271,1.000000,0.394311,0.286424,0.506278,0.205833,1207
2.5296,499,enc,1,0,35.4600,-74.5910,35.4600,40.0278,-166.6365,80.00,88.12,44.5400,85.9271,1.000000,0.395911,0.286424,0.414395,0.205833,1205
2.5346,500,enc,1,1,34.5600,-106.2137,34.5600,37.0676,-166.6059,80.00,88.12,45.4400,85.9271,1.000000,0.403911,0.286424,0.590076,0.205833,1203
2.5397,501,enc,1,0,34.3800,-85.1496,34.3800,37.0676,-166.6059,80.00,88.12,45.6200,85.9271,1.000000,0.405511,0.286424,0.473053,0.205833,1201
2.5448,502,enc,1,1,34.2000,-70.4047,34.2000,34.0057,-166.5565,80.00,88.12,45.8000,85.9271,1.000000,0.407111,0.286424,0.391137,0.205833,1199
2.5499,503,enc,1,1,33.6600,-81.6833,33.6600,32.446,-166.5232,80.00,88.12,46.3400,85.9271,1.000000,0.411911,0.286424,0.453796,0.205833,1197
2.5549,504,enc,1,1,33.4800,-67.9783,33.4800,30.8783,-166.4972,80.00,88.12,46.5200,85.9271,1.000000,0.413511,0.286424,0.377657,0.205833,1195
2.5600,505,enc,1,1,33.3000,-58.3848,33.3000,29.3956,-166.4687,80.00,88.12,46.7000,85.9271,1.000000,0.415111,0.286424,0.324360,0.205833,1193
2.5651,506,enc,1,1,33.1200,-51.6694,33.1200,27.9075,-166.4533,80.00,88.12,46.8800,85.9271,1.000000,0.416711,0.286424,0.287052,0.205833,1191
2.5702,507,enc,1,1,32.7600,-57.7686,32.7600,26.6019,-166.4493,80.00,88.12,47.2400,85.9271,1.000000,0.419911,0.286424,0.320936,0.205833,1189
2.5752,508,enc,1,0,32.5800,-51.2380,32.5800,26.6019,-166.4493,80.00,88.12,47.4200,85.9271,1.000000,0.421511,0.286424,0.284656,0.205833,1187
2.5803,509,enc,1,1,31.8600,-79.0666,31.8600,25.2291,-166.4496,80.00,88.12,48.1400,85.9271,1.000000,0.427911,0.286424,0.439259,0.205833,1185
2.5854,510,enc,1,1,31.5000,-76.9466,31.5000,22.3457,-166.3933,80.00,88.12,48.5000,85.9271,1.000000,0.431111,0.286424,0.427481,0.205833,1183
2.5904,511,enc,1,1,30.6000,-107.8626,30.6000,20.9847,-166.3578,80.00,88.12,49.4000,85.9271,1.000000,0.439111,0.286424,0.599237,0.205833,1181
2.5955,512,enc,1,1,30.4200,-86.3038,30.4200,19.6203,-166.3171,80.00,88.12,49.5800,85.9271,1.000000,0.440711,0.286424,0.479466,0.205833,1179
2.6006,513,enc,1,1,29.8800,-92.8127,29.8800,18.2418,-166.2736,80.00,88.12,50.1200,85.9271,1.000000,0.445511,0.286424,0.515626,0.205833,1177
2.6056,514,enc,1,1,28.8000,-129.7689,28.8000,16.989,-166.2357,80.00,88.12,51.2000,85.9271,1.000000,0.455111,0.286424,0.720938,0.205833,1175
2.6107,515,enc,1,1,28.4400,-112.4382,28.4400,15.653,-166.1774,80.00,88.12,51.5600,85.9271,1.000000,0.458311,0.286424,0.624657,0.205833,1173
2.6158,516,enc,1,1,27.1800,-154.3068,27.1800,14.2579,-166.0999,80.00,88.12,52.8200,85.9271,1.000000,0.469511,0.286424,0.857260,0.205833,1171
2.6209,517,enc,1,1,26.1000,-172.8147,26.1000,13.0991,-166.0375,80.00,88.12,53.9000,85.9271,1.000000,0.479111,0.286424,0.960082,0.205833,1169
2.6260,518,enc,1,1,25.5600,-153.3703,25.5600,11.87,-165.9525,80.00,88.12,54.4400,85.9271,1.000000,0.483911,0.286424,0.852057,0.205833,1167
2.6310,519,enc,1,0,25.0200,-139.7592,25.0200,11.87,-165.9525,80.00,88.12,54.9800,85.9271,1.000000,0.488711,0.286424,0.776440,0.205833,1165
2.6361,520,enc,1,1,24.4800,-130.2315,24.4800,9.5211,-165.7514,80.00,88.12,55.5200,85.9271,1.000000,0.493511,0.286424,0.723508,0.205833,1163
2.6412,521,enc,1,1,23.9400,-123.5620,23.9400,8.3777,-165.6265,80.00,88.12,56.0600,85.9271,1.000000,0.498311,0.286424,0.686456,0.205833,1161
2.6462,522,enc,1,1,23.7600,-97.2934,23.7600,7.2528,-165.471,80.00,88.12,56.2400,85.9271,1.000000,0.499911,0.286424,0.540519,0.205833,1159
2.6513,523,enc,1,1,23.2200,-100.5054,23.2200,6.1945,-165.2978,80.00,88.12,56.7800,85.9271,1.000000,0.504711,0.286424,0.558363,0.205833,1157
2.6564,524,enc,1,1,22.3200,-124.3538,22.3200,5.0409,-164.9853,80.00,88.12,57.6800,85.9271,1.000000,0.512711,0.286424,0.690854,0.205833,1155
2.6614,525,enc,1,1,21.4200,-141.0476,21.4200,4.0049,-164.6863,80.00,88.12,58.5800,85.9271,1.000000,0.520711,0.286424,0.783598,0.205833,1153
2.6665,526,enc,1,1,21.0600,-120.3333,21.0600,3.2371,-164.3625,80.00,88.12,58.9400,85.9271,1.000000,0.523911,0.286424,0.668519,0.205833,1151
2.6716,527,enc,1,1,20.3400,-127.4333,20.3400,2.297,-163.7432,80.00,88.12,59.6600,85.9271,1.000000,0.530311,0.286424,0.707963,0.205833,1149
2.6767,528,enc,1,1,19.6200,-132.4033,19.6200,1.3966,-162.986,80.00,88.12,60.3800,85.9271,1.000000,0.536711,0.286424,0.735574,0.205833,1147
2.6817,529,enc,1,1,19.0800,-125.0823,19.0800,0.5993,-161.6464,80.00,88.12,60.9200,85.9271,1.000000,0.541511,0.286424,0.694902,0.205833,1145
2.6868,530,enc,1,1,18.3600,-130.7576,18.3600,-0.2049,-159.2454,80.00,88.12,61.6400,85.9271,1.000000,0.547911,0.286424,0.726431,0.205833,1143
2.6919,531,enc,1,1,17.6400,-134.7303,17.6400,-0.7417,-153.7476,80.00,88.12,62.3600,85.9271,1.000000,0.554311,0.286424,0.748502,0.205833,1141
2.6969,532,enc,1,1,17.1000,-126.7112,17.1000,-1.3175,-122.0253,80.00,88.12,62.9000,85.9271,1.000000,0.559111,0.286424,0.703951,0.205833,1139
2.7020,533,enc,1,1,16.3800,-131.8979,16.3800,-1.8782,-14.7354,80.00,88.12,63.6200,85.9271,1.000000,0.565511,0.286424,0.732766,0.205833,1137
2.7071,534,enc,1,1,15.8400,-124.7285,15.8400,-0.9693,1.6829,80.00,88.12,64.1600,85.9271,1.000000,0.570311,0.286424,0.692936,0.205833,1135
2.7121,535,enc,1,1,15.4800,-108.9100,15.4800,-0.2678,5.2885,80.00,88.12,64.5200,85.9271,1.000000,0.573511,0.286424,0.605055,0.205833,1133
2.7172,536,enc,1,1,14.9400,-108.6370,14.9400,0.1489,7.4014,80.00,88.12,65.0600,85.9271,1.000000,0.578311,0.286424,0.603539,0.205833,1131
2.7223,537,enc,1,1,14.5800,-97.6459,14.5800,0.5989,8.2405,80.00,88.12,65.4200,85.9271,1.000000,0.581511,0.286424,0.542477,0.205833,1129
2.7274,538,enc,1,1,14.4000,-79.1521,14.4000,0.9036,8.9475,80.00,88.12,65.6000,85.9271,1.000000,0.583111,0.286424,0.439734,0.205833,1127
2.7324,539,enc,1,1,14.0400,-77.0065,14.0400,1.2408,9.4901,80.00,88.12,65.9600,85.9271,1.000000,0.586311,0.286424,0.427814,0.205833,1125
2.7375,540,enc,1,0,13.8600,-64.7045,13.8600,1.2408,9.4901,80.00,88.12,66.1400,85.9271,1.000000,0.587911,0.286424,0.359470,0.205833,1123
2.7426,541,enc,1,1,13.8600,-45.2932,13.8600,1.5474,9.7653,80.00,88.12,66.1400,85.9271,1.000000,0.587911,0.286424,0.251629,0.205833,1121
2.7476,542,enc,1,1,13.6800,-42.5052,13.6800,2.0035,10.1648,80.00,88.12,66.3200,85.9271,1.000000,0.589511,0.286424,0.236140,0.205833,1119
2.7527,543,enc,1,0,13.6800,-29.7537,13.6800,2.0035,10.1648,80.00,88.12,66.3200,85.9271,1.000000,0.589511,0.286424,0.165298,0.205833,1117
2.7578,544,enc,1,1,13.8600,-10.0276,13.8600,2.0181,10.2542,80.00,88.12,66.1400,85.9271,1.000000,0.587911,0.286424,0.055709,0.205833,1115
2.7628,545,enc,1,1,14.0400,3.7807,14.0400,1.9272,10.2358,80.00,88.12,65.9600,85.9271,1.000000,0.586311,0.286424,-0.021004,0.205833,1113
2.7679,546,enc,1,1,14.0400,2.6465,14.0400,1.8824,10.1944,80.00,88.12,65.9600,85.9271,1.000000,0.586311,0.286424,-0.014703,0.205833,1111
2.7730,547,enc,1,1,14.4000,23.4525,14.4000,1.7388,10.0504,80.00,88.12,65.6000,86.2551,0.946169,0.583111,0.287517,-0.130292,0.205833,1113
2.7781,548,enc,1,1,14.5800,27.2168,14.5800,1.4611,9.841,80.00,88.12,65.4200,86.5822,0.924747,0.581511,0.288607,-0.151204,0.205833,1115
2.7831,549,enc,1,1,14.9400,40.6517,14.9400,1.2407,9.6655,80.00,88.12,65.0600,86.9075,0.847992,0.578311,0.289692,-0.225843,0.205833,1117
2.7882,550,enc,1,1,15.4800,60.8562,15.4800,0.9862,9.302,80.00,88.12,64.5200,87.2301,0.732021,0.573511,0.290767,-0.338090,0.205833,1119
2.7933,551,enc,1,1,15.8400,64.1994,15.8400,0.1036,7.6154,80.00,88.12,64.1600,87.5509,0.711317,0.570311,0.291836,-0.356663,0.205833,1121
2.7983,552,enc,1,0,16.5600,88.1395,16.5600,0.1036,7.6154,80.00,88.12,63.4400,87.8681,0.572973,0.563911,0.292894,-0.489664,0.205833,1123
2.8034,553,enc,1,1,16.7400,72.4977,16.7400,-1.0377,1.5676,80.00,88.12,63.2600,88.1844,0.659327,0.562311,0.293948,-0.402765,0.205833,1125
2.8085,554,enc,1,0,17.2800,83.1484,17.2800,-1.0377,1.5676,80.00,88.12,62.7200,88.4980,0.596402,0.557511,0.294993,-0.461935,0.205833,1127
2.8136,555,enc,1,1,18.0000,101.4039,18.0000,-1.8782,-142.1922,80.00,88.12,62.0000,88.8080,0.489616,0.551111,0.296027,-0.563355,0.205833,1129
2.8186,556,enc,1,0,18.9000,124.9827,18.9000,-1.8782,-142.1922,80.00,88.12,61.1000,89.1135,0.351640,0.543111,0.297045,-0.694348,0.205833,1131
2.8237,557,enc,1,1,19.8000,141.4879,19.8000,0.0734,-161.1507,80.00,88.12,60.2000,89.4145,0.252948,0.535111,0.298048,-0.786044,0.205833,1133
2.8288,558,enc,1,1,20.3400,131.4415,20.3400,0.842,-162.9089,80.00,88.12,59.6600,89.7128,0.304956,0.530311,0.299043,-0.730231,0.205833,1135
2.8339,559,enc,1,0,21.2400,146.0091,21.2400,0.842,-162.9089,80.00,88.12,58.7600,90.0066,0.217004,0.522311,0.300022,-0.811161,0.205833,1137
2.8389,560,enc,1,1,21.7800,134.6063,21.7800,2.8224,-164.6843,80.00,88.12,58.2200,90.2977,0.276523,0.517511,0.300992,-0.747813,0.205833,1139
2.8440,561,enc,1,1,22.1400,115.8244,22.1400,3.8881,-165.0681,80.00,88.12,57.8600,90.5870,0.378631,0.514311,0.301957,-0.643469,0.205833,1141
2.8491,562,enc,1,1,22.8600,124.2771,22.8600,4.8874,-165.3593,80.00,88.12,57.1400,90.8727,0.326224,0.507911,0.302909,-0.690428,0.205833,1143
2.8541,563,enc,1,1,23.4000,119.3940,23.4000,6.0581,-165.5953,80.00,88.12,56.6000,91.1557,0.349496,0.503111,0.303852,-0.663300,0.205833,1145
2.8592,564,enc,1,1,24.1200,126.7758,24.1200,7.2368,-165.7705,80.00,88.12,55.8800,91.4351,0.303017,0.496711,0.304784,-0.704310,0.205833,1147
2.8643,565,enc,1,1,25.0200,142.7430,25.0200,8.5162,-165.8832,80.00,88.12,54.9800,91.7100,0.207227,0.488711,0.305700,-0.793017,0.205833,1149
2.8694,566,enc,1,1,25.7400,143.1201,25.7400,9.7232,-166.0239,80.00,88.12,54.2600,91.9813,0.199636,0.482311,0.306604,-0.795112,0.205833,1151
2.8744,567,enc,1,1,26.2800,132.5841,26.2800,11.1322,-166.1299,80.00,88.12,53.7200,92.2499,0.254265,0.477511,0.307500,-0.736578,0.205833,1153
2.8795,568,enc,1,1,26.8200,125.2089,26.8200,12.7061,-166.2425,80.00,88.12,53.1800,92.5158,0.291325,0.472711,0.308386,-0.695605,0.205833,1155
2.8846,569,enc,1,1,27.1800,109.2462,27.1800,14.1661,-166.322,80.00,88.12,52.8200,92.7799,0.377687,0.469511,0.309266,-0.606923,0.205833,1157
2.8896,570,enc,1,1,28.2600,141.2723,28.2600,15.7815,-166.3854,80.00,88.12,51.7400,93.0386,0.191026,0.459911,0.310129,-0.784846,0.205833,1159
2.8947,571,enc,1,0,28.9800,142.0906,28.9800,15.7815,-166.3854,80.00,88.12,51.0200,93.2937,0.180930,0.453511,0.310979,-0.789392,0.205833,1161
2.8998,572,enc,1,1,29.3400,121.0634,29.3400,17.2007,-166.4412,80.00,88.12,50.6600,93.5470,0.295392,0.450311,0.311823,-0.672575,0.205833,1163
2.9048,573,enc,1,1,29.3400,84.7444,29.3400,20.3674,-166.5386,80.00,88.12,50.6600,93.8003,0.498009,0.450311,0.312668,-0.470802,0.205833,1165
2.9099,574,enc,1,1,29.5200,70.1211,29.5200,22.0997,-166.5772,80.00,88.12,50.4800,94.0527,0.578491,0.448711,0.313509,-0.389562,0.205833,1167
2.9150,575,enc,1,1,30.0600,81.4848,30.0600,23.8205,-166.6097,80.00,88.12,49.9400,94.3024,0.511392,0.443911,0.314341,-0.452693,0.205833,1169
2.9201,576,enc,1,1,30.6000,89.4393,30.6000,25.7513,-166.653,80.00,88.12,49.4000,94.5494,0.463223,0.439111,0.315165,-0.496885,0.205833,1171
2.9251,577,enc,1,1,30.9600,84.2075,30.9600,27.4079,-166.6912,80.00,88.12,49.0400,94.7946,0.489906,0.435911,0.315982,-0.467820,0.205833,1173
2.9302,578,enc,1,1,31.3200,80.5453,31.3200,29.1871,-166.7252,80.00,88.12,48.6800,95.0380,0.507863,0.432711,0.316793,-0.447474,0.205833,1175
2.9353,579,enc,1,1,32.0400,99.5817,32.0400,31.2857,-166.7487,80.00,88.12,47.9600,95.2778,0.396505,0.426311,0.317593,-0.553232,0.205833,1177
2.9403,580,enc,1,1,32.5800,102.1072,32.5800,32.9745,-166.7694,80.00,88.12,47.4200,95.5149,0.378465,0.421511,0.318383,-0.567262,0.205833,1179
2.9454,581,enc,1,1,33.1200,103.8750,33.1200,34.9167,-166.804,80.00,88.12,46.8800,95.7493,0.364624,0.416711,0.319164,-0.577083,0.205833,1181
2.9505,582,enc,1,0,32.9400,61.9125,32.9400,34.9167,-166.804,80.00,88.12,47.0600,95.9846,0.600134,0.418311,0.319949,-0.343958,0.205833,1183
2.9556,583,enc,1,1,32.9400,43.3388,32.9400,38.6954,-166.8527,80.00,88.12,47.0600,96.2199,0.704106,0.418311,0.320733,-0.240771,0.205833,1185
2.9606,584,enc,1,0,33.3000,51.9371,33.3000,38.6954,-166.8527,80.00,88.12,46.7000,96.4534,0.653915,0.415111,0.321511,-0.288540,0.205833,1187
2.9657,585,enc,1,1,33.3000,36.3560,33.3000,42.5608,-166.8722,80.00,88.12,46.7000,96.6869,0.741256,0.415111,0.322290,-0.201978,0.205833,1189
2.9708,586,enc,1,1,32.9400,3.8492,32.9400,44.6271,-166.8872,80.00,88.12,47.0600,96.9222,0.925833,0.418311,0.323074,-0.021384,0.205833,1187
2.9758,587,enc,1,1,33.1200,13.4944,33.1200,46.6214,-166.9074,80.00,88.12,46.8800,97.1566,0.871430,0.416711,0.323855,-0.074969,0.205833,1185
2.9809,588,enc,1,1,33.8400,52.6461,33.8400,48.8891,-166.9384,80.00,88.12,46.1600,97.3874,0.648290,0.410311,0.324625,-0.292478,0.205833,1187
2.9860,589,enc,1,1,34.0200,47.6523,34.0200,50.7452,-166.9544,80.00,88.12,45.9800,97.6173,0.675200,0.408711,0.325391,-0.264735,0.205833,1189
